####
#
# OBJ File Generated by Meshlab
#
####
# Object table-2.STL.obj
#
# Vertices: 4873
# Faces: 9916
#
####
vn 3.034543 -0.000001 2.617987
v -0.352692 0.067654 0.534603
vn 3.034544 -0.000001 3.665198
v -0.352692 0.067654 0.550603
vn 2.627993 1.517277 2.617997
v -0.352156 0.065654 0.534603
vn 2.627993 1.517277 3.665189
v -0.352156 0.065654 0.550603
vn 1.517272 2.627994 2.617993
v -0.350692 0.064190 0.534603
vn 1.517272 2.627994 3.665192
v -0.350692 0.064190 0.550603
vn -0.000006 3.034545 2.617992
v -0.348692 0.063654 0.534603
vn -0.000006 3.034545 3.665194
v -0.348692 0.063654 0.550603
vn -1.517266 2.628004 2.618007
v -0.346692 0.064190 0.534603
vn -1.517266 2.628004 3.665179
v -0.346692 0.064190 0.550603
vn -2.627987 1.517268 2.617972
v -0.345228 0.065654 0.534603
vn -2.627986 1.517267 3.665212
v -0.345228 0.065654 0.550603
vn -3.034554 -0.000002 2.618015
v -0.344692 0.067654 0.534603
vn -3.034554 -0.000001 3.665170
v -0.344692 0.067654 0.550603
vn 1.517267 2.627979 3.665198
v -0.350442 0.064623 0.534603
vn -0.000003 3.034534 3.665188
v -0.348692 0.064154 0.534603
vn -1.517267 2.627981 3.665194
v -0.346942 0.064623 0.534603
vn -2.627984 1.517265 3.665190
v -0.345661 0.065904 0.534603
vn -3.034534 0.000003 3.665190
v -0.345192 0.067654 0.534603
vn -2.627988 -1.517259 3.665189
v -0.345661 0.069404 0.534603
vn -2.627989 -1.517266 2.617976
v -0.345228 0.069654 0.534603
vn -1.517273 -2.627977 3.665194
v -0.346942 0.070685 0.534603
vn -1.517269 -2.628001 2.618005
v -0.346692 0.071118 0.534603
vn -0.000010 -3.034534 3.665188
v -0.348692 0.071154 0.534603
vn -0.000006 -3.034545 2.617992
v -0.348692 0.071654 0.534603
vn 1.517261 -2.627982 3.665198
v -0.350442 0.070685 0.534603
vn 1.517275 -2.627991 2.617990
v -0.350692 0.071118 0.534603
vn 2.627984 -1.517265 3.665190
v -0.351723 0.069404 0.534603
vn 2.627995 -1.517276 2.618000
v -0.352156 0.069654 0.534603
vn 3.034533 -0.000003 3.665190
v -0.352192 0.067654 0.534603
vn 2.627988 1.517259 3.665189
v -0.351723 0.065904 0.534603
vn -3.034555 -0.000001 -2.618015
v -0.344692 0.067654 0.026853
vn -3.034554 -0.000001 -3.665170
v -0.344692 0.067654 0.010853
vn -2.627987 1.517267 -2.617972
v -0.345228 0.065654 0.026853
vn -2.627987 1.517267 -3.665213
v -0.345228 0.065654 0.010853
vn -1.517266 2.628004 -2.618007
v -0.346692 0.064190 0.026853
vn -1.517266 2.628004 -3.665178
v -0.346692 0.064190 0.010853
vn -0.000006 3.034545 -2.617992
v -0.348692 0.063654 0.026853
vn -0.000006 3.034545 -3.665194
v -0.348692 0.063654 0.010853
vn 1.517272 2.627994 -2.617993
v -0.350692 0.064190 0.026853
vn 1.517272 2.627994 -3.665192
v -0.350692 0.064190 0.010853
vn 2.627993 1.517277 -2.617997
v -0.352156 0.065654 0.026853
vn 2.627992 1.517277 -3.665189
v -0.352156 0.065654 0.010853
vn 3.034543 -0.000001 -2.617987
v -0.352692 0.067654 0.026853
vn 3.034543 -0.000001 -3.665198
v -0.352692 0.067654 0.010853
vn 3.034533 0.000003 -3.665191
v -0.352192 0.067654 0.026853
vn 2.627988 -1.517259 -3.665189
v -0.351723 0.069404 0.026853
vn 2.627995 -1.517275 -2.618000
v -0.352156 0.069654 0.026853
vn 1.517267 -2.627979 -3.665198
v -0.350442 0.070685 0.026853
vn 1.517275 -2.627991 -2.617991
v -0.350692 0.071118 0.026853
vn -0.000003 -3.034534 -3.665188
v -0.348692 0.071154 0.026853
vn -0.000006 -3.034545 -2.617992
v -0.348692 0.071654 0.026853
vn -1.517267 -2.627981 -3.665194
v -0.346942 0.070685 0.026853
vn -1.517269 -2.628001 -2.618004
v -0.346692 0.071118 0.026853
vn -2.627984 -1.517265 -3.665190
v -0.345661 0.069404 0.026853
vn -2.627989 -1.517266 -2.617976
v -0.345228 0.069654 0.026853
vn -3.034533 -0.000003 -3.665190
v -0.345192 0.067654 0.026853
vn -2.627988 1.517259 -3.665189
v -0.345661 0.065904 0.026853
vn -1.517273 2.627977 -3.665195
v -0.346942 0.064623 0.026853
vn -0.000010 3.034534 -3.665188
v -0.348692 0.064154 0.026853
vn 1.517261 2.627982 -3.665198
v -0.350442 0.064623 0.026853
vn 2.627984 1.517265 -3.665190
v -0.351723 0.065904 0.026853
vn 2.681518 -1.110724 3.926992
v -0.336592 0.050554 0.550603
vn 3.111287 0.306494 3.337980
v -0.336592 0.049904 0.550603
vn 2.681457 -1.110722 -3.926992
v -0.336592 0.050554 0.010853
vn 3.111399 0.306505 -3.337980
v -0.336592 0.049904 0.010853
vn 2.681516 -1.110722 2.356193
v -0.334942 0.052204 0.550603
vn 2.681518 -1.110724 -2.356193
v -0.334942 0.052204 0.010853
vn 3.111399 -0.306505 3.337980
v -0.334942 0.053154 0.550603
vn 3.111346 -0.306494 -3.337980
v -0.334942 0.053154 0.010853
vn 2.846638 -1.179153 3.534232
v -0.334885 0.053441 0.550603
vn 2.846646 -1.179134 -3.534232
v -0.334885 0.053441 0.010853
vn 2.178758 -2.178681 3.534293
v -0.334722 0.053684 0.550603
vn 2.178773 -2.178666 -3.534293
v -0.334722 0.053684 0.010853
vn 1.179116 -2.846624 3.534322
v -0.334479 0.053847 0.550603
vn 1.179135 -2.846616 -3.534322
v -0.334479 0.053847 0.010853
vn 0.306421 -3.111361 3.337932
v -0.334192 0.053904 0.550603
vn 0.306432 -3.111413 -3.337932
v -0.334192 0.053904 0.010853
vn 1.110732 -2.681510 2.356186
v -0.333242 0.053904 0.550603
vn 1.110730 -2.681509 -2.356186
v -0.333242 0.053904 0.010853
vn 1.110730 -2.681449 3.926999
v -0.331592 0.055554 0.550603
vn 1.110732 -2.681510 -3.926999
v -0.331592 0.055554 0.010853
vn -0.306462 -3.111407 3.337952
v -0.330942 0.055554 0.550603
vn -0.306452 -3.111295 -3.337952
v -0.330942 0.055554 0.010853
vn -1.179092 -2.846659 3.534245
v -0.330655 0.055497 0.550603
vn -1.179073 -2.846667 -3.534245
v -0.330655 0.055497 0.010853
vn -2.178699 -2.178715 3.534350
v -0.330412 0.055334 0.550603
vn -2.178684 -2.178730 -3.534350
v -0.330412 0.055334 0.010853
vn -2.846647 -1.179130 3.534235
v -0.330249 0.055091 0.550603
vn -2.846639 -1.179149 -3.534235
v -0.330249 0.055091 0.010853
vn -3.111343 -0.306490 3.337977
v -0.330192 0.054804 0.550603
vn -3.111400 -0.306501 -3.337977
v -0.330192 0.054804 0.010853
vn -3.088056 0.406601 3.403425
v -0.330192 0.050154 0.550603
vn -3.088008 0.406589 -3.403425
v -0.330192 0.050154 0.010853
vn -2.627931 1.517316 3.665164
v -0.330326 0.049654 0.550603
vn -2.627943 1.517295 -3.665164
v -0.330326 0.049654 0.010853
vn -1.517234 2.627967 3.665187
v -0.330692 0.049288 0.550603
vn -1.517255 2.627955 -3.665187
v -0.330692 0.049288 0.010853
vn -0.406539 3.088022 3.403392
v -0.331192 0.049154 0.550603
vn -0.406551 3.088069 -3.403392
v -0.331192 0.049154 0.010853
vn 0.306462 3.111407 3.337952
v -0.335842 0.049154 0.550603
vn 0.306452 3.111351 -3.337952
v -0.335842 0.049154 0.010853
vn 1.179092 2.846659 3.534245
v -0.336129 0.049211 0.550603
vn 1.179073 2.846667 -3.534245
v -0.336129 0.049211 0.010853
vn 2.178699 2.178715 3.534350
v -0.336372 0.049373 0.550603
vn 2.178684 2.178730 -3.534350
v -0.336372 0.049373 0.010853
vn 2.846646 1.179134 3.534232
v -0.336535 0.049617 0.550603
vn 2.846638 1.179153 -3.534232
v -0.336535 0.049617 0.010853
vn 3.111399 -0.306505 3.337980
v -0.336592 0.085404 0.550603
vn 3.111287 -0.306494 -3.337979
v -0.336592 0.085404 0.010853
vn 2.846632 -1.179162 3.534239
v -0.336535 0.085691 0.550603
vn 2.846640 -1.179143 -3.534239
v -0.336535 0.085691 0.010853
vn 2.178678 -2.178739 3.534343
v -0.336372 0.085934 0.550603
vn 2.178693 -2.178724 -3.534343
v -0.336372 0.085934 0.010853
vn 1.179092 -2.846663 3.534233
v -0.336129 0.086097 0.550603
vn 1.179111 -2.846655 -3.534233
v -0.336129 0.086097 0.010853
vn 0.306471 -3.111346 3.337965
v -0.335842 0.086154 0.550603
vn 0.306482 -3.111403 -3.337965
v -0.335842 0.086154 0.010853
vn -0.406562 -3.088067 3.403399
v -0.331192 0.086154 0.550603
vn -0.406550 -3.088019 -3.403399
v -0.331192 0.086154 0.010853
vn -1.517259 -2.627958 3.665174
v -0.330692 0.086020 0.550603
vn -1.517239 -2.627970 -3.665174
v -0.330692 0.086020 0.010853
vn -2.627937 -1.517298 3.665171
v -0.330326 0.085654 0.550603
vn -2.627926 -1.517319 -3.665171
v -0.330326 0.085654 0.010853
vn -3.088009 -0.406587 3.403423
v -0.330192 0.085154 0.550603
vn -3.088057 -0.406598 -3.403423
v -0.330192 0.085154 0.010853
vn -3.111399 0.306505 3.337980
v -0.330192 0.080504 0.550603
vn -3.111342 0.306494 -3.337980
v -0.330192 0.080504 0.010853
vn -2.846644 1.179144 3.534225
v -0.330249 0.080217 0.550603
vn -2.846653 1.179124 -3.534225
v -0.330249 0.080217 0.010853
vn -2.178690 2.178721 3.534357
v -0.330412 0.079973 0.550603
vn -2.178705 2.178706 -3.534357
v -0.330412 0.079973 0.010853
vn -1.179092 2.846663 3.534233
v -0.330655 0.079811 0.550603
vn -1.179111 2.846655 -3.534233
v -0.330655 0.079811 0.010853
vn -0.306471 3.111291 3.337965
v -0.330942 0.079754 0.550603
vn -0.306482 3.111403 -3.337965
v -0.330942 0.079754 0.010853
vn 1.110733 2.681509 3.927001
v -0.331592 0.079754 0.550603
vn 1.110731 2.681448 -3.927000
v -0.331592 0.079754 0.010853
vn 1.110731 2.681508 2.356185
v -0.333242 0.081404 0.550603
vn 1.110733 2.681509 -2.356185
v -0.333242 0.081404 0.010853
vn 0.306413 3.111417 3.337920
v -0.334192 0.081404 0.550603
vn 0.306402 3.111364 -3.337920
v -0.334192 0.081404 0.010853
vn 1.179116 2.846620 3.534334
v -0.334479 0.081461 0.550603
vn 1.179097 2.846628 -3.534334
v -0.334479 0.081461 0.010853
vn 2.178779 2.178657 3.534300
v -0.334722 0.081623 0.550603
vn 2.178764 2.178672 -3.534301
v -0.334722 0.081623 0.010853
vn 2.846653 1.179124 3.534225
v -0.334885 0.081867 0.550603
vn 2.846644 1.179144 -3.534225
v -0.334885 0.081867 0.010853
vn 3.111346 0.306494 3.337980
v -0.334942 0.082154 0.550603
vn 3.111399 0.306505 -3.337980
v -0.334942 0.082154 0.010853
vn 2.681517 1.110725 2.356192
v -0.334942 0.083104 0.550603
vn 2.681515 1.110723 -2.356192
v -0.334942 0.083104 0.010853
vn 2.681455 1.110723 3.926993
v -0.336592 0.084754 0.550603
vn 2.681517 1.110725 -3.926993
v -0.336592 0.084754 0.010853
vn -0.306451 -3.111410 3.337945
v -0.361542 0.086154 0.550603
vn 0.406550 -3.088019 3.403399
v -0.366192 0.086154 0.550603
vn -0.306440 -3.111353 -3.337945
v -0.361542 0.086154 0.010853
vn 0.406562 -3.088067 -3.403399
v -0.366192 0.086154 0.010853
vn -1.179155 -2.846612 3.534310
v -0.361255 0.086097 0.550603
vn -1.179135 -2.846620 -3.534310
v -0.361255 0.086097 0.010853
vn -2.178767 -2.178675 3.534286
v -0.361012 0.085934 0.550603
vn -2.178752 -2.178690 -3.534286
v -0.361012 0.085934 0.010853
vn -2.846640 -1.179143 3.534239
v -0.360849 0.085691 0.550603
vn -2.846632 -1.179162 -3.534239
v -0.360849 0.085691 0.010853
vn -3.111287 -0.306494 3.337979
v -0.360792 0.085404 0.550603
vn -3.111399 -0.306505 -3.337979
v -0.360792 0.085404 0.010853
vn -2.681517 1.110725 3.926993
v -0.360792 0.084754 0.550603
vn -2.681456 1.110723 -3.926993
v -0.360792 0.084754 0.010853
vn -2.681515 1.110723 2.356192
v -0.362442 0.083104 0.550603
vn -2.681517 1.110725 -2.356192
v -0.362442 0.083104 0.010853
vn -3.111430 0.306351 3.337880
v -0.362442 0.082154 0.550603
vn -3.111377 0.306340 -3.337880
v -0.362442 0.082154 0.010853
vn -2.846601 1.179101 3.534410
v -0.362499 0.081867 0.550603
vn -2.846609 1.179081 -3.534410
v -0.362499 0.081867 0.010853
vn -2.178690 2.178782 3.534216
v -0.362662 0.081623 0.550603
vn -2.178705 2.178767 -3.534216
v -0.362662 0.081623 0.010853
vn -1.179097 2.846628 3.534334
v -0.362905 0.081461 0.550603
vn -1.179116 2.846620 -3.534335
v -0.362905 0.081461 0.010853
vn -0.306402 3.111364 3.337920
v -0.363192 0.081404 0.550603
vn -0.306413 3.111417 -3.337920
v -0.363192 0.081404 0.010853
vn -1.110723 2.681519 2.356194
v -0.364142 0.081404 0.550603
vn -1.110721 2.681518 -2.356194
v -0.364142 0.081404 0.010853
vn -1.110721 2.681458 3.926992
v -0.365792 0.079754 0.550603
vn -1.110723 2.681519 -3.926992
v -0.365792 0.079754 0.010853
vn 0.306482 3.111403 3.337965
v -0.366442 0.079754 0.550603
vn 0.306471 3.111291 -3.337965
v -0.366442 0.079754 0.010853
vn 1.179185 2.846606 3.534290
v -0.366729 0.079811 0.550603
vn 1.179166 2.846614 -3.534290
v -0.366729 0.079811 0.010853
vn 2.178705 2.178767 3.534216
v -0.366972 0.079973 0.550603
vn 2.178690 2.178782 -3.534216
v -0.366972 0.079973 0.010853
vn 2.846609 1.179081 3.534410
v -0.367135 0.080217 0.550603
vn 2.846601 1.179101 -3.534410
v -0.367135 0.080217 0.010853
vn 3.111373 0.306340 3.337880
v -0.367192 0.080504 0.550603
vn 3.111430 0.306351 -3.337880
v -0.367192 0.080504 0.010853
vn 3.088079 -0.406514 3.403367
v -0.367192 0.085154 0.550603
vn 3.088031 -0.406502 -3.403367
v -0.367192 0.085154 0.010853
vn 2.627948 -1.517234 3.665227
v -0.367058 0.085654 0.550603
vn 2.627960 -1.517214 -3.665227
v -0.367058 0.085654 0.010853
vn 1.517239 -2.627970 3.665174
v -0.366692 0.086020 0.550603
vn 1.517259 -2.627958 -3.665174
v -0.366692 0.086020 0.010853
vn 3.111430 -0.306347 3.337877
v -0.367192 0.054804 0.550603
vn 3.088031 0.406505 3.403369
v -0.367192 0.050154 0.550603
vn 3.111373 -0.306337 -3.337877
v -0.367192 0.054804 0.010853
vn 3.088078 0.406517 -3.403369
v -0.367192 0.050154 0.010853
vn 2.846596 -1.179106 3.534419
v -0.367135 0.055091 0.550603
vn 2.846604 -1.179087 -3.534419
v -0.367135 0.055091 0.010853
vn 2.178684 -2.178791 3.534209
v -0.366972 0.055334 0.550603
vn 2.178699 -2.178777 -3.534209
v -0.366972 0.055334 0.010853
vn 1.179147 -2.846618 3.534302
v -0.366729 0.055497 0.550603
vn 1.179166 -2.846610 -3.534302
v -0.366729 0.055497 0.010853
vn 0.306452 -3.111295 3.337952
v -0.366442 0.055554 0.550603
vn 0.306462 -3.111407 -3.337952
v -0.366442 0.055554 0.010853
vn -1.110722 -2.681521 3.926990
v -0.365792 0.055554 0.550603
vn -1.110720 -2.681459 -3.926990
v -0.365792 0.055554 0.010853
vn -1.110720 -2.681519 2.356196
v -0.364142 0.053904 0.550603
vn -1.110722 -2.681520 -2.356196
v -0.364142 0.053904 0.010853
vn -0.306432 -3.111413 3.337932
v -0.363192 0.053904 0.550603
vn -0.306421 -3.111361 -3.337932
v -0.363192 0.053904 0.010853
vn -1.179135 -2.846616 3.534322
v -0.362905 0.053847 0.550603
vn -1.179116 -2.846624 -3.534322
v -0.362905 0.053847 0.010853
vn -2.178699 -2.178777 3.534209
v -0.362662 0.053684 0.550603
vn -2.178684 -2.178791 -3.534209
v -0.362662 0.053684 0.010853
vn -2.846603 -1.179090 3.534417
v -0.362499 0.053441 0.550603
vn -2.846595 -1.179110 -3.534417
v -0.362499 0.053441 0.010853
vn -3.111377 -0.306340 3.337880
v -0.362442 0.053154 0.550603
vn -3.111430 -0.306351 -3.337880
v -0.362442 0.053154 0.010853
vn -2.681518 -1.110724 2.356193
v -0.362442 0.052204 0.550603
vn -2.681516 -1.110722 -2.356193
v -0.362442 0.052204 0.010853
vn -2.681457 -1.110722 3.926992
v -0.360792 0.050554 0.550603
vn -2.681518 -1.110724 -3.926994
v -0.360792 0.050554 0.010853
vn -3.111399 0.306505 3.337980
v -0.360792 0.049904 0.550603
vn -3.111287 0.306494 -3.337980
v -0.360792 0.049904 0.010853
vn -2.846638 1.179153 3.534232
v -0.360849 0.049617 0.550603
vn -2.846646 1.179134 -3.534232
v -0.360849 0.049617 0.010853
vn -2.178758 2.178681 3.534294
v -0.361012 0.049373 0.550603
vn -2.178773 2.178666 -3.534294
v -0.361012 0.049373 0.010853
vn -1.179116 2.846624 3.534322
v -0.361255 0.049211 0.550603
vn -1.179135 2.846616 -3.534322
v -0.361255 0.049211 0.010853
vn -0.306421 3.111356 3.337932
v -0.361542 0.049154 0.550603
vn -0.306432 3.111413 -3.337932
v -0.361542 0.049154 0.010853
vn 0.406551 3.088069 3.403392
v -0.366192 0.049154 0.550603
vn 0.406539 3.088021 -3.403392
v -0.366192 0.049154 0.010853
vn 1.517255 2.627955 3.665187
v -0.366692 0.049288 0.550603
vn 1.517234 2.627967 -3.665187
v -0.366692 0.049288 0.010853
vn 2.627965 1.517211 3.665220
v -0.367058 0.049654 0.550603
vn 2.627954 1.517231 -3.665220
v -0.367058 0.049654 0.010853
vn 0.000000 -3.141596 -3.141593
v -0.340642 0.083154 0.010853
vn -1.570789 -1.570773 -1.570796
v -0.341692 0.083154 0.010853
vn -1.570796 1.570796 -1.570796
v -0.341692 0.087654 0.010853
vn -1.570796 -1.570796 -1.570796
v -0.368692 0.047654 0.010853
vn -1.570796 1.570789 -1.570799
v -0.368692 0.060654 0.010853
vn -1.110719 2.681518 -3.926989
v -0.362512 0.055954 0.010853
vn -2.931148 0.785398 -3.665191
v -0.354692 0.065654 0.010853
vn 1.570789 1.570796 -1.570796
v -0.364192 0.060654 0.010853
vn 1.570796 1.570810 -4.712389
v -0.364192 0.055954 0.010853
vn 1.570796 -1.570796 -1.570801
v -0.355692 0.047654 0.010853
vn 0.785397 -2.931150 -3.665190
v -0.350692 0.061654 0.010853
vn -0.785395 -2.931150 -3.665189
v -0.346692 0.061654 0.010853
vn 1.896117 -2.471069 -3.403395
v -0.355140 0.059086 0.010853
vn 2.681533 -1.110719 -3.926989
v -0.360392 0.053834 0.010853
vn 1.570796 1.570789 -4.712389
v -0.360392 0.052154 0.010853
vn 1.570789 1.570796 -1.570796
v -0.355692 0.052154 0.010853
vn -2.471071 1.896122 -3.403393
v -0.357260 0.061206 0.010853
vn -1.517269 -2.628001 -3.665181
v -0.346692 0.071118 0.010853
vn 2.720709 -1.570785 -3.141579
v -0.340642 0.073204 0.010853
vn -2.627989 -1.517266 -3.665209
v -0.345228 0.069654 0.010853
vn 2.931147 -0.785401 -3.665194
v -0.342692 0.069654 0.010853
vn 2.931144 0.785402 -3.665195
v -0.342692 0.065654 0.010853
vn -0.000006 -3.034545 -3.665194
v -0.348692 0.071654 0.010853
vn 1.517275 -2.627991 -3.665195
v -0.350692 0.071118 0.010853
vn 0.785399 2.931148 -3.665192
v -0.350692 0.073654 0.010853
vn 1.570790 2.720706 -3.141586
v -0.354243 0.075704 0.010853
vn 2.627995 -1.517276 -3.665185
v -0.352156 0.069654 0.010853
vn -2.471071 -1.896118 -3.403393
v -0.357260 0.074102 0.010853
vn -2.931149 -0.785399 -3.665191
v -0.354692 0.069654 0.010853
vn 1.570796 -1.570796 -1.570795
v -0.328692 0.047654 0.010853
vn -1.570789 1.570796 -4.712390
v -0.333192 0.055954 0.010853
vn -1.570796 1.570789 -1.570796
v -0.333192 0.060654 0.010853
vn 1.570796 1.570796 -1.570799
v -0.328692 0.060654 0.010853
vn 0.000000 -3.141592 -3.141588
v -0.340642 0.047654 0.010853
vn 1.110720 2.681532 -3.926989
v -0.334872 0.055954 0.010853
vn -1.570789 -1.570773 -1.570796
v -0.341692 0.047654 0.010853
vn -1.570796 1.570796 -1.570796
v -0.341692 0.052154 0.010853
vn 0.000000 3.141570 -3.141593
v -0.340642 0.052154 0.010853
vn -1.570810 1.570800 -4.712389
v -0.336992 0.052154 0.010853
vn -2.681520 -1.110718 -3.926988
v -0.336992 0.053834 0.010853
vn 2.471080 1.896105 -3.403404
v -0.340124 0.061206 0.010853
vn -2.221444 -2.221438 -3.141595
v -0.340642 0.057484 0.010853
vn 2.720706 1.570785 -3.141578
v -0.340642 0.062103 0.010853
vn -1.896120 -2.471076 -3.403394
v -0.342244 0.059086 0.010853
vn 1.570796 1.570795 -1.570794
v -0.328692 0.087654 0.010853
vn 3.141592 0.000000 -3.141594
v -0.328692 0.075704 0.010853
vn -0.785397 2.931146 -3.665191
v -0.346692 0.073654 0.010853
vn -1.896116 2.471076 -3.403390
v -0.342244 0.076222 0.010853
vn 0.000000 0.000000 -6.283185
v -0.340642 0.075704 0.010853
vn -2.221441 2.221440 -3.141598
v -0.340642 0.077824 0.010853
vn -2.681535 1.110717 -3.926988
v -0.336992 0.081474 0.010853
vn 0.000000 3.141570 -3.141590
v -0.340642 0.087654 0.010853
vn 1.110718 -2.681518 -3.926988
v -0.334872 0.079354 0.010853
vn -1.570800 -1.570810 -4.712389
v -0.333192 0.079354 0.010853
vn -3.141570 0.000000 -3.141593
v -0.333192 0.075704 0.010853
vn 1.570773 -1.570789 -1.570796
v -0.328692 0.074654 0.010853
vn -1.570796 -1.570796 -1.570796
v -0.333192 0.074654 0.010853
vn -1.570796 -1.570796 -4.712388
v -0.336992 0.083154 0.010853
vn 2.471080 -1.896107 -3.403405
v -0.340124 0.074102 0.010853
vn 1.570796 -1.570789 -1.570796
v -0.355692 0.083154 0.010853
vn 1.570810 -1.570796 -4.712389
v -0.360392 0.083154 0.010853
vn -1.570795 1.570796 -1.570795
v -0.368692 0.087654 0.010853
vn 2.681518 1.110719 -3.926988
v -0.360392 0.081474 0.010853
vn -2.221442 -2.221446 -3.141595
v -0.358862 0.075704 0.010853
vn 1.896112 2.471074 -3.403400
v -0.355140 0.076222 0.010853
vn 1.570789 1.570796 -1.570799
v -0.355692 0.087654 0.010853
vn -3.141570 0.000000 -3.141592
v -0.368692 0.075704 0.010853
vn -1.110718 -2.681532 -3.926989
v -0.362512 0.079354 0.010853
vn 1.570796 -1.570796 -4.712390
v -0.364192 0.079354 0.010853
vn 3.141596 0.000000 -3.141593
v -0.364192 0.075704 0.010853
vn 1.570773 -1.570789 -1.570796
v -0.364192 0.074654 0.010853
vn -1.570796 -1.570796 -1.570796
v -0.368692 0.074654 0.010853
vn -1.570790 2.720706 3.141586
v -0.343141 0.075704 0.550603
vn 0.000000 0.000000 6.283185
v -0.340642 0.075704 0.550603
vn -1.896114 2.471076 3.403400
v -0.342244 0.076222 0.550603
vn 1.570796 1.570789 1.570796
v -0.355692 0.052154 0.550603
vn 1.570810 1.570796 4.712392
v -0.360392 0.052154 0.550603
vn -1.570796 -1.570796 1.570796
v -0.368692 0.047654 0.550603
vn -2.931148 0.785400 3.665192
v -0.354692 0.065654 0.550603
vn -2.471068 1.896120 3.403393
v -0.357260 0.061206 0.550603
vn 2.681519 -1.110718 3.926988
v -0.360392 0.053834 0.550603
vn -1.896116 -2.471072 3.403394
v -0.342244 0.059086 0.550603
vn -2.221447 -2.221441 3.141595
v -0.340642 0.057484 0.550603
vn 2.720708 1.570786 3.141578
v -0.340642 0.062103 0.550603
vn 1.570789 1.570796 4.712390
v -0.364192 0.055954 0.550603
vn 1.570796 1.570789 1.570796
v -0.364192 0.060654 0.550603
vn -1.570796 1.570796 1.570800
v -0.368692 0.060654 0.550603
vn -1.110720 2.681532 3.926990
v -0.362512 0.055954 0.550603
vn 1.570789 -1.570796 1.570801
v -0.355692 0.047654 0.550603
vn 1.896119 -2.471072 3.403396
v -0.355140 0.059086 0.550603
vn 0.785395 -2.931150 3.665189
v -0.350692 0.061654 0.550603
vn 2.931146 -0.785397 3.665191
v -0.342692 0.069654 0.550603
vn -1.517269 -2.628001 3.665181
v -0.346692 0.071118 0.550603
vn -2.627989 -1.517266 3.665209
v -0.345228 0.069654 0.550603
vn 2.931146 0.785402 3.665195
v -0.342692 0.065654 0.550603
vn -2.931149 -0.785397 3.665191
v -0.354692 0.069654 0.550603
vn 2.627995 -1.517275 3.665185
v -0.352156 0.069654 0.550603
vn -2.471076 -1.896122 3.403393
v -0.357260 0.074102 0.550603
vn -0.785397 -2.931150 3.665190
v -0.346692 0.061654 0.550603
vn 1.570789 2.720704 3.141586
v -0.354243 0.075704 0.550603
vn 1.517275 -2.627991 3.665195
v -0.350692 0.071118 0.550603
vn 0.785399 2.931146 3.665192
v -0.350692 0.073654 0.550603
vn -0.000006 -3.034545 3.665194
v -0.348692 0.071654 0.550603
vn -0.785399 2.931148 3.665192
v -0.346692 0.073654 0.550603
vn 2.471073 -1.896119 3.403393
v -0.340124 0.074102 0.550603
vn 2.221438 -2.221443 3.141595
v -0.338522 0.075704 0.550603
vn -1.570796 1.570796 1.570795
v -0.368692 0.087654 0.550603
vn 1.570796 -1.570789 4.712388
v -0.360392 0.083154 0.550603
vn -3.141592 0.000000 3.141592
v -0.368692 0.075704 0.550603
vn 1.570796 1.570796 1.570799
v -0.355692 0.087654 0.550603
vn 2.681533 1.110719 3.926988
v -0.360392 0.081474 0.550603
vn 1.570789 -1.570796 1.570796
v -0.355692 0.083154 0.550603
vn -2.221439 -2.221443 3.141595
v -0.358862 0.075704 0.550603
vn 1.896113 2.471075 3.403399
v -0.355140 0.076222 0.550603
vn -1.110718 -2.681519 3.926989
v -0.362512 0.079354 0.550603
vn 1.570800 -1.570810 4.712389
v -0.364192 0.079354 0.550603
vn -1.570773 -1.570789 1.570796
v -0.368692 0.074654 0.550603
vn 1.570796 -1.570796 1.570796
v -0.364192 0.074654 0.550603
vn 3.141570 0.000000 3.141593
v -0.364192 0.075704 0.550603
vn 0.000000 -3.141570 3.141593
v -0.340642 0.083154 0.550603
vn -1.570810 -1.570800 4.712389
v -0.336992 0.083154 0.550603
vn 1.570795 1.570796 1.570794
v -0.328692 0.087654 0.550603
vn 3.141570 0.000000 3.141595
v -0.328692 0.075704 0.550603
vn -2.681518 1.110718 3.926988
v -0.336992 0.081474 0.550603
vn -3.141596 0.000000 3.141593
v -0.333192 0.075704 0.550603
vn -1.570796 -1.570796 4.712390
v -0.333192 0.079354 0.550603
vn 1.110718 -2.681533 3.926989
v -0.334872 0.079354 0.550603
vn 0.000000 3.141592 3.141590
v -0.340642 0.087654 0.550603
vn -1.570789 1.570773 1.570796
v -0.341692 0.087654 0.550603
vn -1.570796 -1.570796 1.570796
v -0.341692 0.083154 0.550603
vn 1.570796 -1.570796 1.570796
v -0.328692 0.074654 0.550603
vn -1.570773 -1.570789 1.570796
v -0.333192 0.074654 0.550603
vn -2.681533 -1.110717 3.926988
v -0.336992 0.053834 0.550603
vn -1.570796 1.570796 4.712389
v -0.336992 0.052154 0.550603
vn 1.110719 2.681518 3.926990
v -0.334872 0.055954 0.550603
vn 0.000000 3.141596 3.141593
v -0.340642 0.052154 0.550603
vn 1.570796 -1.570795 1.570795
v -0.328692 0.047654 0.550603
vn 1.570796 1.570789 1.570799
v -0.328692 0.060654 0.550603
vn 0.000000 -3.141570 3.141588
v -0.340642 0.047654 0.550603
vn 2.471078 1.896105 3.403405
v -0.340124 0.061206 0.550603
vn -1.570789 1.570796 1.570796
v -0.333192 0.060654 0.550603
vn -1.570796 1.570810 4.712389
v -0.333192 0.055954 0.550603
vn -1.570789 1.570773 1.570796
v -0.341692 0.052154 0.550603
vn -1.570796 -1.570796 1.570796
v -0.341692 0.047654 0.550603
vn -2.617989 3.034544 -0.000011
v -1.271542 -0.242421 0.570603
vn -3.665197 3.034544 -0.000011
v -1.287542 -0.242421 0.570603
vn -2.618010 2.628002 -1.517271
v -1.271542 -0.241885 0.572603
vn -3.665175 2.628003 -1.517272
v -1.287542 -0.241885 0.572603
vn -2.617986 1.517289 -2.627982
v -1.271542 -0.240421 0.574067
vn -3.665199 1.517288 -2.627982
v -1.287542 -0.240421 0.574067
vn -2.617988 0.000000 -3.034544
v -1.271542 -0.238421 0.574603
vn -3.665197 -0.000000 -3.034544
v -1.287542 -0.238421 0.574603
vn -2.617986 -1.517288 -2.627982
v -1.271542 -0.236421 0.574067
vn -3.665199 -1.517289 -2.627982
v -1.287542 -0.236421 0.574067
vn -2.618004 -2.628006 -1.517261
v -1.271542 -0.234957 0.572603
vn -3.665182 -2.628005 -1.517261
v -1.287542 -0.234957 0.572603
vn -2.618002 -3.034548 -0.000011
v -1.271542 -0.234421 0.570603
vn -3.665183 -3.034549 -0.000011
v -1.287542 -0.234421 0.570603
vn -3.665193 1.517271 -2.627997
v -1.271542 -0.240171 0.573634
vn -3.665190 -0.000004 -3.034549
v -1.271542 -0.238421 0.574103
vn -3.665185 -1.517269 -2.628002
v -1.271542 -0.236671 0.573634
vn -3.665197 -2.627990 -1.517280
v -1.271542 -0.235390 0.572353
vn -3.665193 -3.034548 0.000001
v -1.271542 -0.234921 0.570603
vn -3.665196 -2.627989 1.517282
v -1.271542 -0.235390 0.568853
vn -2.617976 -2.627986 1.517272
v -1.271542 -0.234957 0.568603
vn -3.665185 -1.517268 2.628002
v -1.271542 -0.236671 0.567572
vn -2.618006 -1.517266 2.628004
v -1.271542 -0.236421 0.567139
vn -3.665190 -0.000003 3.034549
v -1.271542 -0.238421 0.567103
vn -2.617988 -0.000000 3.034544
v -1.271542 -0.238421 0.566603
vn -3.665193 1.517272 2.627996
v -1.271542 -0.240171 0.567572
vn -2.618007 1.517266 2.628004
v -1.271542 -0.240421 0.567139
vn -3.665192 2.627996 1.517274
v -1.271542 -0.241452 0.568853
vn -2.617983 2.627983 1.517283
v -1.271542 -0.241885 0.568603
vn -3.665192 3.034548 -0.000001
v -1.271542 -0.241921 0.570603
vn -3.665191 2.627995 -1.517275
v -1.271542 -0.241452 0.572353
vn 2.618002 -3.034549 -0.000011
v -0.198642 -0.234421 0.570603
vn 3.665183 -3.034549 -0.000011
v -0.182642 -0.234421 0.570603
vn 2.618004 -2.628005 -1.517261
v -0.198642 -0.234957 0.572603
vn 3.665182 -2.628005 -1.517261
v -0.182642 -0.234957 0.572603
vn 2.617986 -1.517288 -2.627981
v -0.198642 -0.236421 0.574067
vn 3.665199 -1.517288 -2.627981
v -0.182642 -0.236421 0.574067
vn 2.617988 0.000000 -3.034543
v -0.198642 -0.238421 0.574603
vn 3.665197 -0.000000 -3.034543
v -0.182642 -0.238421 0.574603
vn 2.617986 1.517288 -2.627981
v -0.198642 -0.240421 0.574067
vn 3.665199 1.517288 -2.627981
v -0.182642 -0.240421 0.574067
vn 2.618011 2.628002 -1.517271
v -0.198642 -0.241885 0.572603
vn 3.665174 2.628003 -1.517271
v -0.182642 -0.241885 0.572603
vn 2.617988 3.034544 -0.000011
v -0.198642 -0.242421 0.570603
vn 3.665197 3.034543 -0.000011
v -0.182642 -0.242421 0.570603
vn 3.665193 3.034548 0.000001
v -0.198642 -0.241921 0.570603
vn 3.665191 2.627995 1.517275
v -0.198642 -0.241452 0.568853
vn 2.617982 2.627983 1.517283
v -0.198642 -0.241885 0.568603
vn 3.665194 1.517271 2.627997
v -0.198642 -0.240171 0.567572
vn 2.618006 1.517266 2.628004
v -0.198642 -0.240421 0.567139
vn 3.665190 -0.000004 3.034549
v -0.198642 -0.238421 0.567103
vn 2.617988 -0.000000 3.034543
v -0.198642 -0.238421 0.566603
vn 3.665185 -1.517269 2.628002
v -0.198642 -0.236671 0.567572
vn 2.618007 -1.517266 2.628004
v -0.198642 -0.236421 0.567139
vn 3.665197 -2.627990 1.517280
v -0.198642 -0.235390 0.568853
vn 2.617976 -2.627986 1.517272
v -0.198642 -0.234957 0.568603
vn 3.665192 -3.034548 -0.000001
v -0.198642 -0.234921 0.570603
vn 3.665196 -2.627989 -1.517282
v -0.198642 -0.235390 0.572353
vn 3.665185 -1.517268 -2.628002
v -0.198642 -0.236671 0.573634
vn 3.665190 -0.000003 -3.034549
v -0.198642 -0.238421 0.574103
vn 3.665193 1.517272 -2.627996
v -0.198642 -0.240171 0.573634
vn 3.665192 2.627996 -1.517274
v -0.198642 -0.241452 0.572353
vn -3.927000 2.681519 1.110742
v -1.287542 -0.226321 0.587703
vn -3.337939 3.111253 -0.306391
v -1.287542 -0.226321 0.588353
vn 3.927000 2.681609 1.110731
v -0.182642 -0.226321 0.587703
vn 3.337940 3.111411 -0.306443
v -0.182642 -0.226321 0.588353
vn -2.356185 2.681419 1.110731
v -1.287542 -0.224671 0.586053
vn 2.356185 2.681519 1.110742
v -0.182642 -0.224671 0.586053
vn -3.337900 3.111423 0.306382
v -1.287542 -0.224671 0.585103
vn 3.337900 3.111076 0.306330
v -0.182642 -0.224671 0.585103
vn -3.534376 2.846400 1.179072
v -1.287542 -0.224614 0.584816
vn 3.534375 2.846440 1.178977
v -0.182642 -0.224614 0.584816
vn -3.534166 2.178610 2.178591
v -1.287542 -0.224452 0.584572
vn 3.534166 2.178683 2.178518
v -0.182642 -0.224452 0.584572
vn -3.534538 1.178847 2.846440
v -1.287542 -0.224208 0.584410
vn 3.534538 1.178943 2.846400
v -0.182642 -0.224208 0.584410
vn -3.337780 0.306145 3.111113
v -1.287542 -0.223921 0.584353
vn 3.337780 0.306197 3.111460
v -0.182642 -0.223921 0.584353
vn -2.356185 1.110742 2.681519
v -1.287542 -0.222971 0.584353
vn 2.356185 1.110731 2.681419
v -0.182642 -0.222971 0.584353
vn -3.927000 1.110731 2.681609
v -1.287542 -0.221321 0.582703
vn 3.926999 1.110742 2.681519
v -0.182642 -0.221321 0.582703
vn -3.337980 -0.306505 3.111399
v -1.287542 -0.220671 0.582703
vn 3.337979 -0.306453 3.111241
v -0.182642 -0.220671 0.582703
vn -3.534310 -1.179213 2.846364
v -1.287542 -0.220384 0.582760
vn 3.534310 -1.179118 2.846403
v -0.182642 -0.220384 0.582760
vn -3.534195 -2.178646 2.178543
v -1.287542 -0.220141 0.582922
vn 3.534195 -2.178573 2.178616
v -0.182642 -0.220141 0.582922
vn -3.534336 -2.846428 1.179038
v -1.287542 -0.219978 0.583166
vn 3.534336 -2.846388 1.179133
v -0.182642 -0.219978 0.583166
vn -3.337940 -3.111143 0.306391
v -1.287542 -0.219921 0.583453
vn 3.337940 -3.111411 0.306443
v -0.182642 -0.219921 0.583453
vn -3.403384 -3.088073 -0.406539
v -1.287542 -0.219921 0.588103
vn 3.403384 -3.088083 -0.406544
v -0.182642 -0.219921 0.588103
vn -3.665200 -2.628016 -1.517265
v -1.287542 -0.220055 0.588603
vn 3.665200 -2.628011 -1.517274
v -0.182642 -0.220055 0.588603
vn -3.665268 -1.517170 -2.628039
v -1.287542 -0.220421 0.588969
vn 3.665268 -1.517161 -2.628044
v -0.182642 -0.220421 0.588969
vn -3.403315 -0.406440 -3.088111
v -1.287542 -0.220921 0.589103
vn 3.403315 -0.406435 -3.088100
v -0.182642 -0.220921 0.589103
vn -3.337780 0.306197 -3.111460
v -1.287542 -0.225571 0.589103
vn 3.337780 0.306145 -3.111192
v -0.182642 -0.225571 0.589103
vn -3.534510 1.178905 -2.846425
v -1.287542 -0.225858 0.589046
vn 3.534510 1.178810 -2.846464
v -0.182642 -0.225858 0.589046
vn -3.534194 2.178646 -2.178543
v -1.287542 -0.226102 0.588883
vn 3.534194 2.178573 -2.178616
v -0.182642 -0.226102 0.588883
vn -3.534336 2.846428 -1.179038
v -1.287542 -0.226264 0.588640
vn 3.534336 2.846388 -1.179133
v -0.182642 -0.226264 0.588640
vn -3.337940 3.111411 0.306443
v -1.287542 -0.226321 0.552853
vn 3.337940 3.111253 0.306391
v -0.182642 -0.226321 0.552853
vn -3.534336 2.846388 1.179133
v -1.287542 -0.226264 0.552566
vn 3.534336 2.846428 1.179038
v -0.182642 -0.226264 0.552566
vn -3.534194 2.178573 2.178616
v -1.287542 -0.226102 0.552322
vn 3.534194 2.178646 2.178543
v -0.182642 -0.226102 0.552322
vn -3.534310 1.179118 2.846403
v -1.287542 -0.225858 0.552160
vn 3.534310 1.179213 2.846364
v -0.182642 -0.225858 0.552160
vn -3.337979 0.306453 3.111131
v -1.287542 -0.225571 0.552103
vn 3.337979 0.306505 3.111399
v -0.182642 -0.225571 0.552103
vn -3.403426 -0.406604 3.088055
v -1.287542 -0.220921 0.552103
vn 3.403426 -0.406609 3.088066
v -0.182642 -0.220921 0.552103
vn -3.665157 -1.517330 2.627999
v -1.287542 -0.220421 0.552237
vn 3.665157 -1.517339 2.627994
v -0.182642 -0.220421 0.552237
vn -3.665200 -2.628011 1.517274
v -1.287542 -0.220055 0.552603
vn 3.665200 -2.628016 1.517265
v -0.182642 -0.220055 0.552603
vn -3.403384 -3.088083 0.406544
v -1.287542 -0.219921 0.553103
vn 3.403384 -3.088073 0.406539
v -0.182642 -0.219921 0.553103
vn -3.337940 -3.111411 -0.306443
v -1.287542 -0.219921 0.557753
vn 3.337940 -3.111143 -0.306391
v -0.182642 -0.219921 0.557753
vn -3.534336 -2.846388 -1.179133
v -1.287542 -0.219978 0.558040
vn 3.534336 -2.846428 -1.179038
v -0.182642 -0.219978 0.558040
vn -3.534195 -2.178573 -2.178616
v -1.287542 -0.220141 0.558283
vn 3.534195 -2.178646 -2.178543
v -0.182642 -0.220141 0.558283
vn -3.534310 -1.179118 -2.846403
v -1.287542 -0.220384 0.558446
vn 3.534310 -1.179213 -2.846364
v -0.182642 -0.220384 0.558446
vn -3.337979 -0.306453 -3.111241
v -1.287542 -0.220671 0.558503
vn 3.337980 -0.306505 -3.111399
v -0.182642 -0.220671 0.558503
vn -3.926999 1.110742 -2.681519
v -1.287542 -0.221321 0.558503
vn 3.927000 1.110731 -2.681609
v -0.182642 -0.221321 0.558503
vn -2.356185 1.110731 -2.681419
v -1.287542 -0.222971 0.556853
vn 2.356185 1.110742 -2.681519
v -0.182642 -0.222971 0.556853
vn -3.337980 0.306505 -3.111399
v -1.287542 -0.223921 0.556853
vn 3.337980 0.306453 -3.111051
v -0.182642 -0.223921 0.556853
vn -3.534169 1.179029 -2.846487
v -1.287542 -0.224208 0.556796
vn 3.534169 1.178934 -2.846526
v -0.182642 -0.224208 0.556796
vn -3.534336 2.178462 -2.178666
v -1.287542 -0.224452 0.556633
vn 3.534336 2.178389 -2.178739
v -0.182642 -0.224452 0.556633
vn -3.534375 2.846440 -1.178977
v -1.287542 -0.224614 0.556390
vn 3.534376 2.846400 -1.179072
v -0.182642 -0.224614 0.556390
vn -3.337900 3.111076 -0.306330
v -1.287542 -0.224671 0.556103
vn 3.337900 3.111423 -0.306382
v -0.182642 -0.224671 0.556103
vn -2.356185 2.681519 -1.110742
v -1.287542 -0.224671 0.555153
vn 2.356185 2.681419 -1.110731
v -0.182642 -0.224671 0.555153
vn -3.927000 2.681609 -1.110731
v -1.287542 -0.226321 0.553503
vn 3.927000 2.681519 -1.110742
v -0.182642 -0.226321 0.553503
vn -3.337970 -0.306490 3.111402
v -1.287542 -0.251271 0.552103
vn -3.403426 0.406609 3.088066
v -1.287542 -0.255921 0.552103
vn 3.337970 -0.306438 3.111134
v -0.182642 -0.251271 0.552103
vn 3.403426 0.406604 3.088055
v -0.182642 -0.255921 0.552103
vn -3.534348 -1.179235 2.846342
v -1.287542 -0.250984 0.552160
vn 3.534348 -1.179139 2.846382
v -0.182642 -0.250984 0.552160
vn -3.534209 -2.178720 2.178463
v -1.287542 -0.250741 0.552322
vn 3.534209 -2.178647 2.178536
v -0.182642 -0.250741 0.552322
vn -3.534244 -2.846449 1.179060
v -1.287542 -0.250578 0.552566
vn 3.534244 -2.846410 1.179155
v -0.182642 -0.250578 0.552566
vn -3.337989 -3.111238 0.306468
v -1.287542 -0.250521 0.552853
vn 3.337989 -3.111396 0.306520
v -0.182642 -0.250521 0.552853
vn -3.927000 -2.681519 -1.110742
v -1.287542 -0.250521 0.553503
vn 3.927000 -2.681609 -1.110731
v -0.182642 -0.250521 0.553503
vn -2.356185 -2.681419 -1.110731
v -1.287542 -0.252171 0.555153
vn 2.356185 -2.681519 -1.110742
v -0.182642 -0.252171 0.555153
vn -3.337950 -3.111408 -0.306459
v -1.287542 -0.252171 0.556103
vn 3.337950 -3.111061 -0.306407
v -0.182642 -0.252171 0.556103
vn -3.534283 -2.846422 -1.179094
v -1.287542 -0.252228 0.556390
vn 3.534283 -2.846462 -1.178998
v -0.182642 -0.252228 0.556390
vn -3.534378 -2.178426 -2.178683
v -1.287542 -0.252391 0.556633
vn 3.534378 -2.178499 -2.178610
v -0.182642 -0.252391 0.556633
vn -3.534179 -1.178918 -2.846529
v -1.287542 -0.252634 0.556796
vn 3.534179 -1.179014 -2.846490
v -0.182642 -0.252634 0.556796
vn -3.337969 -0.306438 -3.111054
v -1.287542 -0.252921 0.556853
vn 3.337970 -0.306490 -3.111402
v -0.182642 -0.252921 0.556853
vn -2.356176 -1.110752 -2.681509
v -1.287542 -0.253871 0.556853
vn 2.356177 -1.110741 -2.681409
v -0.182642 -0.253871 0.556853
vn -3.927009 -1.110741 -2.681599
v -1.287542 -0.255521 0.558503
vn 3.927009 -1.110752 -2.681509
v -0.182642 -0.255521 0.558503
vn -3.337990 0.306520 -3.111396
v -1.287542 -0.256171 0.558503
vn 3.337989 0.306468 -3.111238
v -0.182642 -0.256171 0.558503
vn -3.534272 1.179192 -2.846385
v -1.287542 -0.256458 0.558446
vn 3.534272 1.179096 -2.846425
v -0.182642 -0.256458 0.558446
vn -3.534266 2.178646 -2.178512
v -1.287542 -0.256702 0.558283
vn 3.534266 2.178573 -2.178585
v -0.182642 -0.256702 0.558283
vn -3.534244 2.846449 -1.179060
v -1.287542 -0.256864 0.558040
vn 3.534244 2.846410 -1.179155
v -0.182642 -0.256864 0.558040
vn -3.337989 3.111128 -0.306468
v -1.287542 -0.256921 0.557753
vn 3.337989 3.111396 -0.306520
v -0.182642 -0.256921 0.557753
vn -3.403411 3.088061 0.406581
v -1.287542 -0.256921 0.553103
vn 3.403411 3.088072 0.406586
v -0.182642 -0.256921 0.553103
vn -3.665172 2.628005 1.517307
v -1.287542 -0.256787 0.552603
vn 3.665172 2.628000 1.517316
v -0.182642 -0.256787 0.552603
vn -3.665157 1.517339 2.627994
v -1.287542 -0.256421 0.552237
vn 3.665157 1.517330 2.627999
v -0.182642 -0.256421 0.552237
vn -3.337989 3.111396 0.306520
v -1.287542 -0.256921 0.583453
vn -3.403411 3.088072 -0.406586
v -1.287542 -0.256921 0.588103
vn 3.337989 3.111128 0.306468
v -0.182642 -0.256921 0.583453
vn 3.403411 3.088061 -0.406581
v -0.182642 -0.256921 0.588103
vn -3.534244 2.846410 1.179155
v -1.287542 -0.256864 0.583166
vn 3.534244 2.846449 1.179060
v -0.182642 -0.256864 0.583166
vn -3.534265 2.178573 2.178585
v -1.287542 -0.256702 0.582922
vn 3.534265 2.178646 2.178512
v -0.182642 -0.256702 0.582922
vn -3.534272 1.179096 2.846425
v -1.287542 -0.256458 0.582760
vn 3.534272 1.179192 2.846385
v -0.182642 -0.256458 0.582760
vn -3.337990 0.306468 3.111238
v -1.287542 -0.256171 0.582703
vn 3.337989 0.306520 3.111396
v -0.182642 -0.256171 0.582703
vn -3.927009 -1.110752 2.681509
v -1.287542 -0.255521 0.582703
vn 3.927009 -1.110741 2.681599
v -0.182642 -0.255521 0.582703
vn -2.356177 -1.110741 2.681409
v -1.287542 -0.253871 0.584353
vn 2.356176 -1.110752 2.681509
v -0.182642 -0.253871 0.584353
vn -3.337770 -0.306182 3.111463
v -1.287542 -0.252921 0.584353
vn 3.337770 -0.306130 3.111115
v -0.182642 -0.252921 0.584353
vn -3.534548 -1.178927 2.846403
v -1.287542 -0.252634 0.584410
vn 3.534548 -1.178832 2.846443
v -0.182642 -0.252634 0.584410
vn -3.534209 -2.178720 2.178463
v -1.287542 -0.252391 0.584572
vn 3.534209 -2.178647 2.178536
v -0.182642 -0.252391 0.584572
vn -3.534283 -2.846462 1.178998
v -1.287542 -0.252228 0.584816
vn 3.534283 -2.846422 1.179094
v -0.182642 -0.252228 0.584816
vn -3.337950 -3.111061 0.306407
v -1.287542 -0.252171 0.585103
vn 3.337950 -3.111408 0.306459
v -0.182642 -0.252171 0.585103
vn -2.356185 -2.681519 1.110742
v -1.287542 -0.252171 0.586053
vn 2.356185 -2.681419 1.110731
v -0.182642 -0.252171 0.586053
vn -3.927000 -2.681609 1.110731
v -1.287542 -0.250521 0.587703
vn 3.926999 -2.681519 1.110742
v -0.182642 -0.250521 0.587703
vn -3.337989 -3.111396 -0.306520
v -1.287542 -0.250521 0.588353
vn 3.337989 -3.111238 -0.306468
v -0.182642 -0.250521 0.588353
vn -3.534244 -2.846410 -1.179155
v -1.287542 -0.250578 0.588640
vn 3.534244 -2.846449 -1.179060
v -0.182642 -0.250578 0.588640
vn -3.534209 -2.178647 -2.178536
v -1.287542 -0.250741 0.588883
vn 3.534209 -2.178720 -2.178463
v -0.182642 -0.250741 0.588883
vn -3.534548 -1.178832 -2.846443
v -1.287542 -0.250984 0.589046
vn 3.534548 -1.178927 -2.846403
v -0.182642 -0.250984 0.589046
vn -3.337770 -0.306130 -3.111195
v -1.287542 -0.251271 0.589103
vn 3.337770 -0.306182 -3.111463
v -0.182642 -0.251271 0.589103
vn -3.403315 0.406435 -3.088100
v -1.287542 -0.255921 0.589103
vn 3.403315 0.406440 -3.088111
v -0.182642 -0.255921 0.589103
vn -3.665268 1.517161 -2.628044
v -1.287542 -0.256421 0.588969
vn 3.665268 1.517170 -2.628039
v -0.182642 -0.256421 0.588969
vn -3.665172 2.628000 -1.517316
v -1.287542 -0.256787 0.588603
vn 3.665172 2.628005 -1.517307
v -0.182642 -0.256787 0.588603
vn 3.141593 0.000000 3.141601
v -0.182642 -0.230371 0.555103
vn 1.570796 -1.570794 1.570760
v -0.182642 -0.231421 0.555103
vn 1.570796 -1.570796 -1.570796
v -0.182642 -0.231421 0.550603
vn 3.141592 -0.000004 3.141593
v -0.182642 -0.258421 0.590603
vn 1.570795 1.570796 1.570801
v -0.182642 -0.245421 0.590603
vn 4.712389 1.570796 -1.570799
v -0.182642 -0.250121 0.586103
vn 1.570796 1.570794 -1.570796
v -0.182642 -0.245421 0.586103
vn 1.570795 -1.570796 -1.570794
v -0.182642 -0.258421 0.577603
vn 3.403395 1.896115 2.471061
v -0.182642 -0.244869 0.579171
vn 3.926988 2.681544 1.110718
v -0.182642 -0.250121 0.584423
vn 3.926983 -1.110708 -2.681517
v -0.182642 -0.252241 0.582303
vn 1.570796 1.570799 -1.570796
v -0.182642 -0.253921 0.577603
vn 4.712389 1.570796 -1.570820
v -0.182642 -0.253921 0.582303
vn 3.665193 -0.785403 -2.931152
v -0.182642 -0.236421 0.564603
vn 3.665210 -2.627986 1.517272
v -0.182642 -0.234957 0.568603
vn 3.665179 -1.517266 2.628004
v -0.182642 -0.236421 0.567139
vn 3.665191 0.785396 2.931143
v -0.182642 -0.240421 0.576603
vn 3.665192 -0.785399 2.931130
v -0.182642 -0.236421 0.576603
vn 3.665187 -2.931134 -0.785391
v -0.182642 -0.244421 0.572603
vn 3.665200 0.785414 -2.931131
v -0.182642 -0.240421 0.564603
vn 3.665197 0.000000 3.034543
v -0.182642 -0.238421 0.566603
vn 3.665178 1.517266 2.628004
v -0.182642 -0.240421 0.567139
vn 3.665190 2.931147 -0.785397
v -0.182642 -0.232421 0.572603
vn 3.665198 2.931125 0.785407
v -0.182642 -0.232421 0.568603
vn 3.141566 2.720718 1.570781
v -0.182642 -0.230371 0.565052
vn 6.283185 0.000000 0.000000
v -0.182642 -0.230371 0.562553
vn 3.403403 -2.471065 -1.896117
v -0.182642 -0.246989 0.577051
vn 3.665203 2.627983 1.517283
v -0.182642 -0.241885 0.568603
vn 3.665193 -2.931142 0.785398
v -0.182642 -0.244421 0.568603
vn 3.141548 1.570746 -2.720700
v -0.182642 -0.243972 0.562553
vn 1.570796 1.570796 1.570796
v -0.182642 -0.218421 0.590603
vn 1.570801 1.570801 -1.570796
v -0.182642 -0.218421 0.577603
vn 3.141590 0.000000 3.141592
v -0.182642 -0.230371 0.590603
vn 4.712389 -1.570820 -1.570804
v -0.182642 -0.226721 0.586103
vn 3.926992 -2.681517 1.110721
v -0.182642 -0.226721 0.584423
vn 3.403391 -1.896133 2.471082
v -0.182642 -0.231973 0.579171
vn 3.141573 2.720723 -1.570771
v -0.182642 -0.230371 0.576153
vn 3.141593 -2.221441 2.221441
v -0.182642 -0.230371 0.580773
vn 3.403417 2.471054 -1.896077
v -0.182642 -0.229853 0.577051
vn 3.926987 1.110716 -2.681545
v -0.182642 -0.224601 0.582303
vn 4.712389 -1.570799 -1.570796
v -0.182642 -0.222921 0.582303
vn 1.570796 -1.570796 -1.570794
v -0.182642 -0.222921 0.577603
vn 1.570796 -1.570794 1.570760
v -0.182642 -0.231421 0.590603
vn 1.570796 -1.570796 -1.570796
v -0.182642 -0.231421 0.586103
vn 3.141593 0.000000 -3.141556
v -0.182642 -0.230371 0.586103
vn 1.570796 1.570796 -1.570796
v -0.182642 -0.218421 0.550603
vn 3.141584 3.141592 0.000000
v -0.182642 -0.218421 0.562553
vn 3.403391 -1.896108 -2.471048
v -0.182642 -0.231973 0.562035
vn 3.141593 -2.221441 -2.221441
v -0.182642 -0.230371 0.560433
vn 3.926991 -2.681541 -1.110721
v -0.182642 -0.226721 0.556783
vn 3.141589 0.000000 -3.141556
v -0.182642 -0.230371 0.550603
vn 3.926994 1.110722 2.681515
v -0.182642 -0.224601 0.558903
vn 4.712389 -1.570804 1.570820
v -0.182642 -0.222921 0.558903
vn 3.141593 -3.141556 0.000000
v -0.182642 -0.222921 0.562553
vn 1.570796 1.570760 1.570794
v -0.182642 -0.218421 0.563603
vn 1.570796 -1.570796 1.570796
v -0.182642 -0.222921 0.563603
vn 4.712389 -1.570796 1.570796
v -0.182642 -0.226721 0.555103
vn 3.403411 2.471103 1.896104
v -0.182642 -0.229853 0.564155
vn 1.570796 1.570796 1.570799
v -0.182642 -0.245421 0.555103
vn 4.712389 1.570820 1.570796
v -0.182642 -0.250121 0.555103
vn 1.570796 -1.570796 -1.570801
v -0.182642 -0.258421 0.550603
vn 3.403391 -2.471070 1.896120
v -0.182642 -0.246989 0.564155
vn 3.141593 -2.221457 2.221457
v -0.182642 -0.248591 0.562553
vn 3.403431 1.896073 -2.471096
v -0.182642 -0.244869 0.562035
vn 3.141591 -3.141556 0.000000
v -0.182642 -0.258421 0.562553
vn 3.926988 2.681514 -1.110711
v -0.182642 -0.250121 0.556783
vn 1.570800 1.570794 -1.570796
v -0.182642 -0.245421 0.550603
vn 3.926991 -1.110720 2.681540
v -0.182642 -0.252241 0.558903
vn 4.712389 1.570796 1.570796
v -0.182642 -0.253921 0.558903
vn 3.141593 3.141601 0.000000
v -0.182642 -0.253921 0.562553
vn 1.570796 1.570760 1.570794
v -0.182642 -0.253921 0.563603
vn 1.570796 -1.570796 1.570796
v -0.182642 -0.258421 0.563603
vn -1.570795 1.570794 1.570796
v -1.287542 -0.245421 0.590603
vn -1.570796 -1.570796 1.570801
v -1.287542 -0.258421 0.590603
vn -1.570795 -1.570801 -1.570796
v -1.287542 -0.258421 0.577603
vn -1.570796 1.570796 -1.570794
v -1.287542 -0.253921 0.577603
vn -4.712389 1.570799 -1.570796
v -1.287542 -0.253921 0.582303
vn -3.926984 -1.110714 -2.681547
v -1.287542 -0.252241 0.582303
vn -3.403403 -2.471061 -1.896112
v -1.287542 -0.246989 0.577051
vn -3.665186 -2.931147 -0.785390
v -1.287542 -0.244421 0.572603
vn -3.665192 -2.931130 0.785399
v -1.287542 -0.244421 0.568603
vn -3.403391 -2.471082 1.896133
v -1.287542 -0.246989 0.564155
vn -3.926993 -1.110721 2.681517
v -1.287542 -0.252241 0.558903
vn -3.141593 -2.221441 2.221441
v -1.287542 -0.248591 0.562553
vn -4.712389 1.570804 1.570820
v -1.287542 -0.253921 0.558903
vn -3.141593 3.141556 0.000000
v -1.287542 -0.253921 0.562553
vn -1.570796 1.570796 1.570796
v -1.287542 -0.253921 0.563603
vn -1.570796 -1.570760 1.570794
v -1.287542 -0.258421 0.563603
vn -3.141590 -3.141592 0.000000
v -1.287542 -0.258421 0.562553
vn -1.570796 -1.570796 -1.570796
v -1.287542 -0.258421 0.550603
vn -1.570800 1.570796 -1.570801
v -1.287542 -0.245421 0.550603
vn -1.570796 1.570794 1.570796
v -1.287542 -0.245421 0.555103
vn -4.712389 1.570796 1.570799
v -1.287542 -0.250121 0.555103
vn -3.926988 2.681544 -1.110718
v -1.287542 -0.250121 0.556783
vn -3.403431 1.896054 -2.471068
v -1.287542 -0.244869 0.562035
vn -3.665200 0.785410 -2.931139
v -1.287542 -0.240421 0.564603
vn -3.141548 1.570762 -2.720728
v -1.287542 -0.243972 0.562553
vn -3.665202 -0.785412 -2.931122
v -1.287542 -0.236421 0.564603
vn -3.403428 -1.896085 -2.471114
v -1.287542 -0.231973 0.562035
vn -3.141546 -1.570765 -2.720728
v -1.287542 -0.232871 0.562553
vn -3.926991 -2.681516 -1.110720
v -1.287542 -0.226721 0.556783
vn -4.712389 -1.570820 1.570804
v -1.287542 -0.226721 0.555103
vn -3.141593 0.000000 3.141556
v -1.287542 -0.230371 0.555103
vn -1.570796 -1.570796 1.570796
v -1.287542 -0.231421 0.555103
vn -1.570796 -1.570794 -1.570760
v -1.287542 -0.231421 0.550603
vn -3.141588 0.000000 -3.141592
v -1.287542 -0.230371 0.550603
vn -1.570796 1.570796 -1.570796
v -1.287542 -0.218421 0.550603
vn -3.141585 3.141556 0.000000
v -1.287542 -0.218421 0.562553
vn -1.570796 1.570796 1.570796
v -1.287542 -0.218421 0.563603
vn -1.570796 -1.570760 1.570794
v -1.287542 -0.222921 0.563603
vn -3.141593 -3.141601 0.000000
v -1.287542 -0.222921 0.562553
vn -4.712389 -1.570796 1.570796
v -1.287542 -0.222921 0.558903
vn -3.926993 1.110723 2.681539
v -1.287542 -0.224601 0.558903
vn -3.403391 2.471048 1.896108
v -1.287542 -0.229853 0.564155
vn -3.141590 2.221443 2.221439
v -1.287542 -0.228251 0.562553
vn -3.665193 2.931152 0.785403
v -1.287542 -0.232421 0.568603
vn -3.665190 2.931138 -0.785401
v -1.287542 -0.232421 0.572603
vn -3.403417 2.471082 -1.896096
v -1.287542 -0.229853 0.577051
vn -3.141573 2.720695 -1.570755
v -1.287542 -0.230371 0.576153
vn -3.926986 1.110710 -2.681515
v -1.287542 -0.224601 0.582303
vn -4.712389 -1.570796 -1.570820
v -1.287542 -0.222921 0.582303
vn -1.570796 -1.570799 -1.570796
v -1.287542 -0.222921 0.577603
vn -1.570800 1.570796 -1.570794
v -1.287542 -0.218421 0.577603
vn -1.570796 1.570801 1.570796
v -1.287542 -0.218421 0.590603
vn -3.141590 0.000000 3.141556
v -1.287542 -0.230371 0.590603
vn -1.570796 -1.570796 1.570796
v -1.287542 -0.231421 0.590603
vn -1.570796 -1.570794 -1.570760
v -1.287542 -0.231421 0.586103
vn -3.141592 0.000000 -3.141601
v -1.287542 -0.230371 0.586103
vn -4.712389 -1.570796 -1.570796
v -1.287542 -0.226721 0.586103
vn -3.926991 -2.681540 1.110720
v -1.287542 -0.226721 0.584423
vn -3.403391 -1.896120 2.471070
v -1.287542 -0.231973 0.579171
vn -3.141593 -2.221457 2.221457
v -1.287542 -0.230371 0.580773
vn -3.665193 -0.785398 2.931142
v -1.287542 -0.236421 0.576603
vn -3.665191 0.785397 2.931131
v -1.287542 -0.240421 0.576603
vn -3.403396 1.896120 2.471065
v -1.287542 -0.244869 0.579171
vn -3.926988 2.681514 1.110711
v -1.287542 -0.250121 0.584423
vn -4.712390 1.570820 -1.570796
v -1.287542 -0.250121 0.586103
vn -1.570796 1.570796 -1.570799
v -1.287542 -0.245421 0.586103
vn -3.665203 2.627983 1.517283
v -1.287542 -0.241885 0.568603
vn -3.665210 -2.627985 1.517272
v -1.287542 -0.234957 0.568603
vn -6.283186 0.000000 0.000000
v -1.287542 -0.230371 0.562553
vn -3.665178 1.517266 2.628004
v -1.287542 -0.240421 0.567139
vn -3.665197 0.000000 3.034544
v -1.287542 -0.238421 0.566603
vn -3.665178 -1.517266 2.628004
v -1.287542 -0.236421 0.567139
vn 3.034543 2.617987 -0.000000
v -0.352692 0.171666 -0.009147
vn 3.034543 3.665198 -0.000000
v -0.352692 0.187666 -0.009147
vn 2.627993 2.617998 -1.517277
v -0.352156 0.171666 -0.007147
vn 2.627993 3.665187 -1.517277
v -0.352156 0.187666 -0.007147
vn 1.517273 2.617993 -2.627993
v -0.350692 0.171666 -0.005683
vn 1.517273 3.665193 -2.627993
v -0.350692 0.187666 -0.005683
vn -0.000006 2.617991 -3.034544
v -0.348692 0.171666 -0.005147
vn -0.000006 3.665194 -3.034545
v -0.348692 0.187666 -0.005147
vn -1.517267 2.618006 -2.628003
v -0.346692 0.171666 -0.005683
vn -1.517267 3.665179 -2.628003
v -0.346692 0.187666 -0.005683
vn -2.627988 2.617974 -1.517267
v -0.345228 0.171666 -0.007147
vn -2.627988 3.665211 -1.517267
v -0.345228 0.187666 -0.007147
vn -3.034554 2.618015 -0.000000
v -0.344692 0.171666 -0.009147
vn -3.034554 3.665170 -0.000000
v -0.344692 0.187666 -0.009147
vn 1.517274 3.665197 -2.628006
v -0.350442 0.171666 -0.006116
vn -0.000010 3.665190 -3.034560
v -0.348692 0.171666 -0.005647
vn -1.517287 3.665193 -2.628000
v -0.346942 0.171666 -0.006116
vn -2.628010 3.665190 -1.517273
v -0.345661 0.171666 -0.007397
vn -3.034560 3.665190 0.000003
v -0.345192 0.171666 -0.009147
vn -2.628006 3.665190 1.517279
v -0.345661 0.171666 -0.010897
vn -2.627988 2.617974 1.517267
v -0.345228 0.171666 -0.011147
vn -1.517281 3.665192 2.628004
v -0.346942 0.171666 -0.012178
vn -1.517268 2.618007 2.628003
v -0.346692 0.171666 -0.012611
vn -0.000003 3.665190 3.034559
v -0.348692 0.171666 -0.012647
vn -0.000006 2.617991 3.034544
v -0.348692 0.171666 -0.013147
vn 1.517281 3.665197 2.628002
v -0.350442 0.171666 -0.012178
vn 1.517273 2.617992 2.627993
v -0.350692 0.171666 -0.012611
vn 2.628010 3.665190 1.517273
v -0.351723 0.171666 -0.010897
vn 2.627993 2.617998 1.517277
v -0.352156 0.171666 -0.011147
vn 3.034560 3.665190 -0.000004
v -0.352192 0.171666 -0.009147
vn 2.628006 3.665190 -1.517279
v -0.351723 0.171666 -0.007397
vn -3.034554 -2.618015 -0.000000
v -0.344692 -0.342434 -0.009147
vn -3.034554 -3.665170 -0.000000
v -0.344692 -0.358434 -0.009147
vn -2.627988 -2.617974 -1.517267
v -0.345228 -0.342434 -0.007147
vn -2.627988 -3.665211 -1.517267
v -0.345228 -0.358434 -0.007147
vn -1.517267 -2.618007 -2.628003
v -0.346692 -0.342434 -0.005683
vn -1.517267 -3.665179 -2.628003
v -0.346692 -0.358434 -0.005683
vn -0.000006 -2.617991 -3.034545
v -0.348692 -0.342434 -0.005147
vn -0.000006 -3.665194 -3.034544
v -0.348692 -0.358434 -0.005147
vn 1.517273 -2.617992 -2.627993
v -0.350692 -0.342434 -0.005683
vn 1.517273 -3.665193 -2.627993
v -0.350692 -0.358434 -0.005683
vn 2.627993 -2.617998 -1.517277
v -0.352156 -0.342434 -0.007147
vn 2.627993 -3.665187 -1.517277
v -0.352156 -0.358434 -0.007147
vn 3.034543 -2.617988 -0.000000
v -0.352692 -0.342434 -0.009147
vn 3.034543 -3.665198 -0.000000
v -0.352692 -0.358434 -0.009147
vn 3.034560 -3.665190 0.000003
v -0.352192 -0.342434 -0.009147
vn 2.628006 -3.665190 1.517279
v -0.351723 -0.342434 -0.010897
vn 2.627993 -2.617998 1.517277
v -0.352156 -0.342434 -0.011147
vn 1.517274 -3.665196 2.628006
v -0.350442 -0.342434 -0.012178
vn 1.517273 -2.617993 2.627993
v -0.350692 -0.342434 -0.012611
vn -0.000010 -3.665190 3.034559
v -0.348692 -0.342434 -0.012647
vn -0.000006 -2.617991 3.034544
v -0.348692 -0.342434 -0.013147
vn -1.517287 -3.665192 2.628000
v -0.346942 -0.342434 -0.012178
vn -1.517268 -2.618006 2.628003
v -0.346692 -0.342434 -0.012611
vn -2.628010 -3.665190 1.517273
v -0.345661 -0.342434 -0.010897
vn -2.627988 -2.617974 1.517267
v -0.345228 -0.342434 -0.011147
vn -3.034560 -3.665190 -0.000004
v -0.345192 -0.342434 -0.009147
vn -2.628006 -3.665190 -1.517279
v -0.345661 -0.342434 -0.007397
vn -1.517281 -3.665193 -2.628004
v -0.346942 -0.342434 -0.006116
vn -0.000003 -3.665190 -3.034560
v -0.348692 -0.342434 -0.005647
vn 1.517280 -3.665197 -2.628002
v -0.350442 -0.342434 -0.006116
vn 2.628010 -3.665190 -1.517273
v -0.351723 -0.342434 -0.007397
vn 2.681504 3.926992 1.110711
v -0.336592 0.187666 0.007953
vn 3.111307 3.337979 -0.306495
v -0.336592 0.187666 0.008603
vn 2.681470 -3.926994 1.110722
v -0.336592 -0.358434 0.007953
vn 3.111399 -3.337980 -0.306505
v -0.336592 -0.358434 0.008603
vn 2.681537 2.356193 1.110722
v -0.334942 0.187666 0.006303
vn 2.681504 -2.356193 1.110711
v -0.334942 -0.358434 0.006303
vn 3.111399 3.337979 0.306504
v -0.334942 0.187666 0.005353
vn 3.111373 -3.337979 0.306495
v -0.334942 -0.358434 0.005353
vn 2.846644 3.534233 1.179153
v -0.334885 0.187666 0.005066
vn 2.846652 -3.534233 1.179136
v -0.334885 -0.358434 0.005066
vn 2.178767 3.534291 2.178682
v -0.334722 0.187666 0.004822
vn 2.178780 -3.534291 2.178669
v -0.334722 -0.358434 0.004822
vn 1.179123 3.534325 2.846627
v -0.334479 0.187666 0.004660
vn 1.179140 -3.534325 2.846620
v -0.334479 -0.358434 0.004660
vn 0.306422 3.337932 3.111387
v -0.334192 0.187666 0.004603
vn 0.306432 -3.337932 3.111413
v -0.334192 -0.358434 0.004603
vn 1.110717 2.356187 2.681498
v -0.333242 0.187666 0.004603
vn 1.110729 -2.356187 2.681530
v -0.333242 -0.358434 0.004603
vn 1.110729 3.926998 2.681464
v -0.331592 0.187666 0.002953
vn 1.110717 -3.926998 2.681498
v -0.331592 -0.358434 0.002953
vn -0.306462 3.337952 3.111407
v -0.330942 0.187666 0.002953
vn -0.306453 -3.337952 3.111315
v -0.330942 -0.358434 0.002953
vn -1.179097 3.534248 2.846663
v -0.330655 0.187666 0.003010
vn -1.179080 -3.534248 2.846670
v -0.330655 -0.358434 0.003010
vn -2.178706 3.534348 2.178718
v -0.330412 0.187666 0.003172
vn -2.178693 -3.534348 2.178731
v -0.330412 -0.358434 0.003172
vn -2.846652 3.534233 1.179136
v -0.330249 0.187666 0.003416
vn -2.846644 -3.534233 1.179153
v -0.330249 -0.358434 0.003416
vn -3.111351 3.337979 0.306495
v -0.330192 0.187666 0.003703
vn -3.111399 -3.337979 0.306504
v -0.330192 -0.358434 0.003703
vn -3.088056 3.403424 -0.406600
v -0.330192 0.187666 0.008353
vn -3.088022 -3.403424 -0.406591
v -0.330192 -0.358434 0.008353
vn -2.627939 3.665168 -1.517320
v -0.330326 0.187666 0.008853
vn -2.627948 -3.665168 -1.517305
v -0.330326 -0.358434 0.008853
vn -1.517244 3.665181 -2.627976
v -0.330692 0.187666 0.009219
vn -1.517260 -3.665181 -2.627967
v -0.330692 -0.358434 0.009219
vn -0.406548 3.403395 -3.088033
v -0.331192 0.187666 0.009353
vn -0.406557 -3.403395 -3.088068
v -0.331192 -0.358434 0.009353
vn 0.306462 3.337952 -3.111407
v -0.335842 0.187666 0.009353
vn 0.306453 -3.337952 -3.111359
v -0.335842 -0.358434 0.009353
vn 1.179100 3.534251 -2.846661
v -0.336129 0.187666 0.009296
vn 1.179083 -3.534251 -2.846668
v -0.336129 -0.358434 0.009296
vn 2.178710 3.534345 -2.178716
v -0.336372 0.187666 0.009133
vn 2.178696 -3.534345 -2.178729
v -0.336372 -0.358434 0.009133
vn 2.846652 3.534232 -1.179137
v -0.336535 0.187666 0.008890
vn 2.846644 -3.534232 -1.179154
v -0.336535 -0.358434 0.008890
vn 3.111399 3.337980 0.306505
v -0.336592 0.187666 -0.026897
vn 3.111307 -3.337979 0.306495
v -0.336592 -0.358434 -0.026897
vn 2.846644 3.534232 1.179154
v -0.336535 0.187666 -0.027184
vn 2.846652 -3.534232 1.179137
v -0.336535 -0.358434 -0.027184
vn 2.178696 3.534345 2.178729
v -0.336372 0.187666 -0.027428
vn 2.178710 -3.534345 2.178716
v -0.336372 -0.358434 -0.027428
vn 1.179083 3.534251 2.846668
v -0.336129 0.187666 -0.027590
vn 1.179100 -3.534251 2.846661
v -0.336129 -0.358434 -0.027590
vn 0.306453 3.337952 3.111359
v -0.335842 0.187666 -0.027647
vn 0.306462 -3.337952 3.111407
v -0.335842 -0.358434 -0.027647
vn -0.406557 3.403395 3.088068
v -0.331192 0.187666 -0.027647
vn -0.406548 -3.403395 3.088033
v -0.331192 -0.358434 -0.027647
vn -1.517260 3.665181 2.627967
v -0.330692 0.187666 -0.027513
vn -1.517244 -3.665181 2.627976
v -0.330692 -0.358434 -0.027513
vn -2.627948 3.665168 1.517305
v -0.330326 0.187666 -0.027147
vn -2.627939 -3.665168 1.517320
v -0.330326 -0.358434 -0.027147
vn -3.088022 3.403424 0.406591
v -0.330192 0.187666 -0.026647
vn -3.088056 -3.403424 0.406600
v -0.330192 -0.358434 -0.026647
vn -3.111399 3.337979 -0.306505
v -0.330192 0.187666 -0.021997
vn -3.111351 -3.337979 -0.306495
v -0.330192 -0.358434 -0.021997
vn -2.846644 3.534232 -1.179154
v -0.330249 0.187666 -0.021710
vn -2.846652 -3.534232 -1.179137
v -0.330249 -0.358434 -0.021710
vn -2.178696 3.534345 -2.178729
v -0.330412 0.187666 -0.021467
vn -2.178710 -3.534345 -2.178716
v -0.330412 -0.358434 -0.021467
vn -1.179083 3.534251 -2.846668
v -0.330655 0.187666 -0.021304
vn -1.179100 -3.534251 -2.846661
v -0.330655 -0.358434 -0.021304
vn -0.306453 3.337953 -3.111315
v -0.330942 0.187666 -0.021247
vn -0.306462 -3.337952 -3.111407
v -0.330942 -0.358434 -0.021247
vn 1.110718 3.926997 -2.681498
v -0.331592 0.187666 -0.021247
vn 1.110729 -3.926998 -2.681464
v -0.331592 -0.358434 -0.021247
vn 1.110729 2.356187 -2.681530
v -0.333242 0.187666 -0.022897
vn 1.110718 -2.356187 -2.681498
v -0.333242 -0.358434 -0.022897
vn 0.306432 3.337932 -3.111413
v -0.334192 0.187666 -0.022897
vn 0.306422 -3.337932 -3.111387
v -0.334192 -0.358434 -0.022897
vn 1.179144 3.534327 -2.846617
v -0.334479 0.187666 -0.022954
vn 1.179127 -3.534327 -2.846624
v -0.334479 -0.358434 -0.022954
vn 2.178783 3.534288 -2.178666
v -0.334722 0.187666 -0.023117
vn 2.178770 -3.534288 -2.178679
v -0.334722 -0.358434 -0.023117
vn 2.846652 3.534232 -1.179137
v -0.334885 0.187666 -0.023360
vn 2.846644 -3.534232 -1.179154
v -0.334885 -0.358434 -0.023360
vn 3.111373 3.337980 -0.306495
v -0.334942 0.187666 -0.023647
vn 3.111399 -3.337980 -0.306505
v -0.334942 -0.358434 -0.023647
vn 2.681504 2.356193 -1.110711
v -0.334942 0.187666 -0.024597
vn 2.681536 -2.356193 -1.110723
v -0.334942 -0.358434 -0.024597
vn 2.681470 3.926992 -1.110723
v -0.336592 0.187666 -0.026247
vn 2.681504 -3.926992 -1.110711
v -0.336592 -0.358434 -0.026247
vn -0.306432 3.337932 3.111413
v -0.361542 0.187666 -0.027647
vn 0.406548 3.403395 3.088033
v -0.366192 0.187666 -0.027647
vn -0.306422 -3.337932 3.111365
v -0.361542 -0.358434 -0.027647
vn 0.406557 -3.403395 3.088068
v -0.366192 -0.358434 -0.027647
vn -1.179144 3.534328 2.846617
v -0.361255 0.187666 -0.027590
vn -1.179127 -3.534328 2.846624
v -0.361255 -0.358434 -0.027590
vn -2.178783 3.534288 2.178666
v -0.361012 0.187666 -0.027428
vn -2.178770 -3.534288 2.178679
v -0.361012 -0.358434 -0.027428
vn -2.846652 3.534232 1.179137
v -0.360849 0.187666 -0.027184
vn -2.846644 -3.534232 1.179154
v -0.360849 -0.358434 -0.027184
vn -3.111307 3.337979 0.306495
v -0.360792 0.187666 -0.026897
vn -3.111399 -3.337979 0.306505
v -0.360792 -0.358434 -0.026897
vn -2.681504 3.926992 -1.110711
v -0.360792 0.187666 -0.026247
vn -2.681470 -3.926992 -1.110723
v -0.360792 -0.358434 -0.026247
vn -2.681536 2.356193 -1.110723
v -0.362442 0.187666 -0.024597
vn -2.681504 -2.356193 -1.110711
v -0.362442 -0.358434 -0.024597
vn -3.111430 3.337880 -0.306351
v -0.362442 0.187666 -0.023647
vn -3.111404 -3.337880 -0.306342
v -0.362442 -0.358434 -0.023647
vn -2.846601 3.534417 -1.179111
v -0.362499 0.187666 -0.023360
vn -2.846608 -3.534417 -1.179094
v -0.362499 -0.358434 -0.023360
vn -2.178696 3.534204 -2.178790
v -0.362662 0.187666 -0.023117
vn -2.178710 -3.534204 -2.178777
v -0.362662 -0.358434 -0.023117
vn -1.179127 3.534327 -2.846624
v -0.362905 0.187666 -0.022954
vn -1.179144 -3.534328 -2.846617
v -0.362905 -0.358434 -0.022954
vn -0.306422 3.337932 -3.111387
v -0.363192 0.187666 -0.022897
vn -0.306432 -3.337932 -3.111413
v -0.363192 -0.358434 -0.022897
vn -1.110707 2.356196 -2.681508
v -0.364142 0.187666 -0.022897
vn -1.110719 -2.356196 -2.681540
v -0.364142 -0.358434 -0.022897
vn -1.110719 3.926988 -2.681474
v -0.365792 0.187666 -0.021247
vn -1.110707 -3.926988 -2.681508
v -0.365792 -0.358434 -0.021247
vn 0.306462 3.337952 -3.111407
v -0.366442 0.187666 -0.021247
vn 0.306453 -3.337953 -3.111315
v -0.366442 -0.358434 -0.021247
vn 1.179174 3.534307 -2.846611
v -0.366729 0.187666 -0.021304
vn 1.179157 -3.534307 -2.846619
v -0.366729 -0.358434 -0.021304
vn 2.178710 3.534204 -2.178777
v -0.366972 0.187666 -0.021467
vn 2.178696 -3.534204 -2.178790
v -0.366972 -0.358434 -0.021467
vn 2.846608 3.534417 -1.179094
v -0.367135 0.187666 -0.021710
vn 2.846601 -3.534417 -1.179111
v -0.367135 -0.358434 -0.021710
vn 3.111382 3.337880 -0.306342
v -0.367192 0.187666 -0.021997
vn 3.111430 -3.337880 -0.306351
v -0.367192 -0.358434 -0.021997
vn 3.088079 3.403368 0.406515
v -0.367192 0.187666 -0.026647
vn 3.088044 -3.403368 0.406507
v -0.367192 -0.358434 -0.026647
vn 2.627962 3.665223 1.517236
v -0.367058 0.187666 -0.027147
vn 2.627970 -3.665223 1.517220
v -0.367058 -0.358434 -0.027147
vn 1.517244 3.665181 2.627976
v -0.366692 0.187666 -0.027513
vn 1.517260 -3.665181 2.627967
v -0.366692 -0.358434 -0.027513
vn 3.111430 3.337879 0.306350
v -0.367192 0.187666 0.003703
vn 3.088044 3.403368 -0.406507
v -0.367192 0.187666 0.008353
vn 3.111382 -3.337879 0.306341
v -0.367192 -0.358434 0.003703
vn 3.088079 -3.403368 -0.406515
v -0.367192 -0.358434 0.008353
vn 2.846601 3.534417 1.179110
v -0.367135 0.187666 0.003416
vn 2.846609 -3.534417 1.179093
v -0.367135 -0.358434 0.003416
vn 2.178693 3.534206 2.178792
v -0.366972 0.187666 0.003172
vn 2.178706 -3.534206 2.178779
v -0.366972 -0.358434 0.003172
vn 1.179154 3.534305 2.846621
v -0.366729 0.187666 0.003010
vn 1.179171 -3.534305 2.846614
v -0.366729 -0.358434 0.003010
vn 0.306453 3.337952 3.111315
v -0.366442 0.187666 0.002953
vn 0.306462 -3.337952 3.111407
v -0.366442 -0.358434 0.002953
vn -1.110707 3.926991 2.681508
v -0.365792 0.187666 0.002953
vn -1.110719 -3.926991 2.681474
v -0.365792 -0.358434 0.002953
vn -1.110719 2.356196 2.681540
v -0.364142 0.187666 0.004603
vn -1.110707 -2.356196 2.681508
v -0.364142 -0.358434 0.004603
vn -0.306432 3.337932 3.111413
v -0.363192 0.187666 0.004603
vn -0.306422 -3.337932 3.111387
v -0.363192 -0.358434 0.004603
vn -1.179140 3.534325 2.846620
v -0.362905 0.187666 0.004660
vn -1.179123 -3.534325 2.846627
v -0.362905 -0.358434 0.004660
vn -2.178706 3.534207 2.178780
v -0.362662 0.187666 0.004822
vn -2.178693 -3.534206 2.178792
v -0.362662 -0.358434 0.004822
vn -2.846609 3.534417 1.179093
v -0.362499 0.187666 0.005066
vn -2.846601 -3.534417 1.179110
v -0.362499 -0.358434 0.005066
vn -3.111404 3.337879 0.306341
v -0.362442 0.187666 0.005353
vn -3.111430 -3.337879 0.306350
v -0.362442 -0.358434 0.005353
vn -2.681504 2.356193 1.110711
v -0.362442 0.187666 0.006303
vn -2.681537 -2.356193 1.110722
v -0.362442 -0.358434 0.006303
vn -2.681471 3.926992 1.110722
v -0.360792 0.187666 0.007953
vn -2.681504 -3.926992 1.110711
v -0.360792 -0.358434 0.007953
vn -3.111399 3.337979 -0.306505
v -0.360792 0.187666 0.008603
vn -3.111307 -3.337979 -0.306495
v -0.360792 -0.358434 0.008603
vn -2.846644 3.534232 -1.179154
v -0.360849 0.187666 0.008890
vn -2.846652 -3.534232 -1.179137
v -0.360849 -0.358434 0.008890
vn -2.178770 3.534288 -2.178679
v -0.361012 0.187666 0.009133
vn -2.178783 -3.534288 -2.178666
v -0.361012 -0.358434 0.009133
vn -1.179127 3.534328 -2.846624
v -0.361255 0.187666 0.009296
vn -1.179144 -3.534328 -2.846617
v -0.361255 -0.358434 0.009296
vn -0.306422 3.337932 -3.111365
v -0.361542 0.187666 0.009353
vn -0.306432 -3.337932 -3.111413
v -0.361542 -0.358434 0.009353
vn 0.406557 3.403395 -3.088068
v -0.366192 0.187666 0.009353
vn 0.406548 -3.403395 -3.088033
v -0.366192 -0.358434 0.009353
vn 1.517260 3.665181 -2.627967
v -0.366692 0.187666 0.009219
vn 1.517244 -3.665181 -2.627976
v -0.366692 -0.358434 0.009219
vn 2.627970 3.665223 -1.517220
v -0.367058 0.187666 0.008853
vn 2.627962 -3.665223 -1.517236
v -0.367058 -0.358434 0.008853
vn 0.000000 -3.141593 3.141595
v -0.340642 -0.358434 -0.024647
vn -1.570792 -1.570796 1.570796
v -0.341692 -0.358434 -0.024647
vn -1.570796 -1.570796 -1.570796
v -0.341692 -0.358434 -0.029147
vn -1.570797 -1.570797 1.570796
v -0.368692 -0.358434 0.010853
vn 1.570796 -4.712389 -1.570794
v -0.360392 -0.358434 0.006353
vn 1.570792 -1.570796 -1.570796
v -0.355692 -0.358434 0.006353
vn 1.570796 -1.570798 1.570797
v -0.355692 -0.358434 0.010853
vn -1.570796 -1.570809 -1.570792
v -0.368692 -0.358434 -0.002147
vn -2.931146 -3.665191 -0.785398
v -0.354692 -0.358434 -0.007147
vn 2.681511 -3.926991 1.110719
v -0.360392 -0.358434 0.004673
vn 0.785396 -3.665189 2.931147
v -0.350692 -0.358434 -0.003147
vn -0.785396 -3.665189 2.931147
v -0.346692 -0.358434 -0.003147
vn 1.570794 -1.570796 -1.570796
v -0.364192 -0.358434 -0.002147
vn 1.570796 -4.712389 -1.570789
v -0.364192 -0.358434 0.002553
vn -1.110724 -3.926990 -2.681523
v -0.362512 -0.358434 0.002553
vn 1.896117 -3.403396 2.471068
v -0.355140 -0.358434 -0.000579
vn -2.471069 -3.403394 -1.896120
v -0.357260 -0.358434 -0.002699
vn -1.517268 -3.665179 2.628003
v -0.346692 -0.358434 -0.012611
vn 2.720695 -3.141578 1.570777
v -0.340642 -0.358434 -0.014698
vn -2.627988 -3.665211 1.517267
v -0.345228 -0.358434 -0.011147
vn 2.931143 -3.665194 0.785402
v -0.342692 -0.358434 -0.011147
vn 2.931144 -3.665194 -0.785402
v -0.342692 -0.358434 -0.007147
vn -0.000006 -3.665195 3.034544
v -0.348692 -0.358434 -0.013147
vn 1.517273 -3.665193 2.627993
v -0.350692 -0.358434 -0.012611
vn 0.785394 -3.665191 -2.931140
v -0.350692 -0.358434 -0.015147
vn 1.570768 -3.141587 -2.720671
v -0.354243 -0.358434 -0.017197
vn 2.627993 -3.665188 1.517277
v -0.352156 -0.358434 -0.011147
vn -2.471070 -3.403394 1.896120
v -0.357260 -0.358434 -0.015595
vn -2.931146 -3.665191 0.785398
v -0.354692 -0.358434 -0.011147
vn 1.570796 -1.570796 1.570796
v -0.328692 -0.358434 0.010853
vn -1.570794 -4.712389 -1.570796
v -0.333192 -0.358434 0.002553
vn 1.570797 -1.570801 -1.570796
v -0.328692 -0.358434 -0.002147
vn -1.570796 -1.570796 -1.570792
v -0.333192 -0.358434 -0.002147
vn 0.000000 -3.141588 3.141592
v -0.340642 -0.358434 0.010853
vn 1.110719 -3.926990 -2.681511
v -0.334872 -0.358434 0.002553
vn -1.570792 -1.570796 1.570796
v -0.341692 -0.358434 0.010853
vn -1.570796 -1.570797 -1.570796
v -0.341692 -0.358434 0.006353
vn 0.000000 -3.141593 -3.141593
v -0.340642 -0.358434 0.006353
vn -1.570789 -4.712389 -1.570799
v -0.336992 -0.358434 0.006353
vn -2.681520 -3.926988 1.110718
v -0.336992 -0.358434 0.004673
vn 2.471050 -3.403405 -1.896089
v -0.340124 -0.358434 -0.002699
vn -2.221442 -3.141596 2.221437
v -0.340642 -0.358434 0.001023
vn 2.720701 -3.141578 -1.570780
v -0.340642 -0.358434 -0.003597
vn -1.896122 -3.403393 2.471079
v -0.342244 -0.358434 -0.000579
vn 1.570796 -1.570796 -1.570795
v -0.328692 -0.358434 -0.029147
vn 3.141592 -3.141595 0.000000
v -0.328692 -0.358434 -0.017197
vn -0.785393 -3.665190 -2.931142
v -0.346692 -0.358434 -0.015147
vn -1.896096 -3.403392 -2.471040
v -0.342244 -0.358434 -0.017715
vn 0.000000 -6.283185 0.000000
v -0.340642 -0.358434 -0.017197
vn -2.221445 -3.141597 -2.221441
v -0.340642 -0.358434 -0.019317
vn -2.681513 -3.926988 -1.110718
v -0.336992 -0.358434 -0.022967
vn 0.000000 -3.141587 -3.141593
v -0.340642 -0.358434 -0.029147
vn 1.110718 -3.926990 2.681516
v -0.334872 -0.358434 -0.020847
vn -1.570799 -4.712389 1.570789
v -0.333192 -0.358434 -0.020847
vn -3.141593 -3.141593 0.000000
v -0.333192 -0.358434 -0.017197
vn 1.570796 -1.570796 1.570792
v -0.328692 -0.358434 -0.016147
vn -1.570796 -1.570796 1.570796
v -0.333192 -0.358434 -0.016147
vn -1.570796 -4.712388 1.570796
v -0.336992 -0.358434 -0.024647
vn 2.471085 -3.403405 1.896110
v -0.340124 -0.358434 -0.015595
vn 1.570796 -1.570796 1.570794
v -0.355692 -0.358434 -0.024647
vn 1.570789 -4.712389 1.570796
v -0.360392 -0.358434 -0.024647
vn -1.570795 -1.570797 -1.570797
v -0.368692 -0.358434 -0.029147
vn 2.681518 -3.926988 -1.110718
v -0.360392 -0.358434 -0.022967
vn -2.221446 -3.141593 2.221450
v -0.358862 -0.358434 -0.017197
vn 1.896112 -3.403400 -2.471074
v -0.355140 -0.358434 -0.017715
vn 1.570792 -1.570798 -1.570796
v -0.355692 -0.358434 -0.029147
vn -3.141593 -3.141588 0.000000
v -0.368692 -0.358434 -0.017197
vn -1.110717 -3.926990 2.681509
v -0.362512 -0.358434 -0.020847
vn 1.570796 -4.712390 1.570796
v -0.364192 -0.358434 -0.020847
vn 3.141595 -3.141593 0.000000
v -0.364192 -0.358434 -0.017197
vn 1.570796 -1.570796 1.570792
v -0.364192 -0.358434 -0.016147
vn -1.570796 -1.570796 1.570796
v -0.368692 -0.358434 -0.016147
vn -1.570781 3.141587 -2.720693
v -0.343141 0.187666 -0.017197
vn 0.000000 6.283185 0.000000
v -0.340642 0.187666 -0.017197
vn -1.896119 3.403400 -2.471080
v -0.342244 0.187666 -0.017715
vn 1.570796 1.570796 -1.570794
v -0.355692 0.187666 0.006353
vn 1.570789 4.712393 -1.570796
v -0.360392 0.187666 0.006353
vn -1.570796 1.570797 1.570797
v -0.368692 0.187666 0.010853
vn -2.931146 3.665191 -0.785398
v -0.354692 0.187666 -0.007147
vn -2.471074 3.403394 -1.896125
v -0.357260 0.187666 -0.002699
vn 2.681518 3.926991 1.110717
v -0.360392 0.187666 0.004673
vn -1.896116 3.403393 2.471073
v -0.342244 0.187666 -0.000579
vn -2.221450 3.141597 2.221446
v -0.340642 0.187666 0.001023
vn 2.720674 3.141578 -1.570764
v -0.340642 0.187666 -0.003597
vn -1.570797 1.570808 -1.570796
v -0.368692 0.187666 -0.002147
vn -1.110719 3.926990 -2.681511
v -0.362512 0.187666 0.002553
vn 1.570794 4.712389 -1.570796
v -0.364192 0.187666 0.002553
vn 1.570796 1.570796 -1.570792
v -0.364192 0.187666 -0.002147
vn 1.570792 1.570798 1.570796
v -0.355692 0.187666 0.010853
vn 1.896118 3.403396 2.471070
v -0.355140 0.187666 -0.000579
vn 0.785396 3.665190 2.931147
v -0.350692 0.187666 -0.003147
vn 2.471037 3.403393 1.896100
v -0.340124 0.187666 -0.015595
vn -1.517268 3.665179 2.628003
v -0.346692 0.187666 -0.012611
vn 2.931141 3.665191 0.785394
v -0.342692 0.187666 -0.011147
vn -2.627988 3.665212 1.517267
v -0.345228 0.187666 -0.011147
vn 2.931138 3.665194 -0.785398
v -0.342692 0.187666 -0.007147
vn -2.931146 3.665191 0.785398
v -0.354692 0.187666 -0.011147
vn 2.627993 3.665187 1.517277
v -0.352156 0.187666 -0.011147
vn -2.471076 3.403394 1.896126
v -0.357260 0.187666 -0.015595
vn -0.785396 3.665190 2.931147
v -0.346692 0.187666 -0.003147
vn 1.570784 3.141587 -2.720699
v -0.354243 0.187666 -0.017197
vn 1.517273 3.665193 2.627993
v -0.350692 0.187666 -0.012611
vn 0.785398 3.665191 -2.931146
v -0.350692 0.187666 -0.015147
vn -0.000006 3.665195 3.034544
v -0.348692 0.187666 -0.013147
vn -0.785398 3.665191 -2.931146
v -0.346692 0.187666 -0.015147
vn 2.221440 3.141593 2.221445
v -0.338522 0.187666 -0.017197
vn -1.570796 1.570797 -1.570796
v -0.368692 0.187666 -0.029147
vn 1.570796 4.712388 1.570794
v -0.360392 0.187666 -0.024647
vn -3.141592 3.141587 0.000000
v -0.368692 0.187666 -0.017197
vn 1.570792 1.570796 1.570796
v -0.355692 0.187666 -0.024647
vn 1.570796 1.570797 -1.570797
v -0.355692 0.187666 -0.029147
vn 2.681511 3.926988 -1.110719
v -0.360392 0.187666 -0.022967
vn -2.221437 3.141593 2.221442
v -0.358862 0.187666 -0.017197
vn 1.896092 3.403400 -2.471039
v -0.355140 0.187666 -0.017715
vn -1.110719 3.926990 2.681519
v -0.362512 0.187666 -0.020847
vn 1.570799 4.712389 1.570789
v -0.364192 0.187666 -0.020847
vn -1.570796 1.570796 1.570792
v -0.368692 0.187666 -0.016147
vn 1.570796 1.570796 1.570796
v -0.364192 0.187666 -0.016147
vn 3.141593 3.141593 0.000000
v -0.364192 0.187666 -0.017197
vn 0.000000 3.141593 3.141593
v -0.340642 0.187666 -0.024647
vn -1.570789 4.712389 1.570799
v -0.336992 0.187666 -0.024647
vn 1.570795 1.570796 -1.570796
v -0.328692 0.187666 -0.029147
vn -2.681517 3.926987 -1.110717
v -0.336992 0.187666 -0.022967
vn 3.141593 3.141595 0.000000
v -0.328692 0.187666 -0.017197
vn -3.141595 3.141593 0.000000
v -0.333192 0.187666 -0.017197
vn -1.570796 4.712390 1.570796
v -0.333192 0.187666 -0.020847
vn 1.110719 3.926990 2.681511
v -0.334872 0.187666 -0.020847
vn 0.000000 3.141588 -3.141592
v -0.340642 0.187666 -0.029147
vn -1.570792 1.570796 -1.570796
v -0.341692 0.187666 -0.029147
vn -1.570796 1.570796 1.570796
v -0.341692 0.187666 -0.024647
vn 1.570796 1.570796 1.570796
v -0.328692 0.187666 -0.016147
vn -1.570796 1.570796 1.570792
v -0.333192 0.187666 -0.016147
vn -2.681511 3.926988 1.110716
v -0.336992 0.187666 0.004673
vn -1.570796 4.712390 -1.570796
v -0.336992 0.187666 0.006353
vn 1.110724 3.926991 -2.681523
v -0.334872 0.187666 0.002553
vn 0.000000 3.141593 -3.141595
v -0.340642 0.187666 0.006353
vn 1.570797 1.570796 1.570795
v -0.328692 0.187666 0.010853
vn 1.570796 1.570803 -1.570792
v -0.328692 0.187666 -0.002147
vn 2.471078 3.403405 -1.896104
v -0.340124 0.187666 -0.002699
vn 0.000000 3.141588 3.141593
v -0.340642 0.187666 0.010853
vn -1.570794 1.570796 -1.570796
v -0.333192 0.187666 -0.002147
vn -1.570796 4.712389 -1.570789
v -0.333192 0.187666 0.002553
vn -1.570792 1.570797 -1.570796
v -0.341692 0.187666 0.006353
vn -1.570796 1.570796 1.570796
v -0.341692 0.187666 0.010853
vn 3.034566 2.618043 0.000000
v -1.125492 0.171666 -0.009147
vn 3.034566 3.665143 -0.000000
v -1.125492 0.187666 -0.009147
vn 2.627994 2.617960 -1.517246
v -1.124956 0.171666 -0.007147
vn 2.627994 3.665225 -1.517246
v -1.124956 0.187666 -0.007147
vn 1.517267 2.618007 -2.628003
v -1.123492 0.171666 -0.005683
vn 1.517267 3.665179 -2.628003
v -1.123492 0.187666 -0.005683
vn 0.000000 2.617987 -3.034544
v -1.121492 0.171666 -0.005147
vn -0.000000 3.665198 -3.034544
v -1.121492 0.187666 -0.005147
vn -1.517267 2.618006 -2.628003
v -1.119492 0.171666 -0.005683
vn -1.517267 3.665179 -2.628003
v -1.119492 0.187666 -0.005683
vn -2.627971 2.618016 -1.517330
v -1.118028 0.171666 -0.007147
vn -2.627971 3.665170 -1.517330
v -1.118028 0.187666 -0.007147
vn -3.034521 2.617932 -0.000000
v -1.117492 0.171666 -0.009147
vn -3.034520 3.665254 -0.000000
v -1.117492 0.187666 -0.009147
vn 1.517307 3.665216 -2.627978
v -1.123242 0.171666 -0.006116
vn -0.000004 3.665194 -3.034558
v -1.121492 0.171666 -0.005647
vn -1.517261 3.665169 -2.628026
v -1.119742 0.171666 -0.006116
vn -2.627997 3.665245 -1.517250
v -1.118461 0.171666 -0.007397
vn -3.034585 3.665126 0.000003
v -1.117992 0.171666 -0.009147
vn -2.627993 3.665246 1.517256
v -1.118461 0.171666 -0.010897
vn -2.627971 2.618016 1.517330
v -1.118028 0.171666 -0.011147
vn -1.517255 3.665169 2.628030
v -1.119742 0.171666 -0.012178
vn -1.517268 2.618007 2.628003
v -1.119492 0.171666 -0.012611
vn 0.000004 3.665194 3.034558
v -1.121492 0.171666 -0.012647
vn -0.000000 2.617987 3.034543
v -1.121492 0.171666 -0.013147
vn 1.517313 3.665215 2.627975
v -1.123242 0.171666 -0.012178
vn 1.517268 2.618006 2.628003
v -1.123492 0.171666 -0.012611
vn 2.628023 3.665135 1.517295
v -1.124523 0.171666 -0.010897
vn 2.627994 2.617960 1.517246
v -1.124956 0.171666 -0.011147
vn 3.034534 3.665253 -0.000004
v -1.124992 0.171666 -0.009147
vn 2.628019 3.665135 -1.517301
v -1.124523 0.171666 -0.007397
vn -3.034520 -2.617932 -0.000000
v -1.117492 -0.342434 -0.009147
vn -3.034521 -3.665254 -0.000000
v -1.117492 -0.358434 -0.009147
vn -2.627971 -2.618016 -1.517330
v -1.118028 -0.342434 -0.007147
vn -2.627971 -3.665170 -1.517330
v -1.118028 -0.358434 -0.007147
vn -1.517267 -2.618007 -2.628003
v -1.119492 -0.342434 -0.005683
vn -1.517267 -3.665179 -2.628003
v -1.119492 -0.358434 -0.005683
vn -0.000000 -2.617987 -3.034544
v -1.121492 -0.342434 -0.005147
vn 0.000000 -3.665198 -3.034544
v -1.121492 -0.358434 -0.005147
vn 1.517267 -2.618006 -2.628003
v -1.123492 -0.342434 -0.005683
vn 1.517267 -3.665179 -2.628003
v -1.123492 -0.358434 -0.005683
vn 2.627994 -2.617960 -1.517246
v -1.124956 -0.342434 -0.007147
vn 2.627994 -3.665225 -1.517246
v -1.124956 -0.358434 -0.007147
vn 3.034566 -2.618043 -0.000000
v -1.125492 -0.342434 -0.009147
vn 3.034566 -3.665142 0.000000
v -1.125492 -0.358434 -0.009147
vn 3.034534 -3.665254 0.000003
v -1.124992 -0.342434 -0.009147
vn 2.628019 -3.665135 1.517301
v -1.124523 -0.342434 -0.010897
vn 2.627994 -2.617960 1.517246
v -1.124956 -0.342434 -0.011147
vn 1.517307 -3.665215 2.627978
v -1.123242 -0.342434 -0.012178
vn 1.517268 -2.618007 2.628003
v -1.123492 -0.342434 -0.012611
vn -0.000004 -3.665194 3.034558
v -1.121492 -0.342434 -0.012647
vn 0.000000 -2.617987 3.034543
v -1.121492 -0.342434 -0.013147
vn -1.517261 -3.665169 2.628026
v -1.119742 -0.342434 -0.012178
vn -1.517268 -2.618007 2.628003
v -1.119492 -0.342434 -0.012611
vn -2.627997 -3.665245 1.517250
v -1.118461 -0.342434 -0.010897
vn -2.627971 -2.618015 1.517330
v -1.118028 -0.342434 -0.011147
vn -3.034585 -3.665126 -0.000004
v -1.117992 -0.342434 -0.009147
vn -2.627993 -3.665246 -1.517256
v -1.118461 -0.342434 -0.007397
vn -1.517255 -3.665170 -2.628030
v -1.119742 -0.342434 -0.006116
vn 0.000004 -3.665194 -3.034558
v -1.121492 -0.342434 -0.005647
vn 1.517313 -3.665216 -2.627974
v -1.123242 -0.342434 -0.006116
vn 2.628023 -3.665134 -1.517295
v -1.124523 -0.342434 -0.007397
vn 2.681474 3.927019 1.110741
v -1.109392 0.187666 0.007953
vn 3.111307 3.337979 -0.306495
v -1.109392 0.187666 0.008603
vn 2.681440 -3.927019 1.110752
v -1.109392 -0.358434 0.007953
vn 3.111399 -3.337980 -0.306505
v -1.109392 -0.358434 0.008603
vn 2.681507 2.356166 1.110752
v -1.107742 0.187666 0.006303
vn 2.681474 -2.356166 1.110741
v -1.107742 -0.358434 0.006303
vn 3.111521 3.337579 0.305888
v -1.107742 0.187666 0.005353
vn 3.111496 -3.337579 0.305879
v -1.107742 -0.358434 0.005353
vn 2.846694 3.534717 1.178648
v -1.107685 0.187666 0.005066
vn 2.846700 -3.534717 1.178631
v -1.107685 -0.358434 0.005066
vn 2.178693 3.534206 2.178792
v -1.107522 0.187666 0.004822
vn 2.178706 -3.534206 2.178779
v -1.107522 -0.358434 0.004822
vn 1.179092 3.534344 2.846633
v -1.107279 0.187666 0.004660
vn 1.179110 -3.534344 2.846626
v -1.107279 -0.358434 0.004660
vn 0.306392 3.337912 3.111393
v -1.106992 0.187666 0.004603
vn 0.306401 -3.337912 3.111420
v -1.106992 -0.358434 0.004603
vn 1.110717 2.356187 2.681498
v -1.106042 0.187666 0.004603
vn 1.110729 -2.356187 2.681530
v -1.106042 -0.358434 0.004603
vn 1.110729 3.926998 2.681464
v -1.104392 0.187666 0.002953
vn 1.110717 -3.926998 2.681498
v -1.104392 -0.358434 0.002953
vn -0.306401 3.337912 3.111420
v -1.103742 0.187666 0.002953
vn -0.306392 -3.337912 3.111327
v -1.103742 -0.358434 0.002953
vn -1.179110 3.534345 2.846626
v -1.103455 0.187666 0.003010
vn -1.179092 -3.534345 2.846633
v -1.103455 -0.358434 0.003010
vn -2.179002 3.534545 2.178337
v -1.103212 0.187666 0.003172
vn -2.178988 -3.534545 2.178350
v -1.103212 -0.358434 0.003172
vn -2.846874 3.533979 1.178804
v -1.103049 0.187666 0.003416
vn -2.846866 -3.533979 1.178821
v -1.103049 -0.358434 0.003416
vn -3.111351 3.337979 0.306495
v -1.102992 0.187666 0.003703
vn -3.111399 -3.337979 0.306504
v -1.102992 -0.358434 0.003703
vn -3.088147 3.403201 -0.406262
v -1.102992 0.187666 0.008353
vn -3.088112 -3.403201 -0.406253
v -1.102992 -0.358434 0.008353
vn -2.627939 3.665472 -1.517073
v -1.103126 0.187666 0.008853
vn -2.627948 -3.665472 -1.517058
v -1.103126 -0.358434 0.008853
vn -1.517177 3.665084 -2.628061
v -1.103492 0.187666 0.009219
vn -1.517192 -3.665084 -2.628052
v -1.103492 -0.358434 0.009219
vn -0.406570 3.403410 -3.088027
v -1.103992 0.187666 0.009353
vn -0.406579 -3.403410 -3.088062
v -1.103992 -0.358434 0.009353
vn 0.306401 3.337913 -3.111420
v -1.108642 0.187666 0.009353
vn 0.306392 -3.337913 -3.111372
v -1.108642 -0.358434 0.009353
vn 1.179113 3.534347 -2.846623
v -1.108929 0.187666 0.009296
vn 1.179096 -3.534347 -2.846631
v -1.108929 -0.358434 0.009296
vn 2.178710 3.534204 -2.178777
v -1.109172 0.187666 0.009133
vn 2.178696 -3.534204 -2.178790
v -1.109172 -0.358434 0.009133
vn 2.846578 3.534317 -1.179248
v -1.109335 0.187666 0.008890
vn 2.846570 -3.534317 -1.179265
v -1.109335 -0.358434 0.008890
vn 3.111399 3.337980 0.306505
v -1.109392 0.187666 -0.026897
vn 3.111307 -3.337980 0.306495
v -1.109392 -0.358434 -0.026897
vn 2.846570 3.534317 1.179265
v -1.109335 0.187666 -0.027184
vn 2.846578 -3.534317 1.179248
v -1.109335 -0.358434 -0.027184
vn 2.178696 3.534204 2.178790
v -1.109172 0.187666 -0.027428
vn 2.178710 -3.534204 2.178777
v -1.109172 -0.358434 -0.027428
vn 1.179096 3.534347 2.846631
v -1.108929 0.187666 -0.027590
vn 1.179113 -3.534347 2.846623
v -1.108929 -0.358434 -0.027590
vn 0.306392 3.337913 3.111372
v -1.108642 0.187666 -0.027647
vn 0.306401 -3.337913 3.111420
v -1.108642 -0.358434 -0.027647
vn -0.406579 3.403410 3.088062
v -1.103992 0.187666 -0.027647
vn -0.406570 -3.403410 3.088027
v -1.103992 -0.358434 -0.027647
vn -1.517192 3.665084 2.628052
v -1.103492 0.187666 -0.027513
vn -1.517177 -3.665084 2.628061
v -1.103492 -0.358434 -0.027513
vn -2.627948 3.665472 1.517058
v -1.103126 0.187666 -0.027147
vn -2.627939 -3.665472 1.517073
v -1.103126 -0.358434 -0.027147
vn -3.088112 3.403201 0.406253
v -1.102992 0.187666 -0.026647
vn -3.088147 -3.403201 0.406262
v -1.102992 -0.358434 -0.026647
vn -3.111399 3.337980 -0.306505
v -1.102992 0.187666 -0.021997
vn -3.111351 -3.337980 -0.306495
v -1.102992 -0.358434 -0.021997
vn -2.846866 3.533978 -1.178823
v -1.103049 0.187666 -0.021710
vn -2.846873 -3.533978 -1.178805
v -1.103049 -0.358434 -0.021710
vn -2.178992 3.534542 -2.178348
v -1.103212 0.187666 -0.021467
vn -2.179005 -3.534542 -2.178334
v -1.103212 -0.358434 -0.021467
vn -1.179096 3.534347 -2.846631
v -1.103455 0.187666 -0.021304
vn -1.179113 -3.534347 -2.846623
v -1.103455 -0.358434 -0.021304
vn -0.306392 3.337913 -3.111327
v -1.103742 0.187666 -0.021247
vn -0.306401 -3.337912 -3.111420
v -1.103742 -0.358434 -0.021247
vn 1.110718 3.926999 -2.681498
v -1.104392 0.187666 -0.021247
vn 1.110729 -3.926998 -2.681464
v -1.104392 -0.358434 -0.021247
vn 1.110729 2.356187 -2.681530
v -1.106042 0.187666 -0.022897
vn 1.110718 -2.356187 -2.681498
v -1.106042 -0.358434 -0.022897
vn 0.306401 3.337913 -3.111420
v -1.106992 0.187666 -0.022897
vn 0.306392 -3.337913 -3.111393
v -1.106992 -0.358434 -0.022897
vn 1.179113 3.534347 -2.846623
v -1.107279 0.187666 -0.022954
vn 1.179096 -3.534347 -2.846631
v -1.107279 -0.358434 -0.022954
vn 2.178710 3.534204 -2.178777
v -1.107522 0.187666 -0.023117
vn 2.178696 -3.534204 -2.178790
v -1.107522 -0.358434 -0.023117
vn 2.846700 3.534716 -1.178632
v -1.107685 0.187666 -0.023360
vn 2.846693 -3.534717 -1.178649
v -1.107685 -0.358434 -0.023360
vn 3.111495 3.337580 -0.305880
v -1.107742 0.187666 -0.023647
vn 3.111521 -3.337580 -0.305889
v -1.107742 -0.358434 -0.023647
vn 2.681473 2.356166 -1.110741
v -1.107742 0.187666 -0.024597
vn 2.681506 -2.356166 -1.110753
v -1.107742 -0.358434 -0.024597
vn 2.681440 3.927020 -1.110753
v -1.109392 0.187666 -0.026247
vn 2.681474 -3.927018 -1.110741
v -1.109392 -0.358434 -0.026247
vn -0.306524 3.337992 3.111395
v -1.134342 0.187666 -0.027647
vn 0.406480 3.403350 3.088051
v -1.138992 0.187666 -0.027647
vn -0.306514 -3.337992 3.111347
v -1.134342 -0.358434 -0.027647
vn 0.406489 -3.403350 3.088086
v -1.138992 -0.358434 -0.027647
vn -1.179235 3.534268 2.846599
v -1.134055 0.187666 -0.027590
vn -1.179218 -3.534268 2.846606
v -1.134055 -0.358434 -0.027590
vn -2.178710 3.534204 2.178777
v -1.133812 0.187666 -0.027428
vn -2.178696 -3.534204 2.178790
v -1.133812 -0.358434 -0.027428
vn -2.846578 3.534317 1.179248
v -1.133649 0.187666 -0.027184
vn -2.846570 -3.534317 1.179265
v -1.133649 -0.358434 -0.027184
vn -3.111307 3.337979 0.306495
v -1.133592 0.187666 -0.026897
vn -3.111399 -3.337979 0.306505
v -1.133592 -0.358434 -0.026897
vn -2.681514 3.926983 -1.110701
v -1.133592 0.187666 -0.026247
vn -2.681480 -3.926983 -1.110713
v -1.133592 -0.358434 -0.026247
vn -2.681546 2.356202 -1.110713
v -1.135242 0.187666 -0.024597
vn -2.681514 -2.356202 -1.110701
v -1.135242 -0.358434 -0.024597
vn -3.111399 3.337979 -0.306505
v -1.135242 0.187666 -0.023647
vn -3.111373 -3.337980 -0.306495
v -1.135242 -0.358434 -0.023647
vn -2.846570 3.534317 -1.179265
v -1.135299 0.187666 -0.023360
vn -2.846578 -3.534317 -1.179248
v -1.135299 -0.358434 -0.023360
vn -2.178696 3.534204 -2.178790
v -1.135462 0.187666 -0.023117
vn -2.178710 -3.534204 -2.178777
v -1.135462 -0.358434 -0.023117
vn -1.179096 3.534347 -2.846631
v -1.135705 0.187666 -0.022954
vn -1.179113 -3.534347 -2.846623
v -1.135705 -0.358434 -0.022954
vn -0.306392 3.337913 -3.111393
v -1.135992 0.187666 -0.022897
vn -0.306401 -3.337913 -3.111420
v -1.135992 -0.358434 -0.022897
vn -1.110718 2.356187 -2.681498
v -1.136942 0.187666 -0.022897
vn -1.110729 -2.356187 -2.681530
v -1.136942 -0.358434 -0.022897
vn -1.110729 3.926999 -2.681464
v -1.138592 0.187666 -0.021247
vn -1.110718 -3.926999 -2.681498
v -1.138592 -0.358434 -0.021247
vn 0.306524 3.337992 -3.111395
v -1.139242 0.187666 -0.021247
vn 0.306514 -3.337992 -3.111303
v -1.139242 -0.358434 -0.021247
vn 1.179235 3.534268 -2.846599
v -1.139529 0.187666 -0.021304
vn 1.179218 -3.534268 -2.846606
v -1.139529 -0.358434 -0.021304
vn 2.178710 3.534204 -2.178777
v -1.139772 0.187666 -0.021467
vn 2.178696 -3.534204 -2.178790
v -1.139772 -0.358434 -0.021467
vn 2.846578 3.534317 -1.179248
v -1.139935 0.187666 -0.021710
vn 2.846570 -3.534317 -1.179265
v -1.139935 -0.358434 -0.021710
vn 3.111351 3.337980 -0.306495
v -1.139992 0.187666 -0.021997
vn 3.111399 -3.337980 -0.306505
v -1.139992 -0.358434 -0.021997
vn 3.088056 3.403424 0.406600
v -1.139992 0.187666 -0.026647
vn 3.088022 -3.403424 0.406591
v -1.139992 -0.358434 -0.026647
vn 2.628029 3.665086 1.517230
v -1.139858 0.187666 -0.027147
vn 2.628038 -3.665086 1.517214
v -1.139858 -0.358434 -0.027147
vn 1.517267 3.665307 2.627904
v -1.139492 0.187666 -0.027513
vn 1.517282 -3.665307 2.627895
v -1.139492 -0.358434 -0.027513
vn 3.111399 3.337979 0.306504
v -1.139992 0.187666 0.003703
vn 3.088022 3.403424 -0.406591
v -1.139992 0.187666 0.008353
vn 3.111351 -3.337979 0.306495
v -1.139992 -0.358434 0.003703
vn 3.088056 -3.403424 -0.406600
v -1.139992 -0.358434 0.008353
vn 2.846571 3.534317 1.179264
v -1.139935 0.187666 0.003416
vn 2.846578 -3.534317 1.179247
v -1.139935 -0.358434 0.003416
vn 2.178693 3.534206 2.178792
v -1.139772 0.187666 0.003172
vn 2.178706 -3.534206 2.178779
v -1.139772 -0.358434 0.003172
vn 1.179215 3.534265 2.846609
v -1.139529 0.187666 0.003010
vn 1.179232 -3.534265 2.846602
v -1.139529 -0.358434 0.003010
vn 0.306514 3.337992 3.111303
v -1.139242 0.187666 0.002953
vn 0.306524 -3.337992 3.111395
v -1.139242 -0.358434 0.002953
vn -1.110717 3.926997 2.681498
v -1.138592 0.187666 0.002953
vn -1.110729 -3.926997 2.681464
v -1.138592 -0.358434 0.002953
vn -1.110729 2.356187 2.681530
v -1.136942 0.187666 0.004603
vn -1.110717 -2.356187 2.681498
v -1.136942 -0.358434 0.004603
vn -0.306401 3.337913 3.111420
v -1.135992 0.187666 0.004603
vn -0.306392 -3.337913 3.111393
v -1.135992 -0.358434 0.004603
vn -1.179110 3.534345 2.846626
v -1.135705 0.187666 0.004660
vn -1.179092 -3.534345 2.846633
v -1.135705 -0.358434 0.004660
vn -2.178706 3.534206 2.178780
v -1.135462 0.187666 0.004822
vn -2.178693 -3.534206 2.178792
v -1.135462 -0.358434 0.004822
vn -2.846578 3.534317 1.179247
v -1.135299 0.187666 0.005066
vn -2.846571 -3.534317 1.179264
v -1.135299 -0.358434 0.005066
vn -3.111373 3.337979 0.306495
v -1.135242 0.187666 0.005353
vn -3.111399 -3.337979 0.306504
v -1.135242 -0.358434 0.005353
vn -2.681514 2.356202 1.110701
v -1.135242 0.187666 0.006303
vn -2.681547 -2.356202 1.110712
v -1.135242 -0.358434 0.006303
vn -2.681481 3.926983 1.110712
v -1.133592 0.187666 0.007953
vn -2.681514 -3.926983 1.110701
v -1.133592 -0.358434 0.007953
vn -3.111399 3.337979 -0.306505
v -1.133592 0.187666 0.008603
vn -3.111307 -3.337979 -0.306495
v -1.133592 -0.358434 0.008603
vn -2.846570 3.534317 -1.179265
v -1.133649 0.187666 0.008890
vn -2.846578 -3.534317 -1.179248
v -1.133649 -0.358434 0.008890
vn -2.178696 3.534204 -2.178790
v -1.133812 0.187666 0.009133
vn -2.178710 -3.534204 -2.178777
v -1.133812 -0.358434 0.009133
vn -1.179218 3.534268 -2.846606
v -1.134055 0.187666 0.009296
vn -1.179235 -3.534268 -2.846599
v -1.134055 -0.358434 0.009296
vn -0.306514 3.337992 -3.111347
v -1.134342 0.187666 0.009353
vn -0.306524 -3.337992 -3.111395
v -1.134342 -0.358434 0.009353
vn 0.406489 3.403350 -3.088086
v -1.138992 0.187666 0.009353
vn 0.406480 -3.403350 -3.088051
v -1.138992 -0.358434 0.009353
vn 1.517282 3.665307 -2.627895
v -1.139492 0.187666 0.009219
vn 1.517267 -3.665307 -2.627904
v -1.139492 -0.358434 0.009219
vn 2.628038 3.665086 -1.517214
v -1.139858 0.187666 0.008853
vn 2.628029 -3.665086 -1.517230
v -1.139858 -0.358434 0.008853
vn 0.000000 -3.141593 3.141595
v -1.113442 -0.358434 -0.024647
vn -1.570792 -1.570796 1.570796
v -1.114492 -0.358434 -0.024647
vn -1.570796 -1.570796 -1.570796
v -1.114492 -0.358434 -0.029147
vn -1.570797 -1.570797 1.570796
v -1.141492 -0.358434 0.010853
vn 1.570796 -4.712389 -1.570794
v -1.133192 -0.358434 0.006353
vn 1.570792 -1.570796 -1.570796
v -1.128492 -0.358434 0.006353
vn 1.570796 -1.570796 1.570797
v -1.128492 -0.358434 0.010853
vn -1.570796 -1.570795 -1.570792
v -1.141492 -0.358434 -0.002147
vn -2.931146 -3.665191 -0.785398
v -1.127492 -0.358434 -0.007147
vn 2.681508 -3.926993 1.110722
v -1.133192 -0.358434 0.004673
vn 0.785392 -3.665187 2.931149
v -1.123492 -0.358434 -0.003147
vn -0.785392 -3.665187 2.931149
v -1.119492 -0.358434 -0.003147
vn 1.570794 -1.570796 -1.570796
v -1.136992 -0.358434 -0.002147
vn 1.570796 -4.712389 -1.570789
v -1.136992 -0.358434 0.002553
vn -1.110731 -3.927001 -2.681504
v -1.135312 -0.358434 0.002553
vn 1.896116 -3.403396 2.471080
v -1.127940 -0.358434 -0.000579
vn -2.471082 -3.403382 -1.896107
v -1.130060 -0.358434 -0.002699
vn -1.517268 -3.665179 2.628003
v -1.119492 -0.358434 -0.012611
vn 2.720652 -3.141671 1.570853
v -1.113442 -0.358434 -0.014698
vn -2.627971 -3.665170 1.517330
v -1.118028 -0.358434 -0.011147
vn 2.931158 -3.665175 0.785376
v -1.115492 -0.358434 -0.011147
vn 2.931159 -3.665175 -0.785376
v -1.115492 -0.358434 -0.007147
vn -0.000000 -3.665198 3.034543
v -1.121492 -0.358434 -0.013147
vn 1.517268 -3.665179 2.628003
v -1.123492 -0.358434 -0.012611
vn 0.785384 -3.665184 -2.931146
v -1.123492 -0.358434 -0.015147
vn 1.570778 -3.141608 -2.720665
v -1.127043 -0.358434 -0.017197
vn 2.627994 -3.665226 1.517246
v -1.124956 -0.358434 -0.011147
vn -2.471090 -3.403375 1.896099
v -1.130060 -0.358434 -0.015595
vn -2.931146 -3.665191 0.785398
v -1.127492 -0.358434 -0.011147
vn 1.570796 -1.570796 1.570796
v -1.101492 -0.358434 0.010853
vn -1.570794 -4.712389 -1.570796
v -1.105992 -0.358434 0.002553
vn 1.570797 -1.570795 -1.570796
v -1.101492 -0.358434 -0.002147
vn -1.570796 -1.570796 -1.570792
v -1.105992 -0.358434 -0.002147
vn 0.000000 -3.141598 3.141592
v -1.113442 -0.358434 0.010853
vn 1.110719 -3.926990 -2.681511
v -1.107672 -0.358434 0.002553
vn -1.570792 -1.570796 1.570796
v -1.114492 -0.358434 0.010853
vn -1.570796 -1.570797 -1.570796
v -1.114492 -0.358434 0.006353
vn 0.000000 -3.141593 -3.141593
v -1.113442 -0.358434 0.006353
vn -1.570789 -4.712389 -1.570799
v -1.109792 -0.358434 0.006353
vn -2.681507 -3.927000 1.110731
v -1.109792 -0.358434 0.004673
vn 2.470991 -3.403331 -1.896191
v -1.112924 -0.358434 -0.002699
vn -2.221449 -3.141566 2.221430
v -1.113442 -0.358434 0.001023
vn 2.720657 -3.141672 -1.570856
v -1.113442 -0.358434 -0.003597
vn -1.896139 -3.403414 2.471061
v -1.115044 -0.358434 -0.000579
vn 1.570796 -1.570796 -1.570795
v -1.101492 -0.358434 -0.029147
vn 3.141592 -3.141592 0.000000
v -1.101492 -0.358434 -0.017197
vn -0.785389 -3.665187 -2.931144
v -1.119492 -0.358434 -0.015147
vn -1.896113 -3.403414 -2.471021
v -1.115044 -0.358434 -0.017715
vn 0.000000 -6.283185 0.000000
v -1.113442 -0.358434 -0.017197
vn -2.221452 -3.141566 -2.221434
v -1.113442 -0.358434 -0.019317
vn -2.681499 -3.927000 -1.110731
v -1.109792 -0.358434 -0.022967
vn 0.000000 -3.141597 -3.141593
v -1.113442 -0.358434 -0.029147
vn 1.110717 -3.926990 2.681516
v -1.107672 -0.358434 -0.020847
vn -1.570799 -4.712389 1.570789
v -1.105992 -0.358434 -0.020847
vn -3.141593 -3.141593 0.000000
v -1.105992 -0.358434 -0.017197
vn 1.570796 -1.570796 1.570792
v -1.101492 -0.358434 -0.016147
vn -1.570796 -1.570796 1.570796
v -1.105992 -0.358434 -0.016147
vn -1.570796 -4.712389 1.570796
v -1.109792 -0.358434 -0.024647
vn 2.471027 -3.403331 1.896212
v -1.112924 -0.358434 -0.015595
vn 1.570796 -1.570796 1.570794
v -1.128492 -0.358434 -0.024647
vn 1.570789 -4.712389 1.570796
v -1.133192 -0.358434 -0.024647
vn -1.570795 -1.570797 -1.570797
v -1.141492 -0.358434 -0.029147
vn 2.681520 -3.926993 -1.110727
v -1.133192 -0.358434 -0.022967
vn -2.221476 -3.141604 2.221421
v -1.131662 -0.358434 -0.017197
vn 1.896129 -3.403383 -2.471065
v -1.127940 -0.358434 -0.017715
vn 1.570792 -1.570796 -1.570796
v -1.128492 -0.358434 -0.029147
vn -3.141593 -3.141590 0.000000
v -1.141492 -0.358434 -0.017197
vn -1.110727 -3.926998 2.681500
v -1.135312 -0.358434 -0.020847
vn 1.570796 -4.712389 1.570796
v -1.136992 -0.358434 -0.020847
vn 3.141595 -3.141593 0.000000
v -1.136992 -0.358434 -0.017197
vn 1.570796 -1.570796 1.570792
v -1.136992 -0.358434 -0.016147
vn -1.570796 -1.570796 1.570796
v -1.141492 -0.358434 -0.016147
vn -1.570790 3.141609 -2.720687
v -1.115941 0.187666 -0.017197
vn 0.000000 6.283185 0.000000
v -1.113442 0.187666 -0.017197
vn -1.896135 3.403383 -2.471072
v -1.115044 0.187666 -0.017715
vn 1.570796 1.570796 -1.570794
v -1.128492 0.187666 0.006353
vn 1.570789 4.712389 -1.570796
v -1.133192 0.187666 0.006353
vn -1.570796 1.570797 1.570797
v -1.141492 0.187666 0.010853
vn -2.931146 3.665191 -0.785398
v -1.127492 0.187666 -0.007147
vn -2.471081 3.403383 -1.896106
v -1.130060 0.187666 -0.002699
vn 2.681520 3.926994 1.110727
v -1.133192 0.187666 0.004673
vn -1.896132 3.403414 2.471054
v -1.115044 0.187666 -0.000579
vn -2.221457 3.141566 2.221439
v -1.113442 0.187666 0.001023
vn 2.720630 3.141671 -1.570840
v -1.113442 0.187666 -0.003597
vn -1.570797 1.570794 -1.570796
v -1.141492 0.187666 -0.002147
vn -1.110732 3.927001 -2.681498
v -1.135312 0.187666 0.002553
vn 1.570794 4.712389 -1.570796
v -1.136992 0.187666 0.002553
vn 1.570796 1.570796 -1.570792
v -1.136992 0.187666 -0.002147
vn 1.570792 1.570796 1.570796
v -1.128492 0.187666 0.010853
vn 1.896111 3.403396 2.471075
v -1.127940 0.187666 -0.000579
vn 0.785392 3.665187 2.931149
v -1.123492 0.187666 -0.003147
vn 2.471057 3.403374 1.896080
v -1.112924 0.187666 -0.015595
vn -1.517268 3.665179 2.628003
v -1.119492 0.187666 -0.012611
vn 2.931141 3.665191 0.785394
v -1.115492 0.187666 -0.011147
vn -2.627971 3.665170 1.517330
v -1.118028 0.187666 -0.011147
vn 2.931153 3.665175 -0.785373
v -1.115492 0.187666 -0.007147
vn -2.931146 3.665191 0.785398
v -1.127492 0.187666 -0.011147
vn 2.627994 3.665225 1.517246
v -1.124956 0.187666 -0.011147
vn -2.471097 3.403375 1.896105
v -1.130060 0.187666 -0.015595
vn -0.785392 3.665187 2.931149
v -1.119492 0.187666 -0.003147
vn 1.570794 3.141608 -2.720693
v -1.127043 0.187666 -0.017197
vn 1.517268 3.665179 2.628003
v -1.123492 0.187666 -0.012611
vn 0.785388 3.665184 -2.931152
v -1.123492 0.187666 -0.015147
vn 0.000000 3.665198 3.034543
v -1.121492 0.187666 -0.013147
vn -0.785388 3.665184 -2.931152
v -1.119492 0.187666 -0.015147
vn 2.221452 3.141620 2.221434
v -1.111322 0.187666 -0.017197
vn -1.570796 1.570797 -1.570796
v -1.141492 0.187666 -0.029147
vn 1.570796 4.712388 1.570794
v -1.133192 0.187666 -0.024647
vn -3.141592 3.141590 0.000000
v -1.141492 0.187666 -0.017197
vn 1.570792 1.570796 1.570796
v -1.128492 0.187666 -0.024647
vn 1.570796 1.570795 -1.570797
v -1.128492 0.187666 -0.029147
vn 2.681508 3.926994 -1.110722
v -1.133192 0.187666 -0.022967
vn -2.221467 3.141604 2.221412
v -1.131662 0.187666 -0.017197
vn 1.896114 3.403382 -2.471037
v -1.127940 0.187666 -0.017715
vn -1.110729 3.926998 2.681509
v -1.135312 0.187666 -0.020847
vn 1.570799 4.712389 1.570789
v -1.136992 0.187666 -0.020847
vn -1.570796 1.570796 1.570792
v -1.141492 0.187666 -0.016147
vn 1.570796 1.570796 1.570796
v -1.136992 0.187666 -0.016147
vn 3.141593 3.141593 0.000000
v -1.136992 0.187666 -0.017197
vn 0.000000 3.141593 3.141593
v -1.113442 0.187666 -0.024647
vn -1.570789 4.712389 1.570799
v -1.109792 0.187666 -0.024647
vn 1.570795 1.570796 -1.570796
v -1.101492 0.187666 -0.029147
vn -2.681514 3.926995 -1.110720
v -1.109792 0.187666 -0.022967
vn 3.141593 3.141593 0.000000
v -1.101492 0.187666 -0.017197
vn -3.141595 3.141593 0.000000
v -1.105992 0.187666 -0.017197
vn -1.570796 4.712390 1.570796
v -1.105992 0.187666 -0.020847
vn 1.110710 3.926981 2.681520
v -1.107672 0.187666 -0.020847
vn 0.000000 3.141598 -3.141592
v -1.113442 0.187666 -0.029147
vn -1.570792 1.570796 -1.570796
v -1.114492 0.187666 -0.029147
vn -1.570796 1.570796 1.570796
v -1.114492 0.187666 -0.024647
vn 1.570796 1.570796 1.570796
v -1.101492 0.187666 -0.016147
vn -1.570796 1.570796 1.570792
v -1.105992 0.187666 -0.016147
vn -2.681497 3.927000 1.110729
v -1.109792 0.187666 0.004673
vn -1.570796 4.712389 -1.570796
v -1.109792 0.187666 0.006353
vn 1.110724 3.926990 -2.681523
v -1.107672 0.187666 0.002553
vn 0.000000 3.141593 -3.141595
v -1.113442 0.187666 0.006353
vn 1.570797 1.570796 1.570795
v -1.101492 0.187666 0.010853
vn 1.570796 1.570796 -1.570792
v -1.101492 0.187666 -0.002147
vn 2.471020 3.403331 -1.896205
v -1.112924 0.187666 -0.002699
vn 0.000000 3.141598 3.141593
v -1.113442 0.187666 0.010853
vn -1.570794 1.570796 -1.570796
v -1.105992 0.187666 -0.002147
vn -1.570796 4.712389 -1.570789
v -1.105992 0.187666 0.002553
vn -1.570792 1.570797 -1.570796
v -1.114492 0.187666 0.006353
vn -1.570796 1.570796 1.570796
v -1.114492 0.187666 0.010853
vn 3.034565 -0.000001 2.618043
v -1.125492 0.067654 0.534603
vn 3.034566 -0.000001 3.665142
v -1.125492 0.067654 0.550603
vn 2.627993 1.517246 2.617958
v -1.124956 0.065654 0.534603
vn 2.627993 1.517246 3.665227
v -1.124956 0.065654 0.550603
vn 1.517266 2.628004 2.618008
v -1.123492 0.064190 0.534603
vn 1.517266 2.628004 3.665178
v -1.123492 0.064190 0.550603
vn 0.000000 3.034543 2.617988
v -1.121492 0.063654 0.534603
vn -0.000000 3.034543 3.665197
v -1.121492 0.063654 0.550603
vn -1.517266 2.628004 2.618007
v -1.119492 0.064190 0.534603
vn -1.517266 2.628004 3.665179
v -1.119492 0.064190 0.550603
vn -2.627970 1.517331 2.618014
v -1.118028 0.065654 0.534603
vn -2.627970 1.517331 3.665171
v -1.118028 0.065654 0.550603
vn -3.034521 -0.000001 2.617933
v -1.117492 0.067654 0.534603
vn -3.034521 -0.000001 3.665254
v -1.117492 0.067654 0.550603
vn 1.517299 2.627951 3.665218
v -1.123242 0.064623 0.534603
vn 0.000003 3.034532 3.665193
v -1.121492 0.064154 0.534603
vn -1.517241 2.628006 3.665171
v -1.119742 0.064623 0.534603
vn -2.627971 1.517243 3.665245
v -1.118461 0.065904 0.534603
vn -3.034559 0.000003 3.665127
v -1.117992 0.067654 0.534603
vn -2.627975 -1.517237 3.665245
v -1.118461 0.069404 0.534603
vn -2.627973 -1.517329 2.618017
v -1.118028 0.069654 0.534603
vn -1.517247 -2.628003 3.665171
v -1.119742 0.070685 0.534603
vn -1.517269 -2.628001 2.618005
v -1.119492 0.071118 0.534603
vn -0.000003 -3.034532 3.665193
v -1.121492 0.071154 0.534603
vn -0.000000 -3.034543 2.617988
v -1.121492 0.071654 0.534603
vn 1.517293 -2.627955 3.665217
v -1.123242 0.070685 0.534603
vn 1.517269 -2.628001 2.618004
v -1.123492 0.071118 0.534603
vn 2.627997 -1.517287 3.665134
v -1.124523 0.069404 0.534603
vn 2.627995 -1.517245 2.617962
v -1.124956 0.069654 0.534603
vn 3.034507 -0.000003 3.665254
v -1.124992 0.067654 0.534603
vn 2.628000 1.517282 3.665135
v -1.124523 0.065904 0.534603
vn -3.034520 -0.000001 -2.617932
v -1.117492 0.067654 0.026853
vn -3.034520 -0.000001 -3.665254
v -1.117492 0.067654 0.010853
vn -2.627970 1.517330 -2.618014
v -1.118028 0.065654 0.026853
vn -2.627970 1.517331 -3.665171
v -1.118028 0.065654 0.010853
vn -1.517266 2.628004 -2.618007
v -1.119492 0.064190 0.026853
vn -1.517266 2.628004 -3.665178
v -1.119492 0.064190 0.010853
vn -0.000000 3.034544 -2.617988
v -1.121492 0.063654 0.026853
vn 0.000000 3.034544 -3.665198
v -1.121492 0.063654 0.010853
vn 1.517266 2.628004 -2.618007
v -1.123492 0.064190 0.026853
vn 1.517266 2.628004 -3.665178
v -1.123492 0.064190 0.010853
vn 2.627993 1.517246 -2.617958
v -1.124956 0.065654 0.026853
vn 2.627993 1.517246 -3.665226
v -1.124956 0.065654 0.010853
vn 3.034566 -0.000001 -2.618043
v -1.125492 0.067654 0.026853
vn 3.034565 -0.000001 -3.665143
v -1.125492 0.067654 0.010853
vn 3.034507 0.000003 -3.665253
v -1.124992 0.067654 0.026853
vn 2.628000 -1.517282 -3.665134
v -1.124523 0.069404 0.026853
vn 2.627995 -1.517245 -2.617962
v -1.124956 0.069654 0.026853
vn 1.517299 -2.627951 -3.665217
v -1.123242 0.070685 0.026853
vn 1.517269 -2.628001 -2.618005
v -1.123492 0.071118 0.026853
vn 0.000003 -3.034532 -3.665193
v -1.121492 0.071154 0.026853
vn 0.000000 -3.034544 -2.617988
v -1.121492 0.071654 0.026853
vn -1.517241 -2.628006 -3.665171
v -1.119742 0.070685 0.026853
vn -1.517269 -2.628001 -2.618005
v -1.119492 0.071118 0.026853
vn -2.627971 -1.517243 -3.665245
v -1.118461 0.069404 0.026853
vn -2.627972 -1.517329 -2.618018
v -1.118028 0.069654 0.026853
vn -3.034559 -0.000003 -3.665126
v -1.117992 0.067654 0.026853
vn -2.627975 1.517237 -3.665245
v -1.118461 0.065904 0.026853
vn -1.517247 2.628003 -3.665171
v -1.119742 0.064623 0.026853
vn -0.000003 3.034532 -3.665193
v -1.121492 0.064154 0.026853
vn 1.517293 2.627955 -3.665217
v -1.123242 0.064623 0.026853
vn 2.627997 1.517287 -3.665134
v -1.124523 0.065904 0.026853
vn 2.681488 -1.110754 3.927019
v -1.109392 0.050554 0.550603
vn 3.111287 0.306494 3.337980
v -1.109392 0.049904 0.550603
vn 2.681427 -1.110752 -3.927017
v -1.109392 0.050554 0.010853
vn 3.111399 0.306505 -3.337980
v -1.109392 0.049904 0.010853
vn 2.681486 -1.110752 2.356166
v -1.107742 0.052204 0.550603
vn 2.681488 -1.110754 -2.356166
v -1.107742 0.052204 0.010853
vn 3.111521 -0.305889 3.337580
v -1.107742 0.053154 0.550603
vn 3.111469 -0.305879 -3.337580
v -1.107742 0.053154 0.010853
vn 2.846687 -1.178648 3.534717
v -1.107685 0.053441 0.550603
vn 2.846695 -1.178629 -3.534716
v -1.107685 0.053441 0.010853
vn 2.178684 -2.178791 3.534209
v -1.107522 0.053684 0.550603
vn 2.178699 -2.178777 -3.534209
v -1.107522 0.053684 0.010853
vn 1.179085 -2.846630 3.534342
v -1.107279 0.053847 0.550603
vn 1.179105 -2.846622 -3.534342
v -1.107279 0.053847 0.010853
vn 0.306391 -3.111367 3.337913
v -1.106992 0.053904 0.550603
vn 0.306401 -3.111420 -3.337913
v -1.106992 0.053904 0.010853
vn 1.110732 -2.681510 2.356186
v -1.106042 0.053904 0.550603
vn 1.110730 -2.681509 -2.356186
v -1.106042 0.053904 0.010853
vn 1.110730 -2.681449 3.926999
v -1.104392 0.055554 0.550603
vn 1.110732 -2.681510 -3.926999
v -1.104392 0.055554 0.010853
vn -0.306401 -3.111420 3.337912
v -1.103742 0.055554 0.550603
vn -0.306391 -3.111307 -3.337913
v -1.103742 0.055554 0.010853
vn -1.179105 -2.846622 3.534342
v -1.103455 0.055497 0.550603
vn -1.179085 -2.846630 -3.534342
v -1.103455 0.055497 0.010853
vn -2.178995 -2.178334 3.534547
v -1.103212 0.055334 0.550603
vn -2.178980 -2.178349 -3.534547
v -1.103212 0.055334 0.010853
vn -2.846869 -1.178798 3.533981
v -1.103049 0.055091 0.550603
vn -2.846861 -1.178817 -3.533981
v -1.103049 0.055091 0.010853
vn -3.111343 -0.306490 3.337977
v -1.102992 0.054804 0.550603
vn -3.111400 -0.306501 -3.337977
v -1.102992 0.054804 0.010853
vn -3.088146 0.406264 3.403202
v -1.102992 0.050154 0.550603
vn -3.088099 0.406252 -3.403202
v -1.102992 0.050154 0.010853
vn -2.627931 1.517069 3.665468
v -1.103126 0.049654 0.550603
vn -2.627942 1.517048 -3.665468
v -1.103126 0.049654 0.010853
vn -1.517166 2.628052 3.665091
v -1.103492 0.049288 0.550603
vn -1.517187 2.628040 -3.665091
v -1.103492 0.049288 0.010853
vn -0.406562 3.088016 3.403407
v -1.103992 0.049154 0.550603
vn -0.406574 3.088063 -3.403407
v -1.103992 0.049154 0.010853
vn 0.306401 3.111420 3.337913
v -1.108642 0.049154 0.550603
vn 0.306391 3.111362 -3.337913
v -1.108642 0.049154 0.010853
vn 1.179105 2.846622 3.534342
v -1.108929 0.049211 0.550603
vn 1.179085 2.846630 -3.534342
v -1.108929 0.049211 0.010853
vn 2.178699 2.178777 3.534209
v -1.109172 0.049373 0.550603
vn 2.178684 2.178791 -3.534209
v -1.109172 0.049373 0.010853
vn 2.846572 1.179244 3.534317
v -1.109335 0.049617 0.550603
vn 2.846565 1.179264 -3.534317
v -1.109335 0.049617 0.010853
vn 3.111399 -0.306505 3.337980
v -1.109392 0.085404 0.550603
vn 3.111287 -0.306494 -3.337980
v -1.109392 0.085404 0.010853
vn 2.846558 -1.179273 3.534324
v -1.109335 0.085691 0.550603
vn 2.846566 -1.179253 -3.534324
v -1.109335 0.085691 0.010853
vn 2.178678 -2.178801 3.534202
v -1.109172 0.085934 0.550603
vn 2.178693 -2.178786 -3.534202
v -1.109172 0.085934 0.010853
vn 1.179105 -2.846626 3.534329
v -1.108929 0.086097 0.550603
vn 1.179124 -2.846618 -3.534329
v -1.108929 0.086097 0.010853
vn 0.306410 -3.111359 3.337925
v -1.108642 0.086154 0.550603
vn 0.306420 -3.111416 -3.337925
v -1.108642 0.086154 0.010853
vn -0.406584 -3.088060 3.403414
v -1.103992 0.086154 0.550603
vn -0.406573 -3.088013 -3.403414
v -1.103992 0.086154 0.010853
vn -1.517192 -2.628043 3.665079
v -1.103492 0.086020 0.550603
vn -1.517171 -2.628054 -3.665079
v -1.103492 0.086020 0.010853
vn -2.627937 -1.517051 3.665475
v -1.103126 0.085654 0.550603
vn -2.627926 -1.517071 -3.665475
v -1.103126 0.085654 0.010853
vn -3.088099 -0.406249 3.403200
v -1.102992 0.085154 0.550603
vn -3.088147 -0.406261 -3.403200
v -1.102992 0.085154 0.010853
vn -3.111399 0.306505 3.337980
v -1.102992 0.080504 0.550603
vn -3.111342 0.306494 -3.337980
v -1.102992 0.080504 0.010853
vn -2.846866 1.178812 3.533971
v -1.103049 0.080217 0.550603
vn -2.846874 1.178793 -3.533971
v -1.103049 0.080217 0.010853
vn -2.178986 2.178339 3.534554
v -1.103212 0.079973 0.550603
vn -2.179001 2.178325 -3.534554
v -1.103212 0.079973 0.010853
vn -1.179105 2.846626 3.534329
v -1.103455 0.079811 0.550603
vn -1.179124 2.846618 -3.534329
v -1.103455 0.079811 0.010853
vn -0.306410 3.111304 3.337925
v -1.103742 0.079754 0.550603
vn -0.306420 3.111416 -3.337925
v -1.103742 0.079754 0.010853
vn 1.110733 2.681509 3.927000
v -1.104392 0.079754 0.550603
vn 1.110731 2.681448 -3.927000
v -1.104392 0.079754 0.010853
vn 1.110731 2.681508 2.356185
v -1.106042 0.081404 0.550603
vn 1.110733 2.681509 -2.356185
v -1.106042 0.081404 0.010853
vn 0.306382 3.111423 3.337900
v -1.106992 0.081404 0.550603
vn 0.306371 3.111371 -3.337900
v -1.106992 0.081404 0.010853
vn 1.179086 2.846626 3.534355
v -1.107279 0.081461 0.550603
vn 1.179066 2.846634 -3.534354
v -1.107279 0.081461 0.010853
vn 2.178705 2.178767 3.534216
v -1.107522 0.081623 0.550603
vn 2.178690 2.178782 -3.534216
v -1.107522 0.081623 0.010853
vn 2.846701 1.178619 3.534709
v -1.107685 0.081867 0.550603
vn 2.846693 1.178639 -3.534709
v -1.107685 0.081867 0.010853
vn 3.111469 0.305879 3.337580
v -1.107742 0.082154 0.550603
vn 3.111521 0.305889 -3.337580
v -1.107742 0.082154 0.010853
vn 2.681487 1.110755 2.356165
v -1.107742 0.083104 0.550603
vn 2.681485 1.110753 -2.356165
v -1.107742 0.083104 0.010853
vn 2.681425 1.110753 3.927020
v -1.109392 0.084754 0.550603
vn 2.681487 1.110755 -3.927022
v -1.109392 0.084754 0.010853
vn -0.306543 -3.111392 3.338004
v -1.134342 0.086154 0.550603
vn 0.406482 -3.088037 3.403354
v -1.138992 0.086154 0.550603
vn -0.306532 -3.111335 -3.338004
v -1.134342 0.086154 0.010853
vn 0.406494 -3.088085 -3.403354
v -1.138992 0.086154 0.010853
vn -1.179247 -2.846594 3.534250
v -1.134055 0.086097 0.550603
vn -1.179227 -2.846602 -3.534250
v -1.134055 0.086097 0.010853
vn -2.178693 -2.178786 3.534202
v -1.133812 0.085934 0.550603
vn -2.178678 -2.178801 -3.534202
v -1.133812 0.085934 0.010853
vn -2.846566 -1.179254 3.534324
v -1.133649 0.085691 0.550603
vn -2.846558 -1.179273 -3.534324
v -1.133649 0.085691 0.010853
vn -3.111287 -0.306494 3.337979
v -1.133592 0.085404 0.550603
vn -3.111399 -0.306505 -3.337979
v -1.133592 0.085404 0.010853
vn -2.681527 1.110715 3.926984
v -1.133592 0.084754 0.550603
vn -2.681466 1.110713 -3.926984
v -1.133592 0.084754 0.010853
vn -2.681525 1.110713 2.356201
v -1.135242 0.083104 0.550603
vn -2.681527 1.110715 -2.356201
v -1.135242 0.083104 0.010853
vn -3.111399 0.306505 3.337979
v -1.135242 0.082154 0.550603
vn -3.111346 0.306494 -3.337979
v -1.135242 0.082154 0.010853
vn -2.846570 1.179255 3.534310
v -1.135299 0.081867 0.550603
vn -2.846579 1.179235 -3.534310
v -1.135299 0.081867 0.010853
vn -2.178690 2.178782 3.534216
v -1.135462 0.081623 0.550603
vn -2.178705 2.178767 -3.534216
v -1.135462 0.081623 0.010853
vn -1.179066 2.846634 3.534355
v -1.135705 0.081461 0.550603
vn -1.179086 2.846626 -3.534355
v -1.135705 0.081461 0.010853
vn -0.306371 3.111371 3.337900
v -1.135992 0.081404 0.550603
vn -0.306382 3.111423 -3.337900
v -1.135992 0.081404 0.010853
vn -1.110733 2.681509 2.356185
v -1.136942 0.081404 0.550603
vn -1.110731 2.681508 -2.356185
v -1.136942 0.081404 0.010853
vn -1.110731 2.681448 3.927000
v -1.138592 0.079754 0.550603
vn -1.110733 2.681509 -3.927000
v -1.138592 0.079754 0.010853
vn 0.306543 3.111392 3.338005
v -1.139242 0.079754 0.550603
vn 0.306532 3.111279 -3.338005
v -1.139242 0.079754 0.010853
vn 1.179247 2.846594 3.534250
v -1.139529 0.079811 0.550603
vn 1.179227 2.846602 -3.534250
v -1.139529 0.079811 0.010853
vn 2.178705 2.178767 3.534216
v -1.139772 0.079973 0.550603
vn 2.178690 2.178782 -3.534216
v -1.139772 0.079973 0.010853
vn 2.846579 1.179235 3.534310
v -1.139935 0.080217 0.550603
vn 2.846570 1.179254 -3.534310
v -1.139935 0.080217 0.010853
vn 3.111342 0.306494 3.337980
v -1.139992 0.080504 0.550603
vn 3.111399 0.306505 -3.337980
v -1.139992 0.080504 0.010853
vn 3.088057 -0.406598 3.403423
v -1.139992 0.085154 0.550603
vn 3.088009 -0.406587 -3.403423
v -1.139992 0.085154 0.010853
vn 2.628016 -1.517228 3.665090
v -1.139858 0.085654 0.550603
vn 2.628028 -1.517208 -3.665090
v -1.139858 0.085654 0.010853
vn 1.517262 -2.627898 3.665301
v -1.139492 0.086020 0.550603
vn 1.517282 -2.627886 -3.665301
v -1.139492 0.086020 0.010853
vn 3.111400 -0.306501 3.337977
v -1.139992 0.054804 0.550603
vn 3.088008 0.406589 3.403424
v -1.139992 0.050154 0.550603
vn 3.111343 -0.306490 -3.337977
v -1.139992 0.054804 0.010853
vn 3.088056 0.406601 -3.403424
v -1.139992 0.050154 0.010853
vn 2.846565 -1.179260 3.534319
v -1.139935 0.055091 0.550603
vn 2.846573 -1.179240 -3.534319
v -1.139935 0.055091 0.010853
vn 2.178684 -2.178791 3.534209
v -1.139772 0.055334 0.550603
vn 2.178699 -2.178777 -3.534209
v -1.139772 0.055334 0.010853
vn 1.179208 -2.846606 3.534262
v -1.139529 0.055497 0.550603
vn 1.179227 -2.846598 -3.534262
v -1.139529 0.055497 0.010853
vn 0.306513 -3.111283 3.337992
v -1.139242 0.055554 0.550603
vn 0.306524 -3.111395 -3.337992
v -1.139242 0.055554 0.010853
vn -1.110732 -2.681510 3.927000
v -1.138592 0.055554 0.550603
vn -1.110730 -2.681449 -3.926998
v -1.138592 0.055554 0.010853
vn -1.110730 -2.681509 2.356187
v -1.136942 0.053904 0.550603
vn -1.110732 -2.681510 -2.356187
v -1.136942 0.053904 0.010853
vn -0.306401 -3.111420 3.337913
v -1.135992 0.053904 0.550603
vn -0.306391 -3.111367 -3.337912
v -1.135992 0.053904 0.010853
vn -1.179105 -2.846622 3.534342
v -1.135705 0.053847 0.550603
vn -1.179085 -2.846630 -3.534342
v -1.135705 0.053847 0.010853
vn -2.178699 -2.178777 3.534209
v -1.135462 0.053684 0.550603
vn -2.178684 -2.178791 -3.534209
v -1.135462 0.053684 0.010853
vn -2.846572 -1.179244 3.534317
v -1.135299 0.053441 0.550603
vn -2.846565 -1.179264 -3.534317
v -1.135299 0.053441 0.010853
vn -3.111346 -0.306494 3.337980
v -1.135242 0.053154 0.550603
vn -3.111399 -0.306505 -3.337980
v -1.135242 0.053154 0.010853
vn -2.681528 -1.110714 2.356202
v -1.135242 0.052204 0.550603
vn -2.681526 -1.110712 -2.356202
v -1.135242 0.052204 0.010853
vn -2.681467 -1.110712 3.926983
v -1.133592 0.050554 0.550603
vn -2.681528 -1.110714 -3.926984
v -1.133592 0.050554 0.010853
vn -3.111399 0.306505 3.337980
v -1.133592 0.049904 0.550603
vn -3.111287 0.306494 -3.337980
v -1.133592 0.049904 0.010853
vn -2.846565 1.179264 3.534317
v -1.133649 0.049617 0.550603
vn -2.846572 1.179244 -3.534317
v -1.133649 0.049617 0.010853
vn -2.178684 2.178791 3.534209
v -1.133812 0.049373 0.550603
vn -2.178699 2.178777 -3.534209
v -1.133812 0.049373 0.010853
vn -1.179208 2.846606 3.534262
v -1.134055 0.049211 0.550603
vn -1.179227 2.846598 -3.534262
v -1.134055 0.049211 0.010853
vn -0.306513 3.111338 3.337992
v -1.134342 0.049154 0.550603
vn -0.306524 3.111395 -3.337992
v -1.134342 0.049154 0.010853
vn 0.406483 3.088088 3.403347
v -1.138992 0.049154 0.550603
vn 0.406472 3.088039 -3.403347
v -1.138992 0.049154 0.010853
vn 1.517277 2.627883 3.665313
v -1.139492 0.049288 0.550603
vn 1.517257 2.627895 -3.665313
v -1.139492 0.049288 0.010853
vn 2.628033 1.517205 3.665082
v -1.139858 0.049654 0.550603
vn 2.628021 1.517225 -3.665082
v -1.139858 0.049654 0.010853
vn 0.000000 -3.141596 -3.141593
v -1.113442 0.083154 0.010853
vn -1.570789 -1.570773 -1.570796
v -1.114492 0.083154 0.010853
vn -1.570796 1.570796 -1.570796
v -1.114492 0.087654 0.010853
vn -1.570796 -1.570796 -1.570796
v -1.141492 0.047654 0.010853
vn -1.570796 1.570789 -1.570786
v -1.141492 0.060654 0.010853
vn -1.110732 2.681505 -3.927002
v -1.135312 0.055954 0.010853
vn -2.931148 0.785398 -3.665192
v -1.127492 0.065654 0.010853
vn 1.570789 1.570796 -1.570796
v -1.136992 0.060654 0.010853
vn 1.570796 1.570810 -4.712389
v -1.136992 0.055954 0.010853
vn 1.570796 -1.570796 -1.570797
v -1.128492 0.047654 0.010853
vn 0.785393 -2.931152 -3.665187
v -1.123492 0.061654 0.010853
vn -0.785391 -2.931152 -3.665186
v -1.119492 0.061654 0.010853
vn 1.896111 -2.471075 -3.403396
v -1.127940 0.059086 0.010853
vn 2.681530 -1.110722 -3.926992
v -1.133192 0.053834 0.010853
vn 1.570796 1.570789 -4.712389
v -1.133192 0.052154 0.010853
vn 1.570789 1.570796 -1.570796
v -1.128492 0.052154 0.010853
vn -2.471084 1.896109 -3.403382
v -1.130060 0.061206 0.010853
vn -1.517269 -2.628001 -3.665181
v -1.119492 0.071118 0.010853
vn 2.720665 -1.570861 -3.141673
v -1.113442 0.073204 0.010853
vn -2.627972 -1.517329 -3.665168
v -1.118028 0.069654 0.010853
vn 2.931162 -0.785375 -3.665175
v -1.115492 0.069654 0.010853
vn 2.931159 0.785377 -3.665176
v -1.115492 0.065654 0.010853
vn -0.000000 -3.034544 -3.665197
v -1.121492 0.071654 0.010853
vn 1.517269 -2.628001 -3.665181
v -1.123492 0.071118 0.010853
vn 0.785389 2.931154 -3.665185
v -1.123492 0.073654 0.010853
vn 1.570800 2.720700 -3.141608
v -1.127043 0.075704 0.010853
vn 2.627995 -1.517245 -3.665224
v -1.124956 0.069654 0.010853
vn -2.471092 -1.896097 -3.403374
v -1.130060 0.074102 0.010853
vn -2.931149 -0.785399 -3.665191
v -1.127492 0.069654 0.010853
vn 1.570796 -1.570796 -1.570795
v -1.101492 0.047654 0.010853
vn -1.570789 1.570796 -4.712389
v -1.105992 0.055954 0.010853
vn -1.570796 1.570789 -1.570796
v -1.105992 0.060654 0.010853
vn 1.570796 1.570796 -1.570790
v -1.101492 0.060654 0.010853
vn 0.000000 -3.141592 -3.141596
v -1.113442 0.047654 0.010853
vn 1.110720 2.681532 -3.926990
v -1.107672 0.055954 0.010853
vn -1.570789 -1.570773 -1.570796
v -1.114492 0.047654 0.010853
vn -1.570796 1.570796 -1.570796
v -1.114492 0.052154 0.010853
vn 0.000000 3.141570 -3.141593
v -1.113442 0.052154 0.010853
vn -1.570810 1.570800 -4.712389
v -1.109792 0.052154 0.010853
vn -2.681506 -1.110731 -3.927000
v -1.109792 0.053834 0.010853
vn 2.471021 1.896207 -3.403329
v -1.112924 0.061206 0.010853
vn -2.221451 -2.221431 -3.141564
v -1.113442 0.057484 0.010853
vn 2.720662 1.570861 -3.141672
v -1.113442 0.062103 0.010853
vn -1.896137 -2.471058 -3.403416
v -1.115044 0.059086 0.010853
vn 1.570796 1.570795 -1.570796
v -1.101492 0.087654 0.010853
vn 3.141592 0.000000 -3.141589
v -1.101492 0.075704 0.010853
vn -0.785393 2.931149 -3.665188
v -1.119492 0.073654 0.010853
vn -1.896133 2.471057 -3.403412
v -1.115044 0.076222 0.010853
vn 0.000000 0.000000 -6.283185
v -1.113442 0.075704 0.010853
vn -2.221448 2.221433 -3.141567
v -1.113442 0.077824 0.010853
vn -2.681521 1.110731 -3.927000
v -1.109792 0.081474 0.010853
vn 0.000000 3.141570 -3.141593
v -1.113442 0.087654 0.010853
vn 1.110718 -2.681518 -3.926988
v -1.107672 0.079354 0.010853
vn -1.570800 -1.570810 -4.712389
v -1.105992 0.079354 0.010853
vn -3.141570 0.000000 -3.141593
v -1.105992 0.075704 0.010853
vn 1.570773 -1.570789 -1.570796
v -1.101492 0.074654 0.010853
vn -1.570796 -1.570796 -1.570796
v -1.105992 0.074654 0.010853
vn -1.570796 -1.570796 -4.712390
v -1.109792 0.083154 0.010853
vn 2.471021 -1.896209 -3.403330
v -1.112924 0.074102 0.010853
vn 1.570796 -1.570789 -1.570796
v -1.128492 0.083154 0.010853
vn 1.570810 -1.570796 -4.712389
v -1.133192 0.083154 0.010853
vn -1.570795 1.570796 -1.570795
v -1.141492 0.087654 0.010853
vn 2.681515 1.110722 -3.926994
v -1.133192 0.081474 0.010853
vn -2.221471 -2.221416 -3.141605
v -1.131662 0.075704 0.010853
vn 1.896129 2.471066 -3.403382
v -1.127940 0.076222 0.010853
vn 1.570789 1.570796 -1.570802
v -1.128492 0.087654 0.010853
vn -3.141570 0.000000 -3.141591
v -1.141492 0.075704 0.010853
vn -1.110727 -2.681523 -3.926997
v -1.135312 0.079354 0.010853
vn 1.570796 -1.570796 -4.712389
v -1.136992 0.079354 0.010853
vn 3.141596 0.000000 -3.141593
v -1.136992 0.075704 0.010853
vn 1.570773 -1.570789 -1.570796
v -1.136992 0.074654 0.010853
vn -1.570796 -1.570796 -1.570796
v -1.141492 0.074654 0.010853
vn -1.570800 2.720700 3.141608
v -1.115941 0.075704 0.550603
vn 0.000000 0.000000 6.283185
v -1.113442 0.075704 0.550603
vn -1.896131 2.471068 3.403382
v -1.115044 0.076222 0.550603
vn 1.570796 1.570789 1.570796
v -1.128492 0.052154 0.550603
vn 1.570810 1.570796 4.712388
v -1.133192 0.052154 0.550603
vn -1.570796 -1.570796 1.570796
v -1.141492 0.047654 0.550603
vn -2.931148 0.785400 3.665192
v -1.127492 0.065654 0.550603
vn -2.471081 1.896107 3.403381
v -1.130060 0.061206 0.550603
vn 2.681515 -1.110721 3.926992
v -1.133192 0.053834 0.550603
vn -1.896133 -2.471054 3.403416
v -1.115044 0.059086 0.550603
vn -2.221454 -2.221434 3.141564
v -1.113442 0.057484 0.550603
vn 2.720664 1.570862 3.141672
v -1.113442 0.062103 0.550603
vn 1.570789 1.570796 4.712389
v -1.136992 0.055954 0.550603
vn 1.570796 1.570789 1.570796
v -1.136992 0.060654 0.550603
vn -1.570796 1.570796 1.570787
v -1.141492 0.060654 0.550603
vn -1.110732 2.681520 3.927001
v -1.135312 0.055954 0.550603
vn 1.570789 -1.570796 1.570797
v -1.128492 0.047654 0.550603
vn 1.896112 -2.471078 3.403396
v -1.127940 0.059086 0.550603
vn 0.785391 -2.931152 3.665186
v -1.123492 0.061654 0.550603
vn 2.931147 -0.785397 3.665190
v -1.115492 0.069654 0.550603
vn -1.517269 -2.628001 3.665181
v -1.119492 0.071118 0.550603
vn -2.627972 -1.517329 3.665168
v -1.118028 0.069654 0.550603
vn 2.931161 0.785377 3.665176
v -1.115492 0.065654 0.550603
vn -2.931149 -0.785397 3.665191
v -1.127492 0.069654 0.550603
vn 2.627995 -1.517245 3.665223
v -1.124956 0.069654 0.550603
vn -2.471096 -1.896101 3.403374
v -1.130060 0.074102 0.550603
vn -0.785393 -2.931152 3.665187
v -1.119492 0.061654 0.550603
vn 1.570798 2.720698 3.141608
v -1.127043 0.075704 0.550603
vn 1.517269 -2.628001 3.665181
v -1.123492 0.071118 0.550603
vn 0.785389 2.931151 3.665185
v -1.123492 0.073654 0.550603
vn 0.000000 -3.034543 3.665198
v -1.121492 0.071654 0.550603
vn -0.785389 2.931154 3.665185
v -1.119492 0.073654 0.550603
vn 2.471094 -1.896099 3.403374
v -1.112924 0.074102 0.550603
vn 2.221450 -2.221431 3.141622
v -1.111322 0.075704 0.550603
vn -1.570796 1.570796 1.570795
v -1.141492 0.087654 0.550603
vn 1.570796 -1.570789 4.712390
v -1.133192 0.083154 0.550603
vn -3.141592 0.000000 3.141591
v -1.141492 0.075704 0.550603
vn 1.570796 1.570796 1.570803
v -1.128492 0.087654 0.550603
vn 2.681530 1.110722 3.926994
v -1.133192 0.081474 0.550603
vn 1.570789 -1.570796 1.570796
v -1.128492 0.083154 0.550603
vn -2.221468 -2.221413 3.141605
v -1.131662 0.075704 0.550603
vn 1.896129 2.471067 3.403383
v -1.127940 0.076222 0.550603
vn -1.110728 -2.681510 3.926997
v -1.135312 0.079354 0.550603
vn 1.570800 -1.570810 4.712389
v -1.136992 0.079354 0.550603
vn -1.570773 -1.570789 1.570796
v -1.141492 0.074654 0.550603
vn 1.570796 -1.570796 1.570796
v -1.136992 0.074654 0.550603
vn 3.141570 0.000000 3.141593
v -1.136992 0.075704 0.550603
vn 0.000000 -3.141570 3.141593
v -1.113442 0.083154 0.550603
vn -1.570810 -1.570800 4.712389
v -1.109792 0.083154 0.550603
vn 1.570795 1.570796 1.570796
v -1.101492 0.087654 0.550603
vn 3.141570 0.000000 3.141590
v -1.101492 0.075704 0.550603
vn -2.681515 1.110722 3.926994
v -1.109792 0.081474 0.550603
vn -3.141596 0.000000 3.141593
v -1.105992 0.075704 0.550603
vn -1.570796 -1.570796 4.712390
v -1.105992 0.079354 0.550603
vn 1.110709 -2.681542 3.926980
v -1.107672 0.079354 0.550603
vn 0.000000 3.141592 3.141593
v -1.113442 0.087654 0.550603
vn -1.570789 1.570773 1.570796
v -1.114492 0.087654 0.550603
vn -1.570796 -1.570796 1.570796
v -1.114492 0.083154 0.550603
vn 1.570796 -1.570796 1.570796
v -1.101492 0.074654 0.550603
vn -1.570773 -1.570789 1.570796
v -1.105992 0.074654 0.550603
vn -2.681519 -1.110731 3.927001
v -1.109792 0.053834 0.550603
vn -1.570796 1.570796 4.712389
v -1.109792 0.052154 0.550603
vn 1.110719 2.681518 3.926990
v -1.107672 0.055954 0.550603
vn 0.000000 3.141596 3.141593
v -1.113442 0.052154 0.550603
vn 1.570796 -1.570795 1.570795
v -1.101492 0.047654 0.550603
vn 1.570796 1.570789 1.570789
v -1.101492 0.060654 0.550603
vn 0.000000 -3.141570 3.141596
v -1.113442 0.047654 0.550603
vn 2.471020 1.896206 3.403330
v -1.112924 0.061206 0.550603
vn -1.570789 1.570796 1.570796
v -1.105992 0.060654 0.550603
vn -1.570796 1.570810 4.712389
v -1.105992 0.055954 0.550603
vn -1.570789 1.570773 1.570796
v -1.114492 0.052154 0.550603
vn -1.570796 -1.570796 1.570796
v -1.114492 0.047654 0.550603
vn 3.034566 -0.000000 2.618044
v -1.125492 -0.238421 0.534603
vn 3.034566 0.000000 3.665141
v -1.125492 -0.238421 0.550603
vn 2.627993 1.517246 2.617958
v -1.124956 -0.240421 0.534603
vn 2.627993 1.517246 3.665227
v -1.124956 -0.240421 0.550603
vn 1.517272 2.628003 2.618011
v -1.123492 -0.241885 0.534603
vn 1.517272 2.628002 3.665175
v -1.123492 -0.241885 0.550603
vn 0.000000 3.034540 2.617981
v -1.121492 -0.242421 0.534603
vn 0.000000 3.034540 3.665204
v -1.121492 -0.242421 0.550603
vn -1.517271 2.628002 2.618010
v -1.119492 -0.241885 0.534603
vn -1.517272 2.628003 3.665175
v -1.119492 -0.241885 0.550603
vn -2.627970 1.517331 2.618014
v -1.118028 -0.240421 0.534603
vn -2.627970 1.517331 3.665171
v -1.118028 -0.240421 0.550603
vn -3.034521 0.000000 2.617933
v -1.117492 -0.238421 0.534603
vn -3.034521 -0.000000 3.665253
v -1.117492 -0.238421 0.550603
vn 1.517296 2.627954 3.665215
v -1.123242 -0.241452 0.534603
vn 0.000003 3.034532 3.665193
v -1.121492 -0.241921 0.534603
vn -1.517238 2.628010 3.665168
v -1.119742 -0.241452 0.534603
vn -2.627969 1.517244 3.665248
v -1.118461 -0.240171 0.534603
vn -3.034559 0.000000 3.665127
v -1.117992 -0.238421 0.534603
vn -2.627977 -1.517235 3.665240
v -1.118461 -0.236671 0.534603
vn -2.627970 -1.517331 2.618014
v -1.118028 -0.236421 0.534603
vn -1.517250 -2.628000 3.665174
v -1.119742 -0.235390 0.534603
vn -1.517261 -2.628006 2.618004
v -1.119492 -0.234957 0.534603
vn -0.000003 -3.034532 3.665193
v -1.121492 -0.234921 0.534603
vn -0.000000 -3.034546 2.617995
v -1.121492 -0.234421 0.534603
vn 1.517296 -2.627952 3.665220
v -1.123242 -0.235390 0.534603
vn 1.517261 -2.628006 2.618003
v -1.123492 -0.234957 0.534603
vn 2.628000 -1.517286 3.665130
v -1.124523 -0.236671 0.534603
vn 2.627993 -1.517246 2.617958
v -1.124956 -0.236421 0.534603
vn 3.034507 -0.000007 3.665253
v -1.124992 -0.238421 0.534603
vn 2.627998 1.517283 3.665138
v -1.124523 -0.240171 0.534603
vn -3.034520 0.000000 -2.617933
v -1.117492 -0.238421 0.026853
vn -3.034521 -0.000000 -3.665253
v -1.117492 -0.238421 0.010853
vn -2.627970 1.517330 -2.618014
v -1.118028 -0.240421 0.026853
vn -2.627970 1.517331 -3.665171
v -1.118028 -0.240421 0.010853
vn -1.517271 2.628002 -2.618011
v -1.119492 -0.241885 0.026853
vn -1.517271 2.628003 -3.665175
v -1.119492 -0.241885 0.010853
vn -0.000000 3.034541 -2.617981
v -1.121492 -0.242421 0.026853
vn 0.000000 3.034541 -3.665205
v -1.121492 -0.242421 0.010853
vn 1.517271 2.628003 -2.618011
v -1.123492 -0.241885 0.026853
vn 1.517271 2.628002 -3.665175
v -1.123492 -0.241885 0.010853
vn 2.627993 1.517246 -2.617958
v -1.124956 -0.240421 0.026853
vn 2.627993 1.517246 -3.665226
v -1.124956 -0.240421 0.010853
vn 3.034566 0.000000 -2.618044
v -1.125492 -0.238421 0.026853
vn 3.034566 -0.000000 -3.665141
v -1.125492 -0.238421 0.010853
vn 3.034507 0.000000 -3.665253
v -1.124992 -0.238421 0.026853
vn 2.628003 -1.517280 -3.665130
v -1.124523 -0.236671 0.026853
vn 2.627993 -1.517246 -2.617958
v -1.124956 -0.236421 0.026853
vn 1.517302 -2.627948 -3.665220
v -1.123242 -0.235390 0.026853
vn 1.517261 -2.628005 -2.618004
v -1.123492 -0.234957 0.026853
vn 0.000003 -3.034532 -3.665193
v -1.121492 -0.234921 0.026853
vn 0.000000 -3.034546 -2.617995
v -1.121492 -0.234421 0.026853
vn -1.517244 -2.628003 -3.665173
v -1.119742 -0.235390 0.026853
vn -1.517261 -2.628006 -2.618003
v -1.119492 -0.234957 0.026853
vn -2.627974 -1.517241 -3.665240
v -1.118461 -0.236671 0.026853
vn -2.627970 -1.517331 -2.618014
v -1.118028 -0.236421 0.026853
vn -3.034559 -0.000007 -3.665126
v -1.117992 -0.238421 0.026853
vn -2.627972 1.517238 -3.665248
v -1.118461 -0.240171 0.026853
vn -1.517244 2.628006 -3.665168
v -1.119742 -0.241452 0.026853
vn -0.000003 3.034532 -3.665193
v -1.121492 -0.241921 0.026853
vn 1.517290 2.627958 -3.665214
v -1.123242 -0.241452 0.026853
vn 2.627994 1.517289 -3.665138
v -1.124523 -0.240171 0.026853
vn 2.681479 -1.110763 3.927027
v -1.109392 -0.255521 0.550603
vn 3.111284 0.306510 3.337990
v -1.109392 -0.256171 0.550603
vn 2.681418 -1.110761 -3.927026
v -1.109392 -0.255521 0.010853
vn 3.111396 0.306520 -3.337990
v -1.109392 -0.256171 0.010853
vn 2.681478 -1.110761 2.356158
v -1.107742 -0.253871 0.550603
vn 2.681479 -1.110763 -2.356158
v -1.107742 -0.253871 0.010853
vn 3.111524 -0.305874 3.337570
v -1.107742 -0.252921 0.550603
vn 3.111472 -0.305863 -3.337570
v -1.107742 -0.252921 0.010853
vn 2.846672 -1.178661 3.534748
v -1.107685 -0.252634 0.550603
vn 2.846680 -1.178641 -3.534747
v -1.107685 -0.252634 0.010853
vn 2.178638 -2.178837 3.534209
v -1.107522 -0.252391 0.550603
vn 2.178653 -2.178823 -3.534209
v -1.107522 -0.252391 0.010853
vn 1.179116 -2.846637 3.534283
v -1.107279 -0.252228 0.550603
vn 1.179135 -2.846629 -3.534283
v -1.107279 -0.252228 0.010853
vn 0.306448 -3.111355 3.337950
v -1.106992 -0.252171 0.550603
vn 0.306459 -3.111408 -3.337950
v -1.106992 -0.252171 0.010853
vn 1.110733 -2.681509 2.356185
v -1.106042 -0.252171 0.550603
vn 1.110731 -2.681508 -2.356185
v -1.106042 -0.252171 0.010853
vn 1.110731 -2.681448 3.927000
v -1.104392 -0.250521 0.550603
vn 1.110733 -2.681509 -3.927000
v -1.104392 -0.250521 0.010853
vn -0.306459 -3.111408 3.337950
v -1.103742 -0.250521 0.550603
vn -0.306448 -3.111296 -3.337949
v -1.103742 -0.250521 0.010853
vn -1.179135 -2.846629 3.534283
v -1.103455 -0.250578 0.550603
vn -1.179116 -2.846637 -3.534283
v -1.103455 -0.250578 0.010853
vn -2.178948 -2.178380 3.534548
v -1.103212 -0.250741 0.550603
vn -2.178934 -2.178395 -3.534548
v -1.103212 -0.250741 0.010853
vn -2.846853 -1.178814 3.534009
v -1.103049 -0.250984 0.550603
vn -2.846845 -1.178834 -3.534009
v -1.103049 -0.250984 0.010853
vn -3.111345 -0.306479 3.337970
v -1.102992 -0.251271 0.550603
vn -3.111402 -0.306490 -3.337970
v -1.102992 -0.251271 0.010853
vn -3.088146 0.406266 3.403204
v -1.102992 -0.255921 0.550603
vn -3.088098 0.406255 -3.403204
v -1.102992 -0.255921 0.010853
vn -2.627936 1.517066 3.665461
v -1.103126 -0.256421 0.550603
vn -2.627947 1.517045 -3.665461
v -1.103126 -0.256421 0.010853
vn -1.517225 2.628032 3.665061
v -1.103492 -0.256787 0.550603
vn -1.517245 2.628020 -3.665061
v -1.103492 -0.256787 0.010853
vn -0.406615 3.088001 3.403441
v -1.103992 -0.256921 0.550603
vn -0.406627 3.088049 -3.403441
v -1.103992 -0.256921 0.010853
vn 0.306459 3.111408 3.337950
v -1.108642 -0.256921 0.550603
vn 0.306448 3.111351 -3.337950
v -1.108642 -0.256921 0.010853
vn 1.179135 2.846629 3.534283
v -1.108929 -0.256864 0.550603
vn 1.179116 2.846637 -3.534283
v -1.108929 -0.256864 0.010853
vn 2.178702 2.178749 3.534265
v -1.109172 -0.256702 0.550603
vn 2.178687 2.178763 -3.534265
v -1.109172 -0.256702 0.010853
vn 2.846600 1.179213 3.534272
v -1.109335 -0.256458 0.550603
vn 2.846592 1.179233 -3.534272
v -1.109335 -0.256458 0.010853
vn 3.111399 -0.306505 3.337980
v -1.109392 -0.220671 0.550603
vn 3.111287 -0.306494 -3.337980
v -1.109392 -0.220671 0.010853
vn 2.846570 -1.179255 3.534310
v -1.109335 -0.220384 0.550603
vn 2.846579 -1.179235 -3.534310
v -1.109335 -0.220384 0.010853
vn 2.178718 -2.178763 3.534195
v -1.109172 -0.220141 0.550603
vn 2.178733 -2.178749 -3.534195
v -1.109172 -0.220141 0.010853
vn 1.179094 -2.846615 3.534376
v -1.108929 -0.219978 0.550603
vn 1.179113 -2.846607 -3.534376
v -1.108929 -0.219978 0.010853
vn 0.306371 -3.111366 3.337900
v -1.108642 -0.219921 0.550603
vn 0.306382 -3.111423 -3.337900
v -1.108642 -0.219921 0.010853
vn -0.406584 -3.088060 3.403414
v -1.103992 -0.219921 0.550603
vn -0.406573 -3.088013 -3.403414
v -1.103992 -0.219921 0.010853
vn -1.517203 -2.628031 3.665089
v -1.103492 -0.220055 0.550603
vn -1.517183 -2.628043 -3.665089
v -1.103492 -0.220055 0.010853
vn -2.627947 -1.517045 3.665461
v -1.103126 -0.220421 0.550603
vn -2.627936 -1.517066 -3.665461
v -1.103126 -0.220421 0.010853
vn -3.088098 -0.406255 3.403204
v -1.102992 -0.220921 0.550603
vn -3.088146 -0.406266 -3.403204
v -1.102992 -0.220921 0.010853
vn -3.111399 0.306505 3.337980
v -1.102992 -0.225571 0.550603
vn -3.111342 0.306494 -3.337980
v -1.102992 -0.225571 0.010853
vn -2.846866 1.178812 3.533971
v -1.103049 -0.225858 0.550603
vn -2.846874 1.178793 -3.533971
v -1.103049 -0.225858 0.010853
vn -2.179014 2.178321 3.534534
v -1.103212 -0.226102 0.550603
vn -2.179029 2.178306 -3.534534
v -1.103212 -0.226102 0.010853
vn -1.179094 2.846615 3.534376
v -1.103455 -0.226264 0.550603
vn -1.179113 2.846607 -3.534376
v -1.103455 -0.226264 0.010853
vn -0.306371 3.111311 3.337900
v -1.103742 -0.226321 0.550603
vn -0.306382 3.111423 -3.337900
v -1.103742 -0.226321 0.010853
vn 1.110733 2.681509 3.927000
v -1.104392 -0.226321 0.550603
vn 1.110731 2.681448 -3.927000
v -1.104392 -0.226321 0.010853
vn 1.110731 2.681508 2.356185
v -1.106042 -0.224671 0.550603
vn 1.110733 2.681509 -2.356185
v -1.106042 -0.224671 0.010853
vn 0.306382 3.111423 3.337900
v -1.106992 -0.224671 0.550603
vn 0.306371 3.111371 -3.337900
v -1.106992 -0.224671 0.010853
vn 1.179113 2.846607 3.534376
v -1.107279 -0.224614 0.550603
vn 1.179094 2.846615 -3.534375
v -1.107279 -0.224614 0.010853
vn 2.178708 2.178786 3.534167
v -1.107522 -0.224452 0.550603
vn 2.178693 2.178800 -3.534166
v -1.107522 -0.224452 0.010853
vn 2.846676 1.178656 3.534738
v -1.107685 -0.224208 0.550603
vn 2.846668 1.178676 -3.534738
v -1.107685 -0.224208 0.010853
vn 3.111469 0.305879 3.337580
v -1.107742 -0.223921 0.550603
vn 3.111521 0.305889 -3.337580
v -1.107742 -0.223921 0.010853
vn 2.681489 1.110753 2.356167
v -1.107742 -0.222971 0.550603
vn 2.681487 1.110751 -2.356167
v -1.107742 -0.222971 0.010853
vn 2.681428 1.110751 3.927018
v -1.109392 -0.221321 0.550603
vn 2.681489 1.110753 -3.927020
v -1.109392 -0.221321 0.010853
vn -0.306504 -3.111399 3.337979
v -1.134342 -0.219921 0.550603
vn 0.406482 -3.088037 3.403354
v -1.138992 -0.219921 0.550603
vn -0.306494 -3.111342 -3.337979
v -1.134342 -0.219921 0.010853
vn 0.406494 -3.088085 -3.403354
v -1.138992 -0.219921 0.010853
vn -1.179236 -2.846583 3.534296
v -1.134055 -0.219978 0.550603
vn -1.179216 -2.846591 -3.534296
v -1.134055 -0.219978 0.010853
vn -2.178733 -2.178749 3.534195
v -1.133812 -0.220141 0.550603
vn -2.178718 -2.178763 -3.534195
v -1.133812 -0.220141 0.010853
vn -2.846579 -1.179235 3.534310
v -1.133649 -0.220384 0.550603
vn -2.846570 -1.179254 -3.534310
v -1.133649 -0.220384 0.010853
vn -3.111287 -0.306494 3.337979
v -1.133592 -0.220671 0.550603
vn -3.111399 -0.306505 -3.337980
v -1.133592 -0.220671 0.010853
vn -2.681529 1.110713 3.926981
v -1.133592 -0.221321 0.550603
vn -2.681468 1.110711 -3.926982
v -1.133592 -0.221321 0.010853
vn -2.681528 1.110711 2.356204
v -1.135242 -0.222971 0.550603
vn -2.681530 1.110713 -2.356204
v -1.135242 -0.222971 0.010853
vn -3.111399 0.306505 3.337979
v -1.135242 -0.223921 0.550603
vn -3.111346 0.306494 -3.337979
v -1.135242 -0.223921 0.010853
vn -2.846546 1.179291 3.534338
v -1.135299 -0.224208 0.550603
vn -2.846554 1.179272 -3.534338
v -1.135299 -0.224208 0.010853
vn -2.178693 2.178800 3.534167
v -1.135462 -0.224452 0.550603
vn -2.178708 2.178786 -3.534167
v -1.135462 -0.224452 0.010853
vn -1.179094 2.846615 3.534376
v -1.135705 -0.224614 0.550603
vn -1.179113 2.846607 -3.534376
v -1.135705 -0.224614 0.010853
vn -0.306371 3.111371 3.337900
v -1.135992 -0.224671 0.550603
vn -0.306382 3.111423 -3.337900
v -1.135992 -0.224671 0.010853
vn -1.110733 2.681509 2.356185
v -1.136942 -0.224671 0.550603
vn -1.110731 2.681508 -2.356185
v -1.136942 -0.224671 0.010853
vn -1.110731 2.681448 3.927000
v -1.138592 -0.226321 0.550603
vn -1.110733 2.681509 -3.927000
v -1.138592 -0.226321 0.010853
vn 0.306504 3.111399 3.337979
v -1.139242 -0.226321 0.550603
vn 0.306494 3.111287 -3.337979
v -1.139242 -0.226321 0.010853
vn 1.179236 2.846583 3.534296
v -1.139529 -0.226264 0.550603
vn 1.179216 2.846591 -3.534296
v -1.139529 -0.226264 0.010853
vn 2.178733 2.178749 3.534195
v -1.139772 -0.226102 0.550603
vn 2.178718 2.178763 -3.534195
v -1.139772 -0.226102 0.010853
vn 2.846579 1.179235 3.534310
v -1.139935 -0.225858 0.550603
vn 2.846570 1.179254 -3.534310
v -1.139935 -0.225858 0.010853
vn 3.111342 0.306494 3.337980
v -1.139992 -0.225571 0.550603
vn 3.111399 0.306505 -3.337980
v -1.139992 -0.225571 0.010853
vn 3.088055 -0.406604 3.403426
v -1.139992 -0.220921 0.550603
vn 3.088007 -0.406592 -3.403426
v -1.139992 -0.220921 0.010853
vn 2.628026 -1.517223 3.665076
v -1.139858 -0.220421 0.550603
vn 2.628038 -1.517202 -3.665076
v -1.139858 -0.220421 0.010853
vn 1.517273 -2.627886 3.665311
v -1.139492 -0.220055 0.550603
vn 1.517293 -2.627874 -3.665311
v -1.139492 -0.220055 0.010853
vn 3.111402 -0.306490 3.337970
v -1.139992 -0.251271 0.550603
vn 3.088007 0.406592 3.403426
v -1.139992 -0.255921 0.550603
vn 3.111345 -0.306479 -3.337970
v -1.139992 -0.251271 0.010853
vn 3.088055 0.406604 -3.403426
v -1.139992 -0.255921 0.010853
vn 2.846549 -1.179276 3.534348
v -1.139935 -0.250984 0.550603
vn 2.846557 -1.179257 -3.534348
v -1.139935 -0.250984 0.010853
vn 2.178638 -2.178837 3.534209
v -1.139772 -0.250741 0.550603
vn 2.178653 -2.178823 -3.534209
v -1.139772 -0.250741 0.010853
vn 1.179238 -2.846613 3.534204
v -1.139529 -0.250578 0.550603
vn 1.179257 -2.846605 -3.534204
v -1.139529 -0.250578 0.010853
vn 0.306571 -3.111272 3.338029
v -1.139242 -0.250521 0.550603
vn 0.306581 -3.111384 -3.338029
v -1.139242 -0.250521 0.010853
vn -1.110733 -2.681509 3.927000
v -1.138592 -0.250521 0.550603
vn -1.110731 -2.681448 -3.927000
v -1.138592 -0.250521 0.010853
vn -1.110731 -2.681508 2.356185
v -1.136942 -0.252171 0.550603
vn -1.110733 -2.681509 -2.356185
v -1.136942 -0.252171 0.010853
vn -0.306459 -3.111408 3.337950
v -1.135992 -0.252171 0.550603
vn -0.306448 -3.111355 -3.337950
v -1.135992 -0.252171 0.010853
vn -1.179135 -2.846629 3.534283
v -1.135705 -0.252228 0.550603
vn -1.179116 -2.846637 -3.534283
v -1.135705 -0.252228 0.010853
vn -2.178653 -2.178823 3.534209
v -1.135462 -0.252391 0.550603
vn -2.178638 -2.178837 -3.534209
v -1.135462 -0.252391 0.010853
vn -2.846557 -1.179257 3.534348
v -1.135299 -0.252634 0.550603
vn -2.846549 -1.179276 -3.534348
v -1.135299 -0.252634 0.010853
vn -3.111349 -0.306479 3.337970
v -1.135242 -0.252921 0.550603
vn -3.111402 -0.306490 -3.337970
v -1.135242 -0.252921 0.010853
vn -2.681519 -1.110723 2.356194
v -1.135242 -0.253871 0.550603
vn -2.681518 -1.110721 -2.356194
v -1.135242 -0.253871 0.010853
vn -2.681458 -1.110721 3.926991
v -1.133592 -0.255521 0.550603
vn -2.681519 -1.110723 -3.926993
v -1.133592 -0.255521 0.010853
vn -3.111396 0.306520 3.337989
v -1.133592 -0.256171 0.550603
vn -3.111284 0.306510 -3.337989
v -1.133592 -0.256171 0.010853
vn -2.846592 1.179233 3.534272
v -1.133649 -0.256458 0.550603
vn -2.846600 1.179213 -3.534272
v -1.133649 -0.256458 0.010853
vn -2.178687 2.178763 3.534265
v -1.133812 -0.256702 0.550603
vn -2.178702 2.178749 -3.534265
v -1.133812 -0.256702 0.010853
vn -1.179238 2.846613 3.534204
v -1.134055 -0.256864 0.550603
vn -1.179257 2.846605 -3.534204
v -1.134055 -0.256864 0.010853
vn -0.306571 3.111327 3.338029
v -1.134342 -0.256921 0.550603
vn -0.306581 3.111384 -3.338029
v -1.134342 -0.256921 0.010853
vn 0.406536 3.088073 3.403382
v -1.138992 -0.256921 0.550603
vn 0.406524 3.088025 -3.403382
v -1.138992 -0.256921 0.010853
vn 1.517336 2.627863 3.665283
v -1.139492 -0.256787 0.550603
vn 1.517315 2.627875 -3.665283
v -1.139492 -0.256787 0.010853
vn 2.628038 1.517202 3.665076
v -1.139858 -0.256421 0.550603
vn 2.628026 1.517223 -3.665076
v -1.139858 -0.256421 0.010853
vn 0.000000 -3.141596 -3.141593
v -1.113442 -0.222921 0.010853
vn -1.570789 -1.570773 -1.570796
v -1.114492 -0.222921 0.010853
vn -1.570796 1.570796 -1.570796
v -1.114492 -0.218421 0.010853
vn -1.570796 -1.570796 -1.570797
v -1.141492 -0.258421 0.010853
vn -1.570796 1.570789 -1.570791
v -1.141492 -0.245421 0.010853
vn -1.110730 2.681507 -3.927002
v -1.135312 -0.250121 0.010853
vn -2.931149 0.785397 -3.665191
v -1.127492 -0.240421 0.010853
vn 1.570789 1.570796 -1.570796
v -1.136992 -0.245421 0.010853
vn 1.570796 1.570810 -4.712389
v -1.136992 -0.250121 0.010853
vn 1.570796 -1.570796 -1.570798
v -1.128492 -0.258421 0.010853
vn 0.785393 -2.931152 -3.665186
v -1.123492 -0.244421 0.010853
vn -0.785391 -2.931152 -3.665186
v -1.119492 -0.244421 0.010853
vn 1.896112 -2.471074 -3.403397
v -1.127940 -0.246989 0.010853
vn 2.681531 -1.110721 -3.926991
v -1.133192 -0.252241 0.010853
vn 1.570796 1.570789 -4.712389
v -1.133192 -0.253921 0.010853
vn 1.570789 1.570796 -1.570796
v -1.128492 -0.253921 0.010853
vn -2.471083 1.896110 -3.403384
v -1.130060 -0.244869 0.010853
vn -1.517261 -2.628005 -3.665182
v -1.119492 -0.234957 0.010853
vn 2.720663 -1.570863 -3.141671
v -1.113442 -0.232871 0.010853
vn -2.627970 -1.517330 -3.665171
v -1.118028 -0.236421 0.010853
vn 2.931160 -0.785378 -3.665176
v -1.115492 -0.236421 0.010853
vn 2.931159 0.785375 -3.665175
v -1.115492 -0.240421 0.010853
vn -0.000000 -3.034546 -3.665190
v -1.121492 -0.234421 0.010853
vn 1.517261 -2.628006 -3.665182
v -1.123492 -0.234957 0.010853
vn 0.785387 2.931155 -3.665183
v -1.123492 -0.232421 0.010853
vn 1.570797 2.720701 -3.141609
v -1.127043 -0.230371 0.010853
vn 2.627993 -1.517246 -3.665227
v -1.124956 -0.236421 0.010853
vn -2.471090 -1.896099 -3.403373
v -1.130060 -0.231973 0.010853
vn -2.931148 -0.785401 -3.665192
v -1.127492 -0.236421 0.010853
vn 1.570796 -1.570796 -1.570797
v -1.101492 -0.258421 0.010853
vn -1.570789 1.570796 -4.712389
v -1.105992 -0.250121 0.010853
vn -1.570796 1.570789 -1.570796
v -1.105992 -0.245421 0.010853
vn 1.570796 1.570796 -1.570792
v -1.101492 -0.245421 0.010853
vn 0.000000 -3.141592 -3.141589
v -1.113442 -0.258421 0.010853
vn 1.110718 2.681534 -3.926989
v -1.107672 -0.250121 0.010853
vn -1.570789 -1.570773 -1.570796
v -1.114492 -0.258421 0.010853
vn -1.570796 1.570796 -1.570796
v -1.114492 -0.253921 0.010853
vn 0.000000 3.141570 -3.141593
v -1.113442 -0.253921 0.010853
vn -1.570810 1.570800 -4.712389
v -1.109792 -0.253921 0.010853
vn -2.681508 -1.110730 -3.926999
v -1.109792 -0.252241 0.010853
vn 2.471019 1.896209 -3.403331
v -1.112924 -0.244869 0.010853
vn -2.221452 -2.221429 -3.141566
v -1.113442 -0.248591 0.010853
vn 2.720663 1.570860 -3.141672
v -1.113442 -0.243972 0.010853
vn -1.896137 -2.471058 -3.403416
v -1.115044 -0.246989 0.010853
vn 1.570796 1.570795 -1.570796
v -1.101492 -0.218421 0.010853
vn 3.141592 0.000000 -3.141590
v -1.101492 -0.230371 0.010853
vn -0.785391 2.931150 -3.665187
v -1.119492 -0.232421 0.010853
vn -1.896134 2.471056 -3.403416
v -1.115044 -0.229853 0.010853
vn 0.000000 0.000000 -6.283185
v -1.113442 -0.230371 0.010853
vn -2.221450 2.221431 -3.141564
v -1.113442 -0.228251 0.010853
vn -2.681520 1.110732 -3.927001
v -1.109792 -0.224601 0.010853
vn 0.000000 3.141570 -3.141587
v -1.113442 -0.218421 0.010853
vn 1.110720 -2.681516 -3.926991
v -1.107672 -0.226721 0.010853
vn -1.570800 -1.570810 -4.712389
v -1.105992 -0.226721 0.010853
vn -3.141570 0.000000 -3.141593
v -1.105992 -0.230371 0.010853
vn 1.570773 -1.570789 -1.570796
v -1.101492 -0.231421 0.010853
vn -1.570796 -1.570796 -1.570796
v -1.105992 -0.231421 0.010853
vn -1.570796 -1.570796 -4.712389
v -1.109792 -0.222921 0.010853
vn 2.471023 -1.896208 -3.403329
v -1.112924 -0.231973 0.010853
vn 1.570796 -1.570789 -1.570796
v -1.128492 -0.222921 0.010853
vn 1.570810 -1.570796 -4.712389
v -1.133192 -0.222921 0.010853
vn -1.570795 1.570796 -1.570796
v -1.141492 -0.218421 0.010853
vn 2.681515 1.110722 -3.926993
v -1.133192 -0.224601 0.010853
vn -2.221474 -2.221414 -3.141603
v -1.131662 -0.230371 0.010853
vn 1.896129 2.471066 -3.403382
v -1.127940 -0.229853 0.010853
vn 1.570789 1.570796 -1.570800
v -1.128492 -0.218421 0.010853
vn -3.141570 0.000000 -3.141590
v -1.141492 -0.230371 0.010853
vn -1.110729 -2.681521 -3.926999
v -1.135312 -0.226721 0.010853
vn 1.570796 -1.570796 -4.712389
v -1.136992 -0.226721 0.010853
vn 3.141596 0.000000 -3.141593
v -1.136992 -0.230371 0.010853
vn 1.570773 -1.570789 -1.570797
v -1.136992 -0.231421 0.010853
vn -1.570796 -1.570796 -1.570796
v -1.141492 -0.231421 0.010853
vn -1.570797 2.720701 3.141609
v -1.115941 -0.230371 0.550603
vn 0.000000 0.000000 6.283186
v -1.113442 -0.230371 0.550603
vn -1.896131 2.471068 3.403383
v -1.115044 -0.229853 0.550603
vn 1.570796 1.570789 1.570796
v -1.128492 -0.253921 0.550603
vn 1.570810 1.570796 4.712389
v -1.133192 -0.253921 0.550603
vn -1.570796 -1.570796 1.570797
v -1.141492 -0.258421 0.550603
vn -2.931149 0.785399 3.665191
v -1.127492 -0.240421 0.550603
vn -2.471080 1.896108 3.403383
v -1.130060 -0.244869 0.550603
vn 2.681517 -1.110720 3.926991
v -1.133192 -0.252241 0.550603
vn -1.896133 -2.471054 3.403416
v -1.115044 -0.246989 0.550603
vn -2.221455 -2.221432 3.141566
v -1.113442 -0.248591 0.550603
vn 2.720665 1.570861 3.141673
v -1.113442 -0.243972 0.550603
vn 1.570789 1.570796 4.712389
v -1.136992 -0.250121 0.550603
vn 1.570796 1.570789 1.570796
v -1.136992 -0.245421 0.550603
vn -1.570796 1.570796 1.570791
v -1.141492 -0.245421 0.550603
vn -1.110730 2.681521 3.926999
v -1.135312 -0.250121 0.550603
vn 1.570789 -1.570796 1.570798
v -1.128492 -0.258421 0.550603
vn 1.896114 -2.471076 3.403397
v -1.127940 -0.246989 0.550603
vn 0.785391 -2.931152 3.665186
v -1.123492 -0.244421 0.550603
vn 2.931145 -0.785399 3.665193
v -1.115492 -0.236421 0.550603
vn -1.517261 -2.628006 3.665182
v -1.119492 -0.234957 0.550603
vn -2.627970 -1.517331 3.665171
v -1.118028 -0.236421 0.550603
vn 2.931162 0.785375 3.665174
v -1.115492 -0.240421 0.550603
vn -2.931148 -0.785399 3.665192
v -1.127492 -0.236421 0.550603
vn 2.627993 -1.517246 3.665227
v -1.124956 -0.236421 0.550603
vn -2.471095 -1.896103 3.403373
v -1.130060 -0.231973 0.550603
vn -0.785393 -2.931152 3.665186
v -1.119492 -0.244421 0.550603
vn 1.570796 2.720699 3.141609
v -1.127043 -0.230371 0.550603
vn 1.517261 -2.628006 3.665182
v -1.123492 -0.234957 0.550603
vn 0.785387 2.931152 3.665183
v -1.123492 -0.232421 0.550603
vn 0.000000 -3.034546 3.665190
v -1.121492 -0.234421 0.550603
vn -0.785387 2.931155 3.665183
v -1.119492 -0.232421 0.550603
vn 2.471092 -1.896101 3.403372
v -1.112924 -0.231973 0.550603
vn 2.221452 -2.221429 3.141619
v -1.111322 -0.230371 0.550603
vn -1.570796 1.570796 1.570796
v -1.141492 -0.218421 0.550603
vn 1.570796 -1.570789 4.712389
v -1.133192 -0.222921 0.550603
vn -3.141592 0.000000 3.141589
v -1.141492 -0.230371 0.550603
vn 1.570796 1.570796 1.570800
v -1.128492 -0.218421 0.550603
vn 2.681530 1.110722 3.926993
v -1.133192 -0.224601 0.550603
vn 1.570789 -1.570796 1.570796
v -1.128492 -0.222921 0.550603
vn -2.221471 -2.221411 3.141603
v -1.131662 -0.230371 0.550603
vn 1.896129 2.471067 3.403382
v -1.127940 -0.229853 0.550603
vn -1.110730 -2.681508 3.926999
v -1.135312 -0.226721 0.550603
vn 1.570800 -1.570810 4.712389
v -1.136992 -0.226721 0.550603
vn -1.570773 -1.570789 1.570796
v -1.141492 -0.231421 0.550603
vn 1.570796 -1.570796 1.570797
v -1.136992 -0.231421 0.550603
vn 3.141570 0.000000 3.141593
v -1.136992 -0.230371 0.550603
vn 0.000000 -3.141570 3.141593
v -1.113442 -0.222921 0.550603
vn -1.570810 -1.570800 4.712389
v -1.109792 -0.222921 0.550603
vn 1.570795 1.570796 1.570796
v -1.101492 -0.218421 0.550603
vn 3.141570 0.000000 3.141590
v -1.101492 -0.230371 0.550603
vn -2.681515 1.110722 3.926994
v -1.109792 -0.224601 0.550603
vn -3.141596 0.000000 3.141593
v -1.105992 -0.230371 0.550603
vn -1.570796 -1.570796 4.712389
v -1.105992 -0.226721 0.550603
vn 1.110712 -2.681540 3.926983
v -1.107672 -0.226721 0.550603
vn 0.000000 3.141592 3.141588
v -1.113442 -0.218421 0.550603
vn -1.570789 1.570773 1.570796
v -1.114492 -0.218421 0.550603
vn -1.570796 -1.570796 1.570796
v -1.114492 -0.222921 0.550603
vn 1.570796 -1.570796 1.570796
v -1.101492 -0.231421 0.550603
vn -1.570773 -1.570789 1.570796
v -1.105992 -0.231421 0.550603
vn -2.681521 -1.110729 3.926999
v -1.109792 -0.252241 0.550603
vn -1.570796 1.570796 4.712389
v -1.109792 -0.253921 0.550603
vn 1.110717 2.681520 3.926989
v -1.107672 -0.250121 0.550603
vn 0.000000 3.141596 3.141593
v -1.113442 -0.253921 0.550603
vn 1.570796 -1.570795 1.570797
v -1.101492 -0.258421 0.550603
vn 1.570796 1.570789 1.570791
v -1.101492 -0.245421 0.550603
vn 0.000000 -3.141570 3.141589
v -1.113442 -0.258421 0.550603
vn 2.471017 1.896208 3.403332
v -1.112924 -0.244869 0.550603
vn -1.570789 1.570796 1.570796
v -1.105992 -0.245421 0.550603
vn -1.570796 1.570810 4.712389
v -1.105992 -0.250121 0.550603
vn -1.570789 1.570773 1.570796
v -1.114492 -0.253921 0.550603
vn -1.570796 -1.570796 1.570796
v -1.114492 -0.258421 0.550603
vn -2.617987 3.034543 -0.000000
v -1.085492 -0.242421 -0.009147
vn -3.665198 3.034543 -0.000000
v -1.101492 -0.242421 -0.009147
vn -2.617998 2.627994 -1.517277
v -1.085492 -0.241885 -0.007147
vn -3.665187 2.627993 -1.517277
v -1.101492 -0.241885 -0.007147
vn -2.617993 1.517273 -2.627993
v -1.085492 -0.240421 -0.005683
vn -3.665193 1.517273 -2.627993
v -1.101492 -0.240421 -0.005683
vn -2.617995 0.000000 -3.034546
v -1.085492 -0.238421 -0.005147
vn -3.665190 -0.000000 -3.034546
v -1.101492 -0.238421 -0.005147
vn -2.617992 -1.517273 -2.627993
v -1.085492 -0.236421 -0.005683
vn -3.665193 -1.517273 -2.627993
v -1.101492 -0.236421 -0.005683
vn -2.617991 -2.627996 -1.517266
v -1.085492 -0.234957 -0.007147
vn -3.665194 -2.627996 -1.517266
v -1.101492 -0.234957 -0.007147
vn -2.618001 -3.034549 0.000000
v -1.085492 -0.234421 -0.009147
vn -3.665184 -3.034548 -0.000000
v -1.101492 -0.234421 -0.009147
vn -3.665195 1.517274 -2.627990
v -1.085492 -0.240171 -0.006116
vn -3.665192 -0.000003 -3.034544
v -1.085492 -0.238421 -0.005647
vn -3.665187 -1.517270 -2.627996
v -1.085492 -0.236671 -0.006116
vn -3.665196 -2.627988 -1.517275
v -1.085492 -0.235390 -0.007397
vn -3.665190 -3.034545 -0.000001
v -1.085492 -0.234921 -0.009147
vn -3.665196 -2.627989 1.517274
v -1.085492 -0.235390 -0.010897
vn -2.617991 -2.627996 1.517266
v -1.085492 -0.234957 -0.011147
vn -3.665187 -1.517270 2.627995
v -1.085492 -0.236671 -0.012178
vn -2.617993 -1.517273 2.627992
v -1.085492 -0.236421 -0.012611
vn -3.665192 -0.000004 3.034544
v -1.085492 -0.238421 -0.012647
vn -2.617995 -0.000000 3.034546
v -1.085492 -0.238421 -0.013147
vn -3.665195 1.517273 2.627990
v -1.085492 -0.240171 -0.012178
vn -2.617992 1.517273 2.627993
v -1.085492 -0.240421 -0.012611
vn -3.665190 2.627995 1.517269
v -1.085492 -0.241452 -0.010897
vn -2.617999 2.627993 1.517276
v -1.085492 -0.241885 -0.011147
vn -3.665190 3.034544 0.000000
v -1.085492 -0.241921 -0.009147
vn -3.665190 2.627995 -1.517268
v -1.085492 -0.241452 -0.007397
vn 2.618001 -3.034548 -0.000000
v -0.384692 -0.234421 -0.009147
vn 3.665184 -3.034549 -0.000000
v -0.368692 -0.234421 -0.009147
vn 2.617991 -2.627996 -1.517266
v -0.384692 -0.234957 -0.007147
vn 3.665194 -2.627996 -1.517266
v -0.368692 -0.234957 -0.007147
vn 2.617993 -1.517273 -2.627993
v -0.384692 -0.236421 -0.005683
vn 3.665193 -1.517273 -2.627993
v -0.368692 -0.236421 -0.005683
vn 2.617995 -0.000000 -3.034546
v -0.384692 -0.238421 -0.005147
vn 3.665190 0.000000 -3.034546
v -0.368692 -0.238421 -0.005147
vn 2.617992 1.517273 -2.627993
v -0.384692 -0.240421 -0.005683
vn 3.665193 1.517273 -2.627993
v -0.368692 -0.240421 -0.005683
vn 2.617999 2.627993 -1.517277
v -0.384692 -0.241885 -0.007147
vn 3.665187 2.627993 -1.517277
v -0.368692 -0.241885 -0.007147
vn 2.617987 3.034543 -0.000000
v -0.384692 -0.242421 -0.009147
vn 3.665198 3.034543 -0.000000
v -0.368692 -0.242421 -0.009147
vn 3.665190 3.034544 -0.000001
v -0.384692 -0.241921 -0.009147
vn 3.665190 2.627995 1.517268
v -0.384692 -0.241452 -0.010897
vn 2.617998 2.627993 1.517277
v -0.384692 -0.241885 -0.011147
vn 3.665195 1.517274 2.627990
v -0.384692 -0.240171 -0.012178
vn 2.617993 1.517273 2.627993
v -0.384692 -0.240421 -0.012611
vn 3.665192 -0.000003 3.034544
v -0.384692 -0.238421 -0.012647
vn 2.617995 0.000000 3.034546
v -0.384692 -0.238421 -0.013147
vn 3.665186 -1.517270 2.627996
v -0.384692 -0.236671 -0.012178
vn 2.617992 -1.517273 2.627993
v -0.384692 -0.236421 -0.012611
vn 3.665196 -2.627988 1.517275
v -0.384692 -0.235390 -0.010897
vn 2.617991 -2.627996 1.517266
v -0.384692 -0.234957 -0.011147
vn 3.665190 -3.034544 0.000000
v -0.384692 -0.234921 -0.009147
vn 3.665195 -2.627989 -1.517274
v -0.384692 -0.235390 -0.007397
vn 3.665187 -1.517270 -2.627995
v -0.384692 -0.236671 -0.006116
vn 3.665192 -0.000004 -3.034544
v -0.384692 -0.238421 -0.005647
vn 3.665195 1.517273 -2.627990
v -0.384692 -0.240171 -0.006116
vn 3.665190 2.627995 -1.517269
v -0.384692 -0.241452 -0.007397
vn -3.926992 2.681528 1.110734
v -1.101492 -0.226321 0.007953
vn -3.337930 3.111388 -0.306417
v -1.101492 -0.226321 0.008603
vn 3.926992 2.681542 1.110722
v -0.368692 -0.226321 0.007953
vn 3.337930 3.111414 -0.306428
v -0.368692 -0.226321 0.008603
vn -2.356193 2.681511 1.110722
v -1.101492 -0.224671 0.006303
vn 2.356193 2.681528 1.110734
v -0.368692 -0.224671 0.006303
vn -3.337929 3.111414 0.306427
v -1.101492 -0.224671 0.005353
vn 3.337929 3.111357 0.306416
v -0.368692 -0.224671 0.005353
vn -3.534325 2.846617 1.179131
v -1.101492 -0.224614 0.005066
vn 3.534325 2.846625 1.179111
v -0.368692 -0.224614 0.005066
vn -3.534249 2.178725 2.178734
v -1.101492 -0.224452 0.004822
vn 3.534248 2.178740 2.178719
v -0.368692 -0.224452 0.004822
vn -3.534315 1.179135 2.846618
v -1.101492 -0.224208 0.004660
vn 3.534314 1.179154 2.846610
v -0.368692 -0.224208 0.004660
vn -3.337942 0.306437 3.111353
v -1.101492 -0.223921 0.004603
vn 3.337943 0.306447 3.111410
v -0.368692 -0.223921 0.004603
vn -2.356196 1.110731 2.681531
v -1.101492 -0.222971 0.004603
vn 2.356196 1.110719 2.681515
v -0.368692 -0.222971 0.004603
vn -3.926989 1.110719 2.681545
v -1.101492 -0.221321 0.002953
vn 3.926990 1.110731 2.681531
v -0.368692 -0.221321 0.002953
vn -3.337942 -0.306447 3.111410
v -1.101492 -0.220671 0.002953
vn 3.337942 -0.306437 3.111384
v -0.368692 -0.220671 0.002953
vn -3.534286 -1.179117 2.846635
v -1.101492 -0.220384 0.003010
vn 3.534286 -1.179098 2.846643
v -0.368692 -0.220384 0.003010
vn -3.534277 -2.178702 2.178743
v -1.101492 -0.220141 0.003172
vn 3.534277 -2.178688 2.178758
v -0.368692 -0.220141 0.003172
vn -3.534325 -2.846625 1.179111
v -1.101492 -0.219978 0.003416
vn 3.534325 -2.846617 1.179131
v -0.368692 -0.219978 0.003416
vn -3.337929 -3.111363 0.306416
v -1.101492 -0.219921 0.003703
vn 3.337929 -3.111414 0.306427
v -0.368692 -0.219921 0.003703
vn -3.403396 -3.088068 -0.406558
v -1.101492 -0.219921 0.008353
vn 3.403396 -3.088054 -0.406553
v -0.368692 -0.219921 0.008353
vn -3.665195 -2.627968 -1.517283
v -1.101492 -0.220055 0.008853
vn 3.665195 -2.627972 -1.517276
v -0.368692 -0.220055 0.008853
vn -3.665181 -1.517258 -2.627990
v -1.101492 -0.220421 0.009219
vn 3.665181 -1.517265 -2.627985
v -0.368692 -0.220421 0.009219
vn -3.403395 -0.406552 -3.088055
v -1.101492 -0.220921 0.009353
vn 3.403395 -0.406557 -3.088068
v -0.368692 -0.220921 0.009353
vn -3.337942 0.306447 -3.111410
v -1.101492 -0.225571 0.009353
vn 3.337942 0.306437 -3.111360
v -0.368692 -0.225571 0.009353
vn -3.534289 1.179121 -2.846633
v -1.101492 -0.225858 0.009296
vn 3.534289 1.179101 -2.846641
v -0.368692 -0.225858 0.009296
vn -3.534274 2.178706 -2.178741
v -1.101492 -0.226102 0.009133
vn 3.534274 2.178691 -2.178756
v -0.368692 -0.226102 0.009133
vn -3.534325 2.846625 -1.179112
v -1.101492 -0.226264 0.008890
vn 3.534325 2.846617 -1.179132
v -0.368692 -0.226264 0.008890
vn -3.337930 3.111414 0.306428
v -1.101492 -0.226321 -0.026897
vn 3.337929 3.111388 0.306417
v -0.368692 -0.226321 -0.026897
vn -3.534325 2.846617 1.179132
v -1.101492 -0.226264 -0.027184
vn 3.534325 2.846625 1.179112
v -0.368692 -0.226264 -0.027184
vn -3.534274 2.178691 2.178756
v -1.101492 -0.226102 -0.027428
vn 3.534274 2.178706 2.178741
v -0.368692 -0.226102 -0.027428
vn -3.534289 1.179101 2.846641
v -1.101492 -0.225858 -0.027590
vn 3.534289 1.179121 2.846633
v -0.368692 -0.225858 -0.027590
vn -3.337942 0.306437 3.111360
v -1.101492 -0.225571 -0.027647
vn 3.337942 0.306447 3.111410
v -0.368692 -0.225571 -0.027647
vn -3.403395 -0.406557 3.088068
v -1.101492 -0.220921 -0.027647
vn 3.403395 -0.406552 3.088055
v -0.368692 -0.220921 -0.027647
vn -3.665181 -1.517265 2.627985
v -1.101492 -0.220421 -0.027513
vn 3.665181 -1.517258 2.627990
v -0.368692 -0.220421 -0.027513
vn -3.665195 -2.627972 1.517276
v -1.101492 -0.220055 -0.027147
vn 3.665195 -2.627968 1.517283
v -0.368692 -0.220055 -0.027147
vn -3.403396 -3.088054 0.406553
v -1.101492 -0.219921 -0.026647
vn 3.403396 -3.088068 0.406558
v -0.368692 -0.219921 -0.026647
vn -3.337930 -3.111414 -0.306428
v -1.101492 -0.219921 -0.021997
vn 3.337930 -3.111363 -0.306417
v -0.368692 -0.219921 -0.021997
vn -3.534324 -2.846617 -1.179132
v -1.101492 -0.219978 -0.021710
vn 3.534324 -2.846625 -1.179112
v -0.368692 -0.219978 -0.021710
vn -3.534274 -2.178691 -2.178756
v -1.101492 -0.220141 -0.021467
vn 3.534274 -2.178706 -2.178741
v -0.368692 -0.220141 -0.021467
vn -3.534289 -1.179101 -2.846641
v -1.101492 -0.220384 -0.021304
vn 3.534289 -1.179121 -2.846633
v -0.368692 -0.220384 -0.021304
vn -3.337942 -0.306437 -3.111384
v -1.101492 -0.220671 -0.021247
vn 3.337942 -0.306447 -3.111410
v -0.368692 -0.220671 -0.021247
vn -3.926986 1.110731 -2.681531
v -1.101492 -0.221321 -0.021247
vn 3.926989 1.110719 -2.681545
v -0.368692 -0.221321 -0.021247
vn -2.356196 1.110719 -2.681514
v -1.101492 -0.222971 -0.022897
vn 2.356196 1.110731 -2.681531
v -0.368692 -0.222971 -0.022897
vn -3.337943 0.306447 -3.111410
v -1.101492 -0.223921 -0.022897
vn 3.337942 0.306437 -3.111353
v -0.368692 -0.223921 -0.022897
vn -3.534317 1.179158 -2.846608
v -1.101492 -0.224208 -0.022954
vn 3.534317 1.179138 -2.846616
v -0.368692 -0.224208 -0.022954
vn -3.534246 2.178743 -2.178716
v -1.101492 -0.224452 -0.023117
vn 3.534246 2.178728 -2.178731
v -0.368692 -0.224452 -0.023117
vn -3.534325 2.846625 -1.179112
v -1.101492 -0.224614 -0.023360
vn 3.534325 2.846617 -1.179132
v -0.368692 -0.224614 -0.023360
vn -3.337929 3.111357 -0.306417
v -1.101492 -0.224671 -0.023647
vn 3.337929 3.111414 -0.306428
v -0.368692 -0.224671 -0.023647
vn -2.356193 2.681528 -1.110735
v -1.101492 -0.224671 -0.024597
vn 2.356193 2.681511 -1.110723
v -0.368692 -0.224671 -0.024597
vn -3.926992 2.681542 -1.110723
v -1.101492 -0.226321 -0.026247
vn 3.926992 2.681528 -1.110735
v -0.368692 -0.226321 -0.026247
vn -3.337932 -0.306432 3.111413
v -1.101492 -0.251271 -0.027647
vn -3.403395 0.406552 3.088055
v -1.101492 -0.255921 -0.027647
vn 3.337932 -0.306421 3.111362
v -0.368692 -0.251271 -0.027647
vn 3.403395 0.406557 3.088068
v -0.368692 -0.255921 -0.027647
vn -3.534327 -1.179142 2.846611
v -1.101492 -0.250984 -0.027590
vn 3.534327 -1.179123 2.846619
v -0.368692 -0.250984 -0.027590
vn -3.534288 -2.178780 2.178661
v -1.101492 -0.250741 -0.027428
vn 3.534288 -2.178765 2.178676
v -0.368692 -0.250741 -0.027428
vn -3.534232 -2.846646 1.179134
v -1.101492 -0.250578 -0.027184
vn 3.534232 -2.846638 1.179153
v -0.368692 -0.250578 -0.027184
vn -3.337979 -3.111372 0.306494
v -1.101492 -0.250521 -0.026897
vn 3.337979 -3.111399 0.306505
v -0.368692 -0.250521 -0.026897
vn -3.926992 -2.681528 -1.110735
v -1.101492 -0.250521 -0.026247
vn 3.926992 -2.681542 -1.110723
v -0.368692 -0.250521 -0.026247
vn -2.356193 -2.681510 -1.110723
v -1.101492 -0.252171 -0.024597
vn 2.356193 -2.681528 -1.110735
v -0.368692 -0.252171 -0.024597
vn -3.337980 -3.111399 -0.306505
v -1.101492 -0.252171 -0.023647
vn 3.337980 -3.111341 -0.306494
v -0.368692 -0.252171 -0.023647
vn -3.534232 -2.846638 -1.179153
v -1.101492 -0.252228 -0.023360
vn 3.534232 -2.846646 -1.179134
v -0.368692 -0.252228 -0.023360
vn -3.534288 -2.178765 -2.178676
v -1.101492 -0.252391 -0.023117
vn 3.534288 -2.178780 -2.178661
v -0.368692 -0.252391 -0.023117
vn -3.534327 -1.179123 -2.846619
v -1.101492 -0.252634 -0.022954
vn 3.534327 -1.179142 -2.846611
v -0.368692 -0.252634 -0.022954
vn -3.337932 -0.306421 -3.111356
v -1.101492 -0.252921 -0.022897
vn 3.337932 -0.306432 -3.111413
v -0.368692 -0.252921 -0.022897
vn -2.356187 -1.110741 -2.681521
v -1.101492 -0.253871 -0.022897
vn 2.356187 -1.110729 -2.681504
v -0.368692 -0.253871 -0.022897
vn -3.926998 -1.110729 -2.681535
v -1.101492 -0.255521 -0.021247
vn 3.926996 -1.110741 -2.681521
v -0.368692 -0.255521 -0.021247
vn -3.337952 0.306462 -3.111407
v -1.101492 -0.256171 -0.021247
vn 3.337953 0.306452 -3.111381
v -0.368692 -0.256171 -0.021247
vn -3.534251 1.179099 -2.846654
v -1.101492 -0.256458 -0.021304
vn 3.534251 1.179080 -2.846663
v -0.368692 -0.256458 -0.021304
vn -3.534345 2.178706 -2.178710
v -1.101492 -0.256702 -0.021467
vn 3.534345 2.178691 -2.178725
v -0.368692 -0.256702 -0.021467
vn -3.534232 2.846646 -1.179134
v -1.101492 -0.256864 -0.021710
vn 3.534232 2.846638 -1.179153
v -0.368692 -0.256864 -0.021710
vn -3.337979 3.111348 -0.306494
v -1.101492 -0.256921 -0.021997
vn 3.337979 3.111399 -0.306505
v -0.368692 -0.256921 -0.021997
vn -3.403424 3.088056 0.406600
v -1.101492 -0.256921 -0.026647
vn 3.403424 3.088043 0.406596
v -0.368692 -0.256921 -0.026647
vn -3.665168 2.627957 1.517325
v -1.101492 -0.256787 -0.027147
vn 3.665168 2.627961 1.517318
v -0.368692 -0.256787 -0.027147
vn -3.665181 1.517258 2.627990
v -1.101492 -0.256421 -0.027513
vn 3.665181 1.517265 2.627985
v -0.368692 -0.256421 -0.027513
vn -3.337979 3.111399 0.306504
v -1.101492 -0.256921 0.003703
vn -3.403424 3.088043 -0.406596
v -1.101492 -0.256921 0.008353
vn 3.337979 3.111348 0.306493
v -0.368692 -0.256921 0.003703
vn 3.403424 3.088056 -0.406600
v -0.368692 -0.256921 0.008353
vn -3.534233 2.846638 1.179152
v -1.101492 -0.256864 0.003416
vn 3.534233 2.846646 1.179133
v -0.368692 -0.256864 0.003416
vn -3.534348 2.178688 2.178728
v -1.101492 -0.256702 0.003172
vn 3.534348 2.178702 2.178713
v -0.368692 -0.256702 0.003172
vn -3.534248 1.179076 2.846665
v -1.101492 -0.256458 0.003010
vn 3.534248 1.179096 2.846657
v -0.368692 -0.256458 0.003010
vn -3.337952 0.306452 3.111381
v -1.101492 -0.256171 0.002953
vn 3.337952 0.306462 3.111407
v -0.368692 -0.256171 0.002953
vn -3.926998 -1.110741 2.681521
v -1.101492 -0.255521 0.002953
vn 3.926998 -1.110729 2.681535
v -0.368692 -0.255521 0.002953
vn -2.356187 -1.110729 2.681504
v -1.101492 -0.253871 0.004603
vn 2.356187 -1.110741 2.681521
v -0.368692 -0.253871 0.004603
vn -3.337932 -0.306432 3.111413
v -1.101492 -0.252921 0.004603
vn 3.337932 -0.306421 3.111356
v -0.368692 -0.252921 0.004603
vn -3.534325 -1.179139 2.846613
v -1.101492 -0.252634 0.004660
vn 3.534325 -1.179119 2.846622
v -0.368692 -0.252634 0.004660
vn -3.534291 -2.178776 2.178663
v -1.101492 -0.252391 0.004822
vn 3.534291 -2.178761 2.178678
v -0.368692 -0.252391 0.004822
vn -3.534233 -2.846646 1.179133
v -1.101492 -0.252228 0.005066
vn 3.534233 -2.846638 1.179152
v -0.368692 -0.252228 0.005066
vn -3.337979 -3.111341 0.306493
v -1.101492 -0.252171 0.005353
vn 3.337979 -3.111399 0.306504
v -0.368692 -0.252171 0.005353
vn -2.356193 -2.681528 1.110734
v -1.101492 -0.252171 0.006303
vn 2.356193 -2.681511 1.110722
v -0.368692 -0.252171 0.006303
vn -3.926992 -2.681542 1.110722
v -1.101492 -0.250521 0.007953
vn 3.926993 -2.681528 1.110734
v -0.368692 -0.250521 0.007953
vn -3.337979 -3.111399 -0.306505
v -1.101492 -0.250521 0.008603
vn 3.337979 -3.111372 -0.306494
v -0.368692 -0.250521 0.008603
vn -3.534232 -2.846638 -1.179153
v -1.101492 -0.250578 0.008890
vn 3.534232 -2.846646 -1.179134
v -0.368692 -0.250578 0.008890
vn -3.534288 -2.178765 -2.178676
v -1.101492 -0.250741 0.009133
vn 3.534288 -2.178780 -2.178661
v -0.368692 -0.250741 0.009133
vn -3.534327 -1.179123 -2.846619
v -1.101492 -0.250984 0.009296
vn 3.534327 -1.179142 -2.846611
v -0.368692 -0.250984 0.009296
vn -3.337932 -0.306421 -3.111362
v -1.101492 -0.251271 0.009353
vn 3.337932 -0.306432 -3.111413
v -0.368692 -0.251271 0.009353
vn -3.403395 0.406557 -3.088068
v -1.101492 -0.255921 0.009353
vn 3.403395 0.406552 -3.088055
v -0.368692 -0.255921 0.009353
vn -3.665181 1.517265 -2.627985
v -1.101492 -0.256421 0.009219
vn 3.665181 1.517258 -2.627990
v -0.368692 -0.256421 0.009219
vn -3.665168 2.627961 -1.517318
v -1.101492 -0.256787 0.008853
vn 3.665168 2.627957 -1.517325
v -0.368692 -0.256787 0.008853
vn 3.141592 0.000000 3.141603
v -0.368692 -0.230371 -0.024647
vn 1.570796 -1.570803 1.570745
v -0.368692 -0.231421 -0.024647
vn 1.570796 -1.570796 -1.570796
v -0.368692 -0.231421 -0.029147
vn 1.570796 -1.570795 1.570796
v -0.368692 -0.258421 0.010853
vn 1.570802 1.570796 1.570795
v -0.368692 -0.245421 0.010853
vn 1.570803 -1.570796 -1.570803
v -0.368692 -0.258421 -0.002147
vn 3.403394 1.896122 2.471070
v -0.368692 -0.244869 -0.000579
vn 3.926989 2.681517 1.110719
v -0.368692 -0.250121 0.004673
vn 3.926990 -1.110721 -2.681520
v -0.368692 -0.252241 0.002553
vn 4.712389 1.570796 -1.570796
v -0.368692 -0.250121 0.006353
vn 1.570796 1.570803 -1.570796
v -0.368692 -0.245421 0.006353
vn 1.570796 1.570796 -1.570796
v -0.368692 -0.253921 -0.002147
vn 4.712389 1.570796 -1.570794
v -0.368692 -0.253921 0.002553
vn 3.665193 -0.785402 -2.931149
v -0.368692 -0.236421 -0.015147
vn 3.665194 -2.627996 1.517266
v -0.368692 -0.234957 -0.011147
vn 3.665193 -1.517273 2.627993
v -0.368692 -0.236421 -0.012611
vn 3.665191 0.785397 2.931146
v -0.368692 -0.240421 -0.003147
vn 3.665193 -0.785400 2.931146
v -0.368692 -0.236421 -0.003147
vn 3.665191 -2.931147 -0.785398
v -0.368692 -0.244421 -0.007147
vn 3.665191 0.785400 -2.931151
v -0.368692 -0.240421 -0.015147
vn 3.665191 0.000000 3.034546
v -0.368692 -0.238421 -0.013147
vn 3.665193 1.517273 2.627993
v -0.368692 -0.240421 -0.012611
vn 3.665191 2.931146 -0.785398
v -0.368692 -0.232421 -0.007147
vn 3.665191 2.931147 0.785398
v -0.368692 -0.232421 -0.011147
vn 3.141593 2.720713 1.570804
v -0.368692 -0.230371 -0.014698
vn 6.283185 0.000000 0.000000
v -0.368692 -0.230371 -0.017197
vn 3.403394 -2.471069 -1.896119
v -0.368692 -0.246989 -0.002699
vn 3.665187 2.627993 1.517277
v -0.368692 -0.241885 -0.011147
vn 3.665191 -2.931146 0.785397
v -0.368692 -0.244421 -0.011147
vn 3.141594 1.570822 -2.720743
v -0.368692 -0.243972 -0.017197
vn 1.570798 1.570796 1.570796
v -0.368692 -0.218421 0.010853
vn 1.570806 1.570795 -1.570796
v -0.368692 -0.218421 -0.002147
vn 3.141587 0.000000 3.141595
v -0.368692 -0.230371 0.010853
vn 4.712389 -1.570794 -1.570807
v -0.368692 -0.226721 0.006353
vn 3.926993 -2.681516 1.110722
v -0.368692 -0.226721 0.004673
vn 3.403390 -1.896130 2.471081
v -0.368692 -0.231973 -0.000579
vn 3.141593 2.720703 -1.570798
v -0.368692 -0.230371 -0.003597
vn 3.141592 -2.221450 2.221455
v -0.368692 -0.230371 0.001023
vn 3.403392 2.471116 -1.896146
v -0.368692 -0.229853 -0.002699
vn 3.926991 1.110721 -2.681515
v -0.368692 -0.224601 0.002553
vn 4.712389 -1.570796 -1.570796
v -0.368692 -0.222921 0.002553
vn 1.570796 -1.570796 -1.570803
v -0.368692 -0.222921 -0.002147
vn 1.570796 -1.570803 1.570745
v -0.368692 -0.231421 0.010853
vn 1.570797 -1.570796 -1.570796
v -0.368692 -0.231421 0.006353
vn 3.141593 0.000000 -3.141541
v -0.368692 -0.230371 0.006353
vn 1.570798 1.570796 -1.570799
v -0.368692 -0.218421 -0.029147
vn 3.141588 3.141595 0.000000
v -0.368692 -0.218421 -0.017197
vn 3.403389 -1.896145 -2.471115
v -0.368692 -0.231973 -0.017715
vn 3.141593 -2.221452 -2.221458
v -0.368692 -0.230371 -0.019317
vn 3.926992 -2.681513 -1.110722
v -0.368692 -0.226721 -0.022967
vn 3.141588 0.000000 -3.141541
v -0.368692 -0.230371 -0.029147
vn 3.926992 1.110732 2.681528
v -0.368692 -0.224601 -0.020847
vn 4.712389 -1.570807 1.570794
v -0.368692 -0.222921 -0.020847
vn 3.141593 -3.141541 0.000000
v -0.368692 -0.222921 -0.017197
vn 1.570796 1.570745 1.570803
v -0.368692 -0.218421 -0.016147
vn 1.570796 -1.570796 1.570796
v -0.368692 -0.222921 -0.016147
vn 4.712388 -1.570796 1.570796
v -0.368692 -0.226721 -0.024647
vn 3.403392 2.471082 1.896130
v -0.368692 -0.229853 -0.015595
vn 1.570796 1.570796 1.570796
v -0.368692 -0.245421 -0.024647
vn 4.712389 1.570794 1.570796
v -0.368692 -0.250121 -0.024647
vn 1.570796 -1.570799 -1.570795
v -0.368692 -0.258421 -0.029147
vn 1.570802 1.570803 -1.570796
v -0.368692 -0.245421 -0.029147
vn 3.403393 -2.471070 1.896120
v -0.368692 -0.246989 -0.015595
vn 3.141593 -2.221450 2.221455
v -0.368692 -0.248591 -0.017197
vn 3.403393 1.896122 -2.471068
v -0.368692 -0.244869 -0.017715
vn 3.926988 2.681520 -1.110720
v -0.368692 -0.250121 -0.022967
vn 3.141595 -3.141541 0.000000
v -0.368692 -0.258421 -0.017197
vn 3.926989 -1.110730 2.681527
v -0.368692 -0.252241 -0.020847
vn 4.712390 1.570796 1.570796
v -0.368692 -0.253921 -0.020847
vn 3.141593 3.141603 0.000000
v -0.368692 -0.253921 -0.017197
vn 1.570796 1.570745 1.570803
v -0.368692 -0.253921 -0.016147
vn 1.570796 -1.570796 1.570796
v -0.368692 -0.258421 -0.016147
vn -1.570796 1.570796 -1.570796
v -1.101492 -0.245421 0.006353
vn -4.712394 1.570794 -1.570796
v -1.101492 -0.250121 0.006353
vn -1.570796 -1.570796 1.570795
v -1.101492 -0.258421 0.010853
vn -3.665191 -2.931146 -0.785397
v -1.101492 -0.244421 -0.007147
vn -3.403394 -2.471071 -1.896121
v -1.101492 -0.246989 -0.002699
vn -1.570802 1.570803 1.570796
v -1.101492 -0.245421 0.010853
vn -1.570801 -1.570795 -1.570796
v -1.101492 -0.258421 -0.002147
vn -3.403390 -1.896119 2.471070
v -1.101492 -0.231973 -0.000579
vn -3.141593 -2.221450 2.221455
v -1.101492 -0.230371 0.001023
vn -3.141593 2.720743 -1.570822
v -1.101492 -0.230371 -0.003597
vn -4.712390 1.570796 -1.570796
v -1.101492 -0.253921 0.002553
vn -1.570796 1.570796 -1.570803
v -1.101492 -0.253921 -0.002147
vn -3.926990 -1.110719 -2.681516
v -1.101492 -0.252241 0.002553
vn -3.926989 2.681520 1.110720
v -1.101492 -0.250121 0.004673
vn -3.403394 1.896120 2.471068
v -1.101492 -0.244869 -0.000579
vn -3.665191 0.785398 2.931147
v -1.101492 -0.240421 -0.003147
vn -3.665191 2.931150 0.785400
v -1.101492 -0.232421 -0.011147
vn -3.665194 -2.627996 1.517266
v -1.101492 -0.234957 -0.011147
vn -3.665191 2.931151 -0.785400
v -1.101492 -0.232421 -0.007147
vn -3.665193 -0.785399 2.931144
v -1.101492 -0.236421 -0.003147
vn -3.665191 -2.931147 0.785398
v -1.101492 -0.244421 -0.011147
vn -3.665187 2.627994 1.517277
v -1.101492 -0.241885 -0.011147
vn -3.403393 -2.471080 1.896130
v -1.101492 -0.246989 -0.015595
vn -3.403393 2.471113 1.896145
v -1.101492 -0.229853 -0.015595
vn -6.283185 0.000000 0.000000
v -1.101492 -0.230371 -0.017197
vn -3.141594 1.570799 -2.720702
v -1.101492 -0.243972 -0.017197
vn -3.665193 1.517273 2.627992
v -1.101492 -0.240421 -0.012611
vn -3.665191 0.785398 -2.931146
v -1.101492 -0.240421 -0.015147
vn -3.665191 0.000000 3.034546
v -1.101492 -0.238421 -0.013147
vn -3.665193 -0.785400 -2.931146
v -1.101492 -0.236421 -0.015147
vn -3.665193 -1.517273 2.627993
v -1.101492 -0.236421 -0.012611
vn -3.141592 -1.570808 -2.720711
v -1.101492 -0.232871 -0.017197
vn -1.570796 -1.570796 -1.570796
v -1.101492 -0.258421 -0.029147
vn -3.141595 -3.141595 0.000000
v -1.101492 -0.258421 -0.017197
vn -1.570801 1.570796 -1.570795
v -1.101492 -0.245421 -0.029147
vn -4.712389 1.570807 1.570794
v -1.101492 -0.253921 -0.020847
vn -3.926990 -1.110719 2.681519
v -1.101492 -0.252241 -0.020847
vn -3.141593 -2.221450 2.221455
v -1.101492 -0.248591 -0.017197
vn -3.403393 1.896149 -2.471113
v -1.101492 -0.244869 -0.017715
vn -3.926989 2.681517 -1.110719
v -1.101492 -0.250121 -0.022967
vn -4.712388 1.570796 1.570796
v -1.101492 -0.250121 -0.024647
vn -1.570796 1.570803 1.570796
v -1.101492 -0.245421 -0.024647
vn -1.570796 -1.570745 1.570803
v -1.101492 -0.258421 -0.016147
vn -1.570796 1.570796 1.570796
v -1.101492 -0.253921 -0.016147
vn -3.141593 3.141541 0.000000
v -1.101492 -0.253921 -0.017197
vn -3.141593 0.000000 3.141541
v -1.101492 -0.230371 -0.024647
vn -4.712389 -1.570794 1.570807
v -1.101492 -0.226721 -0.024647
vn -1.570798 1.570799 -1.570796
v -1.101492 -0.218421 -0.029147
vn -3.141593 -3.141603 0.000000
v -1.101492 -0.222921 -0.017197
vn -4.712388 -1.570796 1.570796
v -1.101492 -0.222921 -0.020847
vn -3.926991 1.110722 2.681514
v -1.101492 -0.224601 -0.020847
vn -3.141587 0.000000 -3.141595
v -1.101492 -0.230371 -0.029147
vn -3.141589 3.141541 0.000000
v -1.101492 -0.218421 -0.017197
vn -3.926990 -2.681526 -1.110733
v -1.101492 -0.226721 -0.022967
vn -3.403389 -1.896130 -2.471082
v -1.101492 -0.231973 -0.017715
vn -3.141591 2.221455 2.221455
v -1.101492 -0.228251 -0.017197
vn -1.570796 -1.570803 -1.570745
v -1.101492 -0.231421 -0.029147
vn -1.570796 -1.570796 1.570796
v -1.101492 -0.231421 -0.024647
vn -1.570796 1.570796 1.570796
v -1.101492 -0.218421 -0.016147
vn -1.570796 -1.570745 1.570803
v -1.101492 -0.222921 -0.016147
vn -3.926992 -2.681524 1.110733
v -1.101492 -0.226721 0.004673
vn -4.712389 -1.570796 -1.570796
v -1.101492 -0.226721 0.006353
vn -3.926992 1.110722 -2.681518
v -1.101492 -0.224601 0.002553
vn -3.141588 0.000000 3.141541
v -1.101492 -0.230371 0.010853
vn -3.141593 0.000000 -3.141603
v -1.101492 -0.230371 0.006353
vn -1.570806 1.570796 -1.570803
v -1.101492 -0.218421 -0.002147
vn -1.570798 1.570795 1.570799
v -1.101492 -0.218421 0.010853
vn -3.403392 2.471070 -1.896119
v -1.101492 -0.229853 -0.002699
vn -1.570796 -1.570796 -1.570796
v -1.101492 -0.222921 -0.002147
vn -4.712389 -1.570796 -1.570794
v -1.101492 -0.222921 0.002553
vn -1.570797 -1.570803 -1.570745
v -1.101492 -0.231421 0.006353
vn -1.570796 -1.570796 1.570796
v -1.101492 -0.231421 0.010853
vn 3.034544 -0.000000 2.617988
v -0.352692 -0.238421 0.534603
vn 3.034544 0.000000 3.665197
v -0.352692 -0.238421 0.550603
vn 2.627993 1.517277 2.617997
v -0.352156 -0.240421 0.534603
vn 2.627993 1.517277 3.665189
v -0.352156 -0.240421 0.550603
vn 1.517277 2.627993 2.617997
v -0.350692 -0.241885 0.534603
vn 1.517277 2.627993 3.665189
v -0.350692 -0.241885 0.550603
vn -0.000006 3.034542 2.617985
v -0.348692 -0.242421 0.534603
vn -0.000006 3.034542 3.665200
v -0.348692 -0.242421 0.550603
vn -1.517271 2.628002 2.618010
v -0.346692 -0.241885 0.534603
vn -1.517272 2.628003 3.665175
v -0.346692 -0.241885 0.550603
vn -2.627987 1.517268 2.617972
v -0.345228 -0.240421 0.534603
vn -2.627986 1.517267 3.665212
v -0.345228 -0.240421 0.550603
vn -3.034554 -0.000000 2.618016
v -0.344692 -0.238421 0.534603
vn -3.034554 0.000000 3.665169
v -0.344692 -0.238421 0.550603
vn 1.517263 2.627982 3.665195
v -0.350442 -0.241452 0.534603
vn -0.000003 3.034534 3.665188
v -0.348692 -0.241921 0.534603
vn -1.517264 2.627984 3.665191
v -0.346942 -0.241452 0.534603
vn -2.627981 1.517267 3.665194
v -0.345661 -0.240171 0.534603
vn -3.034533 0.000000 3.665190
v -0.345192 -0.238421 0.534603
vn -2.627990 -1.517257 3.665185
v -0.345661 -0.236671 0.534603
vn -2.627986 -1.517267 2.617972
v -0.345228 -0.236421 0.534603
vn -1.517276 -2.627974 3.665197
v -0.346942 -0.235390 0.534603
vn -1.517261 -2.628006 2.618004
v -0.346692 -0.234957 0.534603
vn -0.000010 -3.034534 3.665188
v -0.348692 -0.234921 0.534603
vn -0.000006 -3.034548 2.617998
v -0.348692 -0.234421 0.534603
vn 1.517264 -2.627979 3.665201
v -0.350442 -0.235390 0.534603
vn 1.517267 -2.627996 2.617990
v -0.350692 -0.234957 0.534603
vn 2.627987 -1.517263 3.665185
v -0.351723 -0.236671 0.534603
vn 2.627993 -1.517277 2.617997
v -0.352156 -0.236421 0.534603
vn 3.034533 -0.000007 3.665190
v -0.352192 -0.238421 0.534603
vn 2.627985 1.517261 3.665193
v -0.351723 -0.240171 0.534603
vn -3.034555 0.000000 -2.618016
v -0.344692 -0.238421 0.026853
vn -3.034555 -0.000000 -3.665169
v -0.344692 -0.238421 0.010853
vn -2.627987 1.517267 -2.617972
v -0.345228 -0.240421 0.026853
vn -2.627987 1.517267 -3.665213
v -0.345228 -0.240421 0.010853
vn -1.517271 2.628002 -2.618011
v -0.346692 -0.241885 0.026853
vn -1.517271 2.628003 -3.665175
v -0.346692 -0.241885 0.010853
vn -0.000006 3.034542 -2.617984
v -0.348692 -0.242421 0.026853
vn -0.000006 3.034542 -3.665201
v -0.348692 -0.242421 0.010853
vn 1.517277 2.627992 -2.617997
v -0.350692 -0.241885 0.026853
vn 1.517277 2.627993 -3.665189
v -0.350692 -0.241885 0.010853
vn 2.627993 1.517277 -2.617997
v -0.352156 -0.240421 0.026853
vn 2.627992 1.517277 -3.665189
v -0.352156 -0.240421 0.010853
vn 3.034543 -0.000000 -2.617988
v -0.352692 -0.238421 0.026853
vn 3.034543 0.000000 -3.665197
v -0.352692 -0.238421 0.010853
vn 3.034533 0.000000 -3.665190
v -0.352192 -0.238421 0.026853
vn 2.627990 -1.517257 -3.665185
v -0.351723 -0.236671 0.026853
vn 2.627992 -1.517277 -2.617996
v -0.352156 -0.236421 0.026853
vn 1.517270 -2.627976 -3.665201
v -0.350442 -0.235390 0.026853
vn 1.517267 -2.627995 -2.617990
v -0.350692 -0.234957 0.026853
vn -0.000003 -3.034534 -3.665188
v -0.348692 -0.234921 0.026853
vn -0.000006 -3.034548 -2.617998
v -0.348692 -0.234421 0.026853
vn -1.517270 -2.627977 -3.665196
v -0.346942 -0.235390 0.026853
vn -1.517261 -2.628006 -2.618004
v -0.346692 -0.234957 0.026853
vn -2.627987 -1.517263 -3.665185
v -0.345661 -0.236671 0.026853
vn -2.627987 -1.517267 -2.617972
v -0.345228 -0.236421 0.026853
vn -3.034533 -0.000007 -3.665190
v -0.345192 -0.238421 0.026853
vn -2.627985 1.517261 -3.665193
v -0.345661 -0.240171 0.026853
vn -1.517270 2.627980 -3.665192
v -0.346942 -0.241452 0.026853
vn -0.000010 3.034534 -3.665188
v -0.348692 -0.241921 0.026853
vn 1.517257 2.627985 -3.665195
v -0.350442 -0.241452 0.026853
vn 2.627981 1.517267 -3.665194
v -0.351723 -0.240171 0.026853
vn 2.681509 -1.110733 3.927000
v -0.336592 -0.255521 0.550603
vn 3.111284 0.306510 3.337989
v -0.336592 -0.256171 0.550603
vn 2.681448 -1.110731 -3.926999
v -0.336592 -0.255521 0.010853
vn 3.111396 0.306520 -3.337990
v -0.336592 -0.256171 0.010853
vn 2.681508 -1.110731 2.356185
v -0.334942 -0.253871 0.550603
vn 2.681509 -1.110733 -2.356185
v -0.334942 -0.253871 0.010853
vn 3.111402 -0.306490 3.337970
v -0.334942 -0.252921 0.550603
vn 3.111349 -0.306479 -3.337970
v -0.334942 -0.252921 0.010853
vn 2.846623 -1.179165 3.534264
v -0.334885 -0.252634 0.550603
vn 2.846631 -1.179146 -3.534264
v -0.334885 -0.252634 0.010853
vn 2.178712 -2.178727 3.534293
v -0.334722 -0.252391 0.550603
vn 2.178727 -2.178712 -3.534293
v -0.334722 -0.252391 0.010853
vn 1.179146 -2.846631 3.534263
v -0.334479 -0.252228 0.550603
vn 1.179165 -2.846623 -3.534263
v -0.334479 -0.252228 0.010853
vn 0.306479 -3.111349 3.337970
v -0.334192 -0.252171 0.550603
vn 0.306490 -3.111402 -3.337970
v -0.334192 -0.252171 0.010853
vn 1.110733 -2.681509 2.356185
v -0.333242 -0.252171 0.550603
vn 1.110731 -2.681508 -2.356185
v -0.333242 -0.252171 0.010853
vn 1.110731 -2.681448 3.927000
v -0.331592 -0.250521 0.550603
vn 1.110733 -2.681509 -3.927000
v -0.331592 -0.250521 0.010853
vn -0.306520 -3.111396 3.337989
v -0.330942 -0.250521 0.550603
vn -0.306510 -3.111284 -3.337989
v -0.330942 -0.250521 0.010853
vn -1.179122 -2.846666 3.534187
v -0.330655 -0.250578 0.550603
vn -1.179103 -2.846674 -3.534187
v -0.330655 -0.250578 0.010853
vn -2.178653 -2.178761 3.534350
v -0.330412 -0.250741 0.550603
vn -2.178638 -2.178776 -3.534350
v -0.330412 -0.250741 0.010853
vn -2.846631 -1.179146 3.534263
v -0.330249 -0.250984 0.550603
vn -2.846623 -1.179165 -3.534263
v -0.330249 -0.250984 0.010853
vn -3.111345 -0.306479 3.337970
v -0.330192 -0.251271 0.550603
vn -3.111402 -0.306490 -3.337970
v -0.330192 -0.251271 0.010853
vn -3.088055 0.406604 3.403426
v -0.330192 -0.255921 0.550603
vn -3.088007 0.406592 -3.403426
v -0.330192 -0.255921 0.010853
vn -2.627936 1.517313 3.665157
v -0.330326 -0.256421 0.550603
vn -2.627947 1.517293 -3.665157
v -0.330326 -0.256421 0.010853
vn -1.517293 2.627947 3.665157
v -0.330692 -0.256787 0.550603
vn -1.517313 2.627936 -3.665157
v -0.330692 -0.256787 0.010853
vn -0.406592 3.088007 3.403426
v -0.331192 -0.256921 0.550603
vn -0.406604 3.088055 -3.403426
v -0.331192 -0.256921 0.010853
vn 0.306520 3.111396 3.337989
v -0.335842 -0.256921 0.550603
vn 0.306510 3.111339 -3.337989
v -0.335842 -0.256921 0.010853
vn 1.179122 2.846666 3.534187
v -0.336129 -0.256864 0.550603
vn 1.179103 2.846674 -3.534187
v -0.336129 -0.256864 0.010853
vn 2.178702 2.178687 3.534407
v -0.336372 -0.256702 0.550603
vn 2.178687 2.178702 -3.534407
v -0.336372 -0.256702 0.010853
vn 2.846674 1.179103 3.534187
v -0.336535 -0.256458 0.550603
vn 2.846666 1.179122 -3.534187
v -0.336535 -0.256458 0.010853
vn 3.111399 -0.306505 3.337980
v -0.336592 -0.220671 0.550603
vn 3.111287 -0.306494 -3.337979
v -0.336592 -0.220671 0.010853
vn 2.846644 -1.179144 3.534225
v -0.336535 -0.220384 0.550603
vn 2.846653 -1.179124 -3.534225
v -0.336535 -0.220384 0.010853
vn 2.178718 -2.178702 3.534336
v -0.336372 -0.220141 0.550603
vn 2.178733 -2.178687 -3.534336
v -0.336372 -0.220141 0.010853
vn 1.179081 -2.846653 3.534279
v -0.336129 -0.219978 0.550603
vn 1.179101 -2.846644 -3.534279
v -0.336129 -0.219978 0.010853
vn 0.306433 -3.111354 3.337940
v -0.335842 -0.219921 0.550603
vn 0.306443 -3.111411 -3.337940
v -0.335842 -0.219921 0.010853
vn -0.406562 -3.088067 3.403399
v -0.331192 -0.219921 0.550603
vn -0.406550 -3.088019 -3.403399
v -0.331192 -0.219921 0.010853
vn -1.517271 -2.627947 3.665185
v -0.330692 -0.220055 0.550603
vn -1.517250 -2.627959 -3.665185
v -0.330692 -0.220055 0.010853
vn -2.627947 -1.517293 3.665157
v -0.330326 -0.220421 0.550603
vn -2.627936 -1.517313 -3.665157
v -0.330326 -0.220421 0.010853
vn -3.088007 -0.406592 3.403426
v -0.330192 -0.220921 0.550603
vn -3.088055 -0.406604 -3.403426
v -0.330192 -0.220921 0.010853
vn -3.111399 0.306505 3.337980
v -0.330192 -0.225571 0.550603
vn -3.111342 0.306494 -3.337980
v -0.330192 -0.225571 0.010853
vn -2.846644 1.179144 3.534225
v -0.330249 -0.225858 0.550603
vn -2.846653 1.179124 -3.534225
v -0.330249 -0.225858 0.010853
vn -2.178718 2.178702 3.534336
v -0.330412 -0.226102 0.550603
vn -2.178733 2.178687 -3.534336
v -0.330412 -0.226102 0.010853
vn -1.179081 2.846653 3.534279
v -0.330655 -0.226264 0.550603
vn -1.179101 2.846644 -3.534279
v -0.330655 -0.226264 0.010853
vn -0.306433 3.111299 3.337940
v -0.330942 -0.226321 0.550603
vn -0.306443 3.111411 -3.337940
v -0.330942 -0.226321 0.010853
vn 1.110733 2.681509 3.927001
v -0.331592 -0.226321 0.550603
vn 1.110731 2.681448 -3.927000
v -0.331592 -0.226321 0.010853
vn 1.110731 2.681508 2.356185
v -0.333242 -0.224671 0.550603
vn 1.110733 2.681509 -2.356185
v -0.333242 -0.224671 0.010853
vn 0.306413 3.111417 3.337920
v -0.334192 -0.224671 0.550603
vn 0.306402 3.111364 -3.337919
v -0.334192 -0.224671 0.010853
vn 1.179144 2.846601 3.534356
v -0.334479 -0.224614 0.550603
vn 1.179124 2.846609 -3.534356
v -0.334479 -0.224614 0.010853
vn 2.178782 2.178675 3.534251
v -0.334722 -0.224452 0.550603
vn 2.178767 2.178690 -3.534251
v -0.334722 -0.224452 0.010853
vn 2.846628 1.179161 3.534253
v -0.334885 -0.224208 0.550603
vn 2.846620 1.179181 -3.534253
v -0.334885 -0.224208 0.010853
vn 3.111346 0.306494 3.337980
v -0.334942 -0.223921 0.550603
vn 3.111399 0.306505 -3.337980
v -0.334942 -0.223921 0.010853
vn 2.681519 1.110723 2.356194
v -0.334942 -0.222971 0.550603
vn 2.681518 1.110721 -2.356194
v -0.334942 -0.222971 0.010853
vn 2.681458 1.110721 3.926991
v -0.336592 -0.221321 0.550603
vn 2.681519 1.110723 -3.926989
v -0.336592 -0.221321 0.010853
vn -0.306413 -3.111417 3.337920
v -0.361542 -0.219921 0.550603
vn 0.406550 -3.088019 3.403399
v -0.366192 -0.219921 0.550603
vn -0.306402 -3.111360 -3.337920
v -0.361542 -0.219921 0.010853
vn 0.406562 -3.088067 -3.403399
v -0.366192 -0.219921 0.010853
vn -1.179144 -2.846601 3.534356
v -0.361255 -0.219978 0.550603
vn -1.179124 -2.846609 -3.534356
v -0.361255 -0.219978 0.010853
vn -2.178807 -2.178638 3.534280
v -0.361012 -0.220141 0.550603
vn -2.178792 -2.178653 -3.534280
v -0.361012 -0.220141 0.010853
vn -2.846653 -1.179124 3.534225
v -0.360849 -0.220384 0.550603
vn -2.846644 -1.179144 -3.534225
v -0.360849 -0.220384 0.010853
vn -3.111287 -0.306494 3.337979
v -0.360792 -0.220671 0.550603
vn -3.111399 -0.306505 -3.337980
v -0.360792 -0.220671 0.010853
vn -2.681519 1.110723 3.926991
v -0.360792 -0.221321 0.550603
vn -2.681458 1.110721 -3.926991
v -0.360792 -0.221321 0.010853
vn -2.681518 1.110721 2.356194
v -0.362442 -0.222971 0.550603
vn -2.681519 1.110723 -2.356194
v -0.362442 -0.222971 0.010853
vn -3.111430 0.306351 3.337880
v -0.362442 -0.223921 0.550603
vn -3.111377 0.306340 -3.337880
v -0.362442 -0.223921 0.010853
vn -2.846577 1.179137 3.534438
v -0.362499 -0.224208 0.550603
vn -2.846585 1.179118 -3.534438
v -0.362499 -0.224208 0.010853
vn -2.178693 2.178800 3.534166
v -0.362662 -0.224452 0.550603
vn -2.178708 2.178786 -3.534166
v -0.362662 -0.224452 0.010853
vn -1.179124 2.846609 3.534356
v -0.362905 -0.224614 0.550603
vn -1.179144 2.846601 -3.534356
v -0.362905 -0.224614 0.010853
vn -0.306402 3.111364 3.337920
v -0.363192 -0.224671 0.550603
vn -0.306413 3.111417 -3.337920
v -0.363192 -0.224671 0.010853
vn -1.110723 2.681519 2.356194
v -0.364142 -0.224671 0.550603
vn -1.110721 2.681518 -2.356194
v -0.364142 -0.224671 0.010853
vn -1.110721 2.681458 3.926992
v -0.365792 -0.226321 0.550603
vn -1.110723 2.681519 -3.926992
v -0.365792 -0.226321 0.010853
vn 0.306443 3.111411 3.337940
v -0.366442 -0.226321 0.550603
vn 0.306433 3.111299 -3.337940
v -0.366442 -0.226321 0.010853
vn 1.179174 2.846595 3.534336
v -0.366729 -0.226264 0.550603
vn 1.179155 2.846603 -3.534336
v -0.366729 -0.226264 0.010853
vn 2.178733 2.178749 3.534194
v -0.366972 -0.226102 0.550603
vn 2.178718 2.178763 -3.534194
v -0.366972 -0.226102 0.010853
vn 2.846609 1.179081 3.534410
v -0.367135 -0.225858 0.550603
vn 2.846601 1.179101 -3.534410
v -0.367135 -0.225858 0.010853
vn 3.111373 0.306340 3.337880
v -0.367192 -0.225571 0.550603
vn 3.111430 0.306351 -3.337880
v -0.367192 -0.225571 0.010853
vn 3.088078 -0.406520 3.403371
v -0.367192 -0.220921 0.550603
vn 3.088030 -0.406508 -3.403371
v -0.367192 -0.220921 0.010853
vn 2.627958 -1.517229 3.665213
v -0.367058 -0.220421 0.550603
vn 2.627970 -1.517208 -3.665213
v -0.367058 -0.220421 0.010853
vn 1.517250 -2.627959 3.665185
v -0.366692 -0.220055 0.550603
vn 1.517271 -2.627947 -3.665185
v -0.366692 -0.220055 0.010853
vn 3.111433 -0.306336 3.337870
v -0.367192 -0.251271 0.550603
vn 3.088030 0.406508 3.403371
v -0.367192 -0.255921 0.550603
vn 3.111376 -0.306325 -3.337870
v -0.367192 -0.251271 0.010853
vn 3.088078 0.406520 -3.403371
v -0.367192 -0.255921 0.010853
vn 2.846580 -1.179122 3.534448
v -0.367135 -0.250984 0.550603
vn 2.846588 -1.179103 -3.534448
v -0.367135 -0.250984 0.010853
vn 2.178638 -2.178837 3.534209
v -0.366972 -0.250741 0.550603
vn 2.178653 -2.178823 -3.534209
v -0.366972 -0.250741 0.010853
vn 1.179177 -2.846625 3.534244
v -0.366729 -0.250578 0.550603
vn 1.179196 -2.846617 -3.534244
v -0.366729 -0.250578 0.010853
vn 0.306510 -3.111284 3.337989
v -0.366442 -0.250521 0.550603
vn 0.306520 -3.111396 -3.337989
v -0.366442 -0.250521 0.010853
vn -1.110723 -2.681519 3.926990
v -0.365792 -0.250521 0.550603
vn -1.110721 -2.681458 -3.926991
v -0.365792 -0.250521 0.010853
vn -1.110721 -2.681518 2.356194
v -0.364142 -0.252171 0.550603
vn -1.110723 -2.681519 -2.356194
v -0.364142 -0.252171 0.010853
vn -0.306490 -3.111402 3.337970
v -0.363192 -0.252171 0.550603
vn -0.306479 -3.111349 -3.337970
v -0.363192 -0.252171 0.010853
vn -1.179165 -2.846623 3.534263
v -0.362905 -0.252228 0.550603
vn -1.179146 -2.846631 -3.534263
v -0.362905 -0.252228 0.010853
vn -2.178653 -2.178823 3.534209
v -0.362662 -0.252391 0.550603
vn -2.178638 -2.178837 -3.534209
v -0.362662 -0.252391 0.010853
vn -2.846588 -1.179103 3.534448
v -0.362499 -0.252634 0.550603
vn -2.846580 -1.179122 -3.534448
v -0.362499 -0.252634 0.010853
vn -3.111380 -0.306325 3.337870
v -0.362442 -0.252921 0.550603
vn -3.111433 -0.306336 -3.337870
v -0.362442 -0.252921 0.010853
vn -2.681509 -1.110733 2.356185
v -0.362442 -0.253871 0.550603
vn -2.681508 -1.110731 -2.356185
v -0.362442 -0.253871 0.010853
vn -2.681448 -1.110731 3.927000
v -0.360792 -0.255521 0.550603
vn -2.681509 -1.110733 -3.926999
v -0.360792 -0.255521 0.010853
vn -3.111396 0.306520 3.337989
v -0.360792 -0.256171 0.550603
vn -3.111284 0.306510 -3.337989
v -0.360792 -0.256171 0.010853
vn -2.846666 1.179122 3.534187
v -0.360849 -0.256458 0.550603
vn -2.846674 1.179103 -3.534187
v -0.360849 -0.256458 0.010853
vn -2.178761 2.178653 3.534350
v -0.361012 -0.256702 0.550603
vn -2.178776 2.178638 -3.534350
v -0.361012 -0.256702 0.010853
vn -1.179146 2.846631 3.534264
v -0.361255 -0.256864 0.550603
vn -1.179165 2.846623 -3.534264
v -0.361255 -0.256864 0.010853
vn -0.306479 3.111345 3.337970
v -0.361542 -0.256921 0.550603
vn -0.306490 3.111402 -3.337970
v -0.361542 -0.256921 0.010853
vn 0.406604 3.088055 3.403426
v -0.366192 -0.256921 0.550603
vn 0.406592 3.088007 -3.403426
v -0.366192 -0.256921 0.010853
vn 1.517313 2.627936 3.665157
v -0.366692 -0.256787 0.550603
vn 1.517293 2.627947 -3.665157
v -0.366692 -0.256787 0.010853
vn 2.627970 1.517208 3.665213
v -0.367058 -0.256421 0.550603
vn 2.627958 1.517229 -3.665213
v -0.367058 -0.256421 0.010853
vn 0.000000 -3.141596 -3.141593
v -0.340642 -0.222921 0.010853
vn -1.570789 -1.570773 -1.570796
v -0.341692 -0.222921 0.010853
vn -1.570796 1.570796 -1.570796
v -0.341692 -0.218421 0.010853
vn -1.570796 -1.570796 -1.570795
v -0.368692 -0.258421 0.010853
vn -1.570796 1.570789 -1.570800
v -0.368692 -0.245421 0.010853
vn -1.110717 2.681520 -3.926986
v -0.362512 -0.250121 0.010853
vn -2.931149 0.785397 -3.665190
v -0.354692 -0.240421 0.010853
vn 1.570789 1.570796 -1.570796
v -0.364192 -0.245421 0.010853
vn 1.570796 1.570810 -4.712389
v -0.364192 -0.250121 0.010853
vn 1.570796 -1.570796 -1.570797
v -0.355692 -0.258421 0.010853
vn 0.785397 -2.931150 -3.665189
v -0.350692 -0.244421 0.010853
vn -0.785395 -2.931150 -3.665190
v -0.346692 -0.244421 0.010853
vn 1.896119 -2.471068 -3.403397
v -0.355140 -0.246989 0.010853
vn 2.681534 -1.110718 -3.926988
v -0.360392 -0.252241 0.010853
vn 1.570796 1.570789 -4.712389
v -0.360392 -0.253921 0.010853
vn 1.570789 1.570796 -1.570796
v -0.355692 -0.253921 0.010853
vn -2.471070 1.896123 -3.403396
v -0.357260 -0.244869 0.010853
vn -1.517261 -2.628005 -3.665182
v -0.346692 -0.234957 0.010853
vn 2.720707 -1.570787 -3.141577
v -0.340642 -0.232871 0.010853
vn -2.627987 -1.517267 -3.665213
v -0.345228 -0.236421 0.010853
vn 2.931145 -0.785403 -3.665195
v -0.342692 -0.236421 0.010853
vn 2.931144 0.785401 -3.665194
v -0.342692 -0.240421 0.010853
vn -0.000006 -3.034548 -3.665187
v -0.348692 -0.234421 0.010853
vn 1.517267 -2.627995 -3.665196
v -0.350692 -0.234957 0.010853
vn 0.785397 2.931149 -3.665191
v -0.350692 -0.232421 0.010853
vn 1.570788 2.720707 -3.141587
v -0.354243 -0.230371 0.010853
vn 2.627993 -1.517277 -3.665189
v -0.352156 -0.236421 0.010853
vn -2.471070 -1.896120 -3.403391
v -0.357260 -0.231973 0.010853
vn -2.931148 -0.785401 -3.665192
v -0.354692 -0.236421 0.010853
vn 1.570796 -1.570796 -1.570794
v -0.328692 -0.258421 0.010853
vn -1.570789 1.570796 -4.712389
v -0.333192 -0.250121 0.010853
vn -1.570796 1.570789 -1.570796
v -0.333192 -0.245421 0.010853
vn 1.570796 1.570796 -1.570796
v -0.328692 -0.245421 0.010853
vn 0.000000 -3.141592 -3.141593
v -0.340642 -0.258421 0.010853
vn 1.110718 2.681534 -3.926986
v -0.334872 -0.250121 0.010853
vn -1.570789 -1.570773 -1.570796
v -0.341692 -0.258421 0.010853
vn -1.570796 1.570796 -1.570796
v -0.341692 -0.253921 0.010853
vn 0.000000 3.141570 -3.141593
v -0.340642 -0.253921 0.010853
vn -1.570810 1.570800 -4.712389
v -0.336992 -0.253921 0.010853
vn -2.681522 -1.110716 -3.926987
v -0.336992 -0.252241 0.010853
vn 2.471078 1.896107 -3.403406
v -0.340124 -0.244869 0.010853
vn -2.221445 -2.221436 -3.141597
v -0.340642 -0.248591 0.010853
vn 2.720706 1.570784 -3.141579
v -0.340642 -0.243972 0.010853
vn -1.896120 -2.471076 -3.403394
v -0.342244 -0.246989 0.010853
vn 1.570796 1.570795 -1.570795
v -0.328692 -0.218421 0.010853
vn 3.141592 0.000000 -3.141592
v -0.328692 -0.230371 0.010853
vn -0.785395 2.931147 -3.665190
v -0.346692 -0.232421 0.010853
vn -1.896117 2.471074 -3.403394
v -0.342244 -0.229853 0.010853
vn 0.000000 0.000000 -6.283185
v -0.340642 -0.230371 0.010853
vn -2.221443 2.221438 -3.141595
v -0.340642 -0.228251 0.010853
vn -2.681533 1.110718 -3.926989
v -0.336992 -0.224601 0.010853
vn 0.000000 3.141570 -3.141592
v -0.340642 -0.218421 0.010853
vn 1.110720 -2.681517 -3.926991
v -0.334872 -0.226721 0.010853
vn -1.570800 -1.570810 -4.712389
v -0.333192 -0.226721 0.010853
vn -3.141570 0.000000 -3.141593
v -0.333192 -0.230371 0.010853
vn 1.570773 -1.570789 -1.570796
v -0.328692 -0.231421 0.010853
vn -1.570796 -1.570796 -1.570796
v -0.333192 -0.231421 0.010853
vn -1.570796 -1.570796 -4.712389
v -0.336992 -0.222921 0.010853
vn 2.471082 -1.896106 -3.403404
v -0.340124 -0.231973 0.010853
vn 1.570796 -1.570789 -1.570796
v -0.355692 -0.222921 0.010853
vn 1.570810 -1.570796 -4.712389
v -0.360392 -0.222921 0.010853
vn -1.570795 1.570796 -1.570795
v -0.368692 -0.218421 0.010853
vn 2.681518 1.110719 -3.926990
v -0.360392 -0.224601 0.010853
vn -2.221444 -2.221444 -3.141593
v -0.358862 -0.230371 0.010853
vn 1.896112 2.471074 -3.403400
v -0.355140 -0.229853 0.010853
vn 1.570789 1.570796 -1.570798
v -0.355692 -0.218421 0.010853
vn -3.141570 0.000000 -3.141594
v -0.368692 -0.230371 0.010853
vn -1.110720 -2.681530 -3.926991
v -0.362512 -0.226721 0.010853
vn 1.570796 -1.570796 -4.712390
v -0.364192 -0.226721 0.010853
vn 3.141596 0.000000 -3.141593
v -0.364192 -0.230371 0.010853
vn 1.570773 -1.570789 -1.570796
v -0.364192 -0.231421 0.010853
vn -1.570796 -1.570796 -1.570796
v -0.368692 -0.231421 0.010853
vn -1.570788 2.720707 3.141587
v -0.343141 -0.230371 0.550603
vn 0.000000 0.000000 6.283185
v -0.340642 -0.230371 0.550603
vn -1.896114 2.471076 3.403400
v -0.342244 -0.229853 0.550603
vn 1.570796 1.570789 1.570796
v -0.355692 -0.253921 0.550603
vn 1.570810 1.570796 4.712390
v -0.360392 -0.253921 0.550603
vn -1.570796 -1.570796 1.570795
v -0.368692 -0.258421 0.550603
vn -2.931149 0.785399 3.665191
v -0.354692 -0.240421 0.550603
vn -2.471067 1.896121 3.403396
v -0.357260 -0.244869 0.550603
vn 2.681520 -1.110717 3.926987
v -0.360392 -0.252241 0.550603
vn -1.896116 -2.471072 3.403394
v -0.342244 -0.246989 0.550603
vn -2.221448 -2.221439 3.141597
v -0.340642 -0.248591 0.550603
vn 2.720709 1.570785 3.141579
v -0.340642 -0.243972 0.550603
vn 1.570789 1.570796 4.712389
v -0.364192 -0.250121 0.550603
vn 1.570796 1.570789 1.570796
v -0.364192 -0.245421 0.550603
vn -1.570796 1.570796 1.570800
v -0.368692 -0.245421 0.550603
vn -1.110718 2.681534 3.926988
v -0.362512 -0.250121 0.550603
vn 1.570789 -1.570796 1.570797
v -0.355692 -0.258421 0.550603
vn 1.896121 -2.471071 3.403397
v -0.355140 -0.246989 0.550603
vn 0.785395 -2.931150 3.665190
v -0.350692 -0.244421 0.550603
vn 2.931145 -0.785399 3.665193
v -0.342692 -0.236421 0.550603
vn -1.517261 -2.628006 3.665182
v -0.346692 -0.234957 0.550603
vn -2.627987 -1.517268 3.665213
v -0.345228 -0.236421 0.550603
vn 2.931147 0.785401 3.665194
v -0.342692 -0.240421 0.550603
vn -2.931148 -0.785399 3.665192
v -0.354692 -0.236421 0.550603
vn 2.627993 -1.517277 3.665189
v -0.352156 -0.236421 0.550603
vn -2.471075 -1.896124 3.403391
v -0.357260 -0.231973 0.550603
vn -0.785397 -2.931150 3.665189
v -0.346692 -0.244421 0.550603
vn 1.570786 2.720705 3.141587
v -0.354243 -0.230371 0.550603
vn 1.517266 -2.627995 3.665196
v -0.350692 -0.234957 0.550603
vn 0.785397 2.931147 3.665191
v -0.350692 -0.232421 0.550603
vn -0.000006 -3.034548 3.665187
v -0.348692 -0.234421 0.550603
vn -0.785397 2.931149 3.665190
v -0.346692 -0.232421 0.550603
vn 2.471072 -1.896122 3.403391
v -0.340124 -0.231973 0.550603
vn 2.221441 -2.221441 3.141593
v -0.338522 -0.230371 0.550603
vn -1.570796 1.570796 1.570795
v -0.368692 -0.218421 0.550603
vn 1.570796 -1.570789 4.712389
v -0.360392 -0.222921 0.550603
vn -3.141592 0.000000 3.141594
v -0.368692 -0.230371 0.550603
vn 1.570796 1.570796 1.570799
v -0.355692 -0.218421 0.550603
vn 2.681533 1.110719 3.926990
v -0.360392 -0.224601 0.550603
vn 1.570789 -1.570796 1.570796
v -0.355692 -0.222921 0.550603
vn -2.221441 -2.221441 3.141593
v -0.358862 -0.230371 0.550603
vn 1.896113 2.471075 3.403400
v -0.355140 -0.229853 0.550603
vn -1.110721 -2.681517 3.926991
v -0.362512 -0.226721 0.550603
vn 1.570800 -1.570810 4.712389
v -0.364192 -0.226721 0.550603
vn -1.570773 -1.570789 1.570796
v -0.368692 -0.231421 0.550603
vn 1.570796 -1.570796 1.570796
v -0.364192 -0.231421 0.550603
vn 3.141570 0.000000 3.141593
v -0.364192 -0.230371 0.550603
vn 0.000000 -3.141570 3.141593
v -0.340642 -0.222921 0.550603
vn -1.570810 -1.570800 4.712389
v -0.336992 -0.222921 0.550603
vn 1.570795 1.570796 1.570795
v -0.328692 -0.218421 0.550603
vn 3.141570 0.000000 3.141592
v -0.328692 -0.230371 0.550603
vn -2.681518 1.110718 3.926989
v -0.336992 -0.224601 0.550603
vn -3.141596 0.000000 3.141593
v -0.333192 -0.230371 0.550603
vn -1.570796 -1.570796 4.712390
v -0.333192 -0.226721 0.550603
vn 1.110721 -2.681531 3.926991
v -0.334872 -0.226721 0.550603
vn 0.000000 3.141592 3.141593
v -0.340642 -0.218421 0.550603
vn -1.570789 1.570773 1.570796
v -0.341692 -0.218421 0.550603
vn -1.570796 -1.570796 1.570796
v -0.341692 -0.222921 0.550603
vn 1.570796 -1.570796 1.570796
v -0.328692 -0.231421 0.550603
vn -1.570773 -1.570789 1.570796
v -0.333192 -0.231421 0.550603
vn -2.681535 -1.110715 3.926987
v -0.336992 -0.252241 0.550603
vn -1.570796 1.570796 4.712389
v -0.336992 -0.253921 0.550603
vn 1.110717 2.681520 3.926986
v -0.334872 -0.250121 0.550603
vn 0.000000 3.141596 3.141593
v -0.340642 -0.253921 0.550603
vn 1.570796 -1.570795 1.570794
v -0.328692 -0.258421 0.550603
vn 1.570796 1.570789 1.570795
v -0.328692 -0.245421 0.550603
vn 0.000000 -3.141570 3.141593
v -0.340642 -0.258421 0.550603
vn 2.471076 1.896107 3.403406
v -0.340124 -0.244869 0.550603
vn -1.570789 1.570796 1.570796
v -0.333192 -0.245421 0.550603
vn -1.570796 1.570810 4.712389
v -0.333192 -0.250121 0.550603
vn -1.570789 1.570773 1.570796
v -0.341692 -0.253921 0.550603
vn -1.570796 -1.570796 1.570796
v -0.341692 -0.258421 0.550603
vn -2.617995 3.034546 0.000000
v -1.085492 0.063654 -0.009147
vn -3.665192 3.034546 -0.000000
v -1.101492 0.063654 -0.009147
vn -2.617995 2.627995 -1.517272
v -1.085492 0.064190 -0.007147
vn -3.665191 2.627995 -1.517271
v -1.101492 0.064190 -0.007147
vn -2.617993 1.517273 -2.627993
v -1.085492 0.065654 -0.005683
vn -3.665193 1.517273 -2.627993
v -1.101492 0.065654 -0.005683
vn -2.617994 -0.000001 -3.034546
v -1.085492 0.067654 -0.005147
vn -3.665192 -0.000001 -3.034545
v -1.101492 0.067654 -0.005147
vn -2.617996 -1.517272 -2.627995
v -1.085492 0.069654 -0.005683
vn -3.665189 -1.517272 -2.627995
v -1.101492 0.069654 -0.005683
vn -2.617993 -2.627992 -1.517274
v -1.085492 0.071118 -0.007147
vn -3.665193 -2.627992 -1.517274
v -1.101492 0.071118 -0.007147
vn -2.617995 -3.034546 -0.000000
v -1.085492 0.071654 -0.009147
vn -3.665191 -3.034546 0.000000
v -1.101492 0.071654 -0.009147
vn -3.665191 1.517272 -2.627993
v -1.085492 0.065904 -0.006116
vn -3.665192 0.000000 -3.034544
v -1.085492 0.067654 -0.005647
vn -3.665191 -1.517271 -2.627993
v -1.085492 0.069404 -0.006116
vn -3.665193 -2.627992 -1.517272
v -1.085492 0.070685 -0.007397
vn -3.665190 -3.034545 -0.000001
v -1.085492 0.071154 -0.009147
vn -3.665193 -2.627992 1.517271
v -1.085492 0.070685 -0.010897
vn -2.617992 -2.627992 1.517274
v -1.085492 0.071118 -0.011147
vn -3.665191 -1.517272 2.627993
v -1.085492 0.069404 -0.012178
vn -2.617996 -1.517272 2.627995
v -1.085492 0.069654 -0.012611
vn -3.665192 -0.000000 3.034544
v -1.085492 0.067654 -0.012647
vn -2.617994 -0.000001 3.034545
v -1.085492 0.067654 -0.013147
vn -3.665190 1.517271 2.627993
v -1.085492 0.065904 -0.012178
vn -2.617992 1.517273 2.627993
v -1.085492 0.065654 -0.012611
vn -3.665193 2.627991 1.517272
v -1.085492 0.064623 -0.010897
vn -2.617995 2.627995 1.517271
v -1.085492 0.064190 -0.011147
vn -3.665190 3.034544 0.000000
v -1.085492 0.064154 -0.009147
vn -3.665193 2.627992 -1.517271
v -1.085492 0.064623 -0.007397
vn 2.617995 -3.034546 -0.000000
v -0.384692 0.071654 -0.009147
vn 3.665191 -3.034546 -0.000000
v -0.368692 0.071654 -0.009147
vn 2.617992 -2.627992 -1.517274
v -0.384692 0.071118 -0.007147
vn 3.665193 -2.627992 -1.517274
v -0.368692 0.071118 -0.007147
vn 2.617996 -1.517272 -2.627995
v -0.384692 0.069654 -0.005683
vn 3.665189 -1.517272 -2.627995
v -0.368692 0.069654 -0.005683
vn 2.617994 -0.000001 -3.034545
v -0.384692 0.067654 -0.005147
vn 3.665191 -0.000001 -3.034546
v -0.368692 0.067654 -0.005147
vn 2.617992 1.517273 -2.627993
v -0.384692 0.065654 -0.005683
vn 3.665193 1.517273 -2.627993
v -0.368692 0.065654 -0.005683
vn 2.617996 2.627995 -1.517271
v -0.384692 0.064190 -0.007147
vn 3.665191 2.627995 -1.517272
v -0.368692 0.064190 -0.007147
vn 2.617995 3.034546 -0.000000
v -0.384692 0.063654 -0.009147
vn 3.665191 3.034546 0.000000
v -0.368692 0.063654 -0.009147
vn 3.665190 3.034544 -0.000001
v -0.384692 0.064154 -0.009147
vn 3.665193 2.627992 1.517271
v -0.384692 0.064623 -0.010897
vn 2.617995 2.627995 1.517271
v -0.384692 0.064190 -0.011147
vn 3.665191 1.517272 2.627993
v -0.384692 0.065904 -0.012178
vn 2.617993 1.517273 2.627993
v -0.384692 0.065654 -0.012611
vn 3.665192 0.000000 3.034544
v -0.384692 0.067654 -0.012647
vn 2.617993 -0.000001 3.034545
v -0.384692 0.067654 -0.013147
vn 3.665190 -1.517271 2.627993
v -0.384692 0.069404 -0.012178
vn 2.617996 -1.517272 2.627995
v -0.384692 0.069654 -0.012611
vn 3.665193 -2.627991 1.517272
v -0.384692 0.070685 -0.010897
vn 2.617993 -2.627992 1.517274
v -0.384692 0.071118 -0.011147
vn 3.665190 -3.034544 0.000000
v -0.384692 0.071154 -0.009147
vn 3.665193 -2.627992 -1.517271
v -0.384692 0.070685 -0.007397
vn 3.665191 -1.517272 -2.627993
v -0.384692 0.069404 -0.006116
vn 3.665192 -0.000000 -3.034544
v -0.384692 0.067654 -0.005647
vn 3.665191 1.517271 -2.627993
v -0.384692 0.065904 -0.006116
vn 3.665193 2.627992 -1.517272
v -0.384692 0.064623 -0.007397
vn -3.926992 2.681528 1.110734
v -1.101492 0.079754 0.007953
vn -3.337955 3.111041 -0.306388
v -1.101492 0.079754 0.008603
vn 3.926992 2.681542 1.110722
v -0.368692 0.079754 0.007953
vn 3.337955 3.111406 -0.306466
v -0.368692 0.079754 0.008603
vn -2.356193 2.681511 1.110722
v -1.101492 0.081404 0.006303
vn 2.356193 2.681528 1.110734
v -0.368692 0.081404 0.006303
vn -3.337929 3.111414 0.306427
v -1.101492 0.081404 0.005353
vn 3.337929 3.111018 0.306349
v -0.368692 0.081404 0.005353
vn -3.534304 2.846297 1.179036
v -1.101492 0.081461 0.005066
vn 3.534304 2.846356 1.178892
v -0.368692 0.081461 0.005066
vn -3.534298 2.178419 2.178539
v -1.101492 0.081623 0.004822
vn 3.534298 2.178529 2.178429
v -0.368692 0.081623 0.004822
vn -3.534286 1.178906 2.846356
v -1.101492 0.081867 0.004660
vn 3.534286 1.179050 2.846296
v -0.368692 0.081867 0.004660
vn -3.337942 0.306369 3.111014
v -1.101492 0.082154 0.004603
vn 3.337942 0.306447 3.111410
v -0.368692 0.082154 0.004603
vn -2.356194 1.110734 2.681529
v -1.101492 0.083104 0.004603
vn 2.356194 1.110721 2.681512
v -0.368692 0.083104 0.004603
vn -3.926991 1.110721 2.681543
v -1.101492 0.084754 0.002953
vn 3.926992 1.110734 2.681529
v -0.368692 0.084754 0.002953
vn -3.337942 -0.306447 3.111410
v -1.101492 0.085404 0.002953
vn 3.337942 -0.306369 3.111045
v -0.368692 0.085404 0.002953
vn -3.534301 -1.179068 2.846284
v -1.101492 0.085691 0.003010
vn 3.534301 -1.178924 2.846344
v -0.368692 0.085691 0.003010
vn -3.534284 -2.178548 2.178416
v -1.101492 0.085934 0.003172
vn 3.534284 -2.178438 2.178526
v -0.368692 0.085934 0.003172
vn -3.534279 -2.846349 1.178930
v -1.101492 0.086097 0.003416
vn 3.534279 -2.846289 1.179074
v -0.368692 0.086097 0.003416
vn -3.337954 -3.111008 0.306387
v -1.101492 0.086154 0.003703
vn 3.337954 -3.111407 0.306465
v -0.368692 0.086154 0.003703
vn -3.403396 -3.088068 -0.406558
v -1.101492 0.086154 0.008353
vn 3.403396 -3.088045 -0.406554
v -0.368692 0.086154 0.008353
vn -3.665185 -2.627980 -1.517272
v -1.101492 0.086020 0.008853
vn 3.665185 -2.627984 -1.517264
v -0.368692 0.086020 0.008853
vn -3.665195 -1.517263 -2.627980
v -1.101492 0.085654 0.009219
vn 3.665195 -1.517270 -2.627976
v -0.368692 0.085654 0.009219
vn -3.403391 -0.406547 -3.088047
v -1.101492 0.085154 0.009353
vn 3.403391 -0.406551 -3.088069
v -0.368692 0.085154 0.009353
vn -3.337942 0.306447 -3.111410
v -1.101492 0.080504 0.009353
vn 3.337942 0.306369 -3.111012
v -0.368692 0.080504 0.009353
vn -3.534289 1.179053 -2.846294
v -1.101492 0.080217 0.009296
vn 3.534289 1.178909 -2.846354
v -0.368692 0.080217 0.009296
vn -3.534295 2.178533 -2.178426
v -1.101492 0.079973 0.009133
vn 3.534295 2.178422 -2.178536
v -0.368692 0.079973 0.009133
vn -3.534278 2.846348 -1.178931
v -1.101492 0.079811 0.008890
vn 3.534278 2.846289 -1.179075
v -0.368692 0.079811 0.008890
vn -3.337955 3.111406 0.306466
v -1.101492 0.079754 -0.026897
vn 3.337954 3.111041 0.306388
v -0.368692 0.079754 -0.026897
vn -3.534278 2.846289 1.179075
v -1.101492 0.079811 -0.027184
vn 3.534278 2.846348 1.178931
v -0.368692 0.079811 -0.027184
vn -3.534295 2.178422 2.178536
v -1.101492 0.079973 -0.027428
vn 3.534295 2.178533 2.178426
v -0.368692 0.079973 -0.027428
vn -3.534289 1.178909 2.846354
v -1.101492 0.080217 -0.027590
vn 3.534289 1.179053 2.846294
v -0.368692 0.080217 -0.027590
vn -3.337942 0.306369 3.111012
v -1.101492 0.080504 -0.027647
vn 3.337942 0.306447 3.111410
v -0.368692 0.080504 -0.027647
vn -3.403391 -0.406551 3.088069
v -1.101492 0.085154 -0.027647
vn 3.403391 -0.406547 3.088047
v -0.368692 0.085154 -0.027647
vn -3.665195 -1.517270 2.627976
v -1.101492 0.085654 -0.027513
vn 3.665195 -1.517263 2.627980
v -0.368692 0.085654 -0.027513
vn -3.665185 -2.627984 1.517264
v -1.101492 0.086020 -0.027147
vn 3.665185 -2.627980 1.517272
v -0.368692 0.086020 -0.027147
vn -3.403396 -3.088045 0.406554
v -1.101492 0.086154 -0.026647
vn 3.403396 -3.088068 0.406558
v -0.368692 0.086154 -0.026647
vn -3.337955 -3.111406 -0.306466
v -1.101492 0.086154 -0.021997
vn 3.337955 -3.111007 -0.306388
v -0.368692 0.086154 -0.021997
vn -3.534279 -2.846289 -1.179075
v -1.101492 0.086097 -0.021710
vn 3.534279 -2.846348 -1.178931
v -0.368692 0.086097 -0.021710
vn -3.534281 -2.178441 -2.178524
v -1.101492 0.085934 -0.021467
vn 3.534281 -2.178551 -2.178414
v -0.368692 0.085934 -0.021467
vn -3.534303 -1.178928 -2.846342
v -1.101492 0.085691 -0.021304
vn 3.534303 -1.179072 -2.846282
v -0.368692 0.085691 -0.021304
vn -3.337942 -0.306369 -3.111045
v -1.101492 0.085404 -0.021247
vn 3.337942 -0.306447 -3.111410
v -0.368692 0.085404 -0.021247
vn -3.926993 1.110734 -2.681529
v -1.101492 0.084754 -0.021247
vn 3.926991 1.110721 -2.681543
v -0.368692 0.084754 -0.021247
vn -2.356194 1.110721 -2.681512
v -1.101492 0.083104 -0.022897
vn 2.356194 1.110734 -2.681529
v -0.368692 0.083104 -0.022897
vn -3.337942 0.306447 -3.111410
v -1.101492 0.082154 -0.022897
vn 3.337942 0.306369 -3.111014
v -0.368692 0.082154 -0.022897
vn -3.534289 1.179053 -2.846294
v -1.101492 0.081867 -0.022954
vn 3.534289 1.178909 -2.846354
v -0.368692 0.081867 -0.022954
vn -3.534296 2.178533 -2.178426
v -1.101492 0.081623 -0.023117
vn 3.534295 2.178422 -2.178536
v -0.368692 0.081623 -0.023117
vn -3.534303 2.846356 -1.178892
v -1.101492 0.081461 -0.023360
vn 3.534303 2.846297 -1.179036
v -0.368692 0.081461 -0.023360
vn -3.337929 3.111018 -0.306350
v -1.101492 0.081404 -0.023647
vn 3.337929 3.111414 -0.306428
v -0.368692 0.081404 -0.023647
vn -2.356193 2.681528 -1.110735
v -1.101492 0.081404 -0.024597
vn 2.356193 2.681511 -1.110723
v -0.368692 0.081404 -0.024597
vn -3.926992 2.681542 -1.110723
v -1.101492 0.079754 -0.026247
vn 3.926992 2.681528 -1.110735
v -0.368692 0.079754 -0.026247
vn -3.337940 -0.306443 3.111411
v -1.101492 0.054804 -0.027647
vn -3.403393 0.406550 3.088046
v -1.101492 0.050154 -0.027647
vn 3.337940 -0.306365 3.111012
v -0.368692 0.054804 -0.027647
vn 3.403393 0.406554 3.088069
v -0.368692 0.050154 -0.027647
vn -3.534299 -1.179059 2.846289
v -1.101492 0.055091 -0.027590
vn 3.534299 -1.178915 2.846348
v -0.368692 0.055091 -0.027590
vn -3.534288 -2.178542 2.178420
v -1.101492 0.055334 -0.027428
vn 3.534288 -2.178432 2.178530
v -0.368692 0.055334 -0.027428
vn -3.534291 -2.846352 1.178912
v -1.101492 0.055497 -0.027184
vn 3.534291 -2.846292 1.179056
v -0.368692 0.055497 -0.027184
vn -3.337942 -3.111045 0.306369
v -1.101492 0.055554 -0.026897
vn 3.337942 -3.111410 0.306447
v -0.368692 0.055554 -0.026897
vn -3.926991 -2.681529 -1.110734
v -1.101492 0.055554 -0.026247
vn 3.926991 -2.681543 -1.110721
v -0.368692 0.055554 -0.026247
vn -2.356194 -2.681512 -1.110721
v -1.101492 0.053904 -0.024597
vn 2.356194 -2.681529 -1.110734
v -0.368692 0.053904 -0.024597
vn -3.337942 -3.111410 -0.306447
v -1.101492 0.053904 -0.023647
vn 3.337942 -3.111014 -0.306369
v -0.368692 0.053904 -0.023647
vn -3.534291 -2.846292 -1.179056
v -1.101492 0.053847 -0.023360
vn 3.534291 -2.846352 -1.178912
v -0.368692 0.053847 -0.023360
vn -3.534288 -2.178432 -2.178530
v -1.101492 0.053684 -0.023117
vn 3.534288 -2.178542 -2.178420
v -0.368692 0.053684 -0.023117
vn -3.534296 -1.178919 -2.846348
v -1.101492 0.053441 -0.022954
vn 3.534296 -1.179063 -2.846288
v -0.368692 0.053441 -0.022954
vn -3.337942 -0.306369 -3.111014
v -1.101492 0.053154 -0.022897
vn 3.337942 -0.306447 -3.111410
v -0.368692 0.053154 -0.022897
vn -2.356195 -1.110733 -2.681530
v -1.101492 0.052204 -0.022897
vn 2.356195 -1.110720 -2.681513
v -0.368692 0.052204 -0.022897
vn -3.926990 -1.110720 -2.681544
v -1.101492 0.050554 -0.021247
vn 3.926987 -1.110733 -2.681530
v -0.368692 0.050554 -0.021247
vn -3.337942 0.306447 -3.111410
v -1.101492 0.049904 -0.021247
vn 3.337942 0.306369 -3.111045
v -0.368692 0.049904 -0.021247
vn -3.534296 1.179063 -2.846288
v -1.101492 0.049617 -0.021304
vn 3.534296 1.178919 -2.846348
v -0.368692 0.049617 -0.021304
vn -3.534288 2.178542 -2.178420
v -1.101492 0.049373 -0.021467
vn 3.534288 2.178432 -2.178530
v -0.368692 0.049373 -0.021467
vn -3.534291 2.846352 -1.178912
v -1.101492 0.049211 -0.021710
vn 3.534291 2.846292 -1.179056
v -0.368692 0.049211 -0.021710
vn -3.337942 3.111012 -0.306369
v -1.101492 0.049154 -0.021997
vn 3.337942 3.111410 -0.306447
v -0.368692 0.049154 -0.021997
vn -3.403389 3.088070 0.406547
v -1.101492 0.049154 -0.026647
vn 3.403389 3.088048 0.406543
v -0.368692 0.049154 -0.026647
vn -3.665197 2.627977 1.517267
v -1.101492 0.049288 -0.027147
vn 3.665197 2.627981 1.517259
v -0.368692 0.049288 -0.027147
vn -3.665188 1.517260 2.627985
v -1.101492 0.049654 -0.027513
vn 3.665188 1.517267 2.627981
v -0.368692 0.049654 -0.027513
vn -3.337942 3.111411 0.306446
v -1.101492 0.049154 0.003703
vn -3.403389 3.088048 -0.406543
v -1.101492 0.049154 0.008353
vn 3.337942 3.111012 0.306368
v -0.368692 0.049154 0.003703
vn 3.403389 3.088070 -0.406547
v -0.368692 0.049154 0.008353
vn -3.534291 2.846293 1.179055
v -1.101492 0.049211 0.003416
vn 3.534291 2.846353 1.178911
v -0.368692 0.049211 0.003416
vn -3.534291 2.178428 2.178533
v -1.101492 0.049373 0.003172
vn 3.534291 2.178538 2.178422
v -0.368692 0.049373 0.003172
vn -3.534294 1.178915 2.846350
v -1.101492 0.049617 0.003010
vn 3.534294 1.179059 2.846290
v -0.368692 0.049617 0.003010
vn -3.337942 0.306369 3.111045
v -1.101492 0.049904 0.002953
vn 3.337942 0.306447 3.111410
v -0.368692 0.049904 0.002953
vn -3.926991 -1.110732 2.681530
v -1.101492 0.050554 0.002953
vn 3.926990 -1.110720 2.681544
v -0.368692 0.050554 0.002953
vn -2.356195 -1.110720 2.681513
v -1.101492 0.052204 0.004603
vn 2.356195 -1.110732 2.681530
v -0.368692 0.052204 0.004603
vn -3.337942 -0.306447 3.111410
v -1.101492 0.053154 0.004603
vn 3.337942 -0.306369 3.111014
v -0.368692 0.053154 0.004603
vn -3.534293 -1.179059 2.846290
v -1.101492 0.053441 0.004660
vn 3.534293 -1.178915 2.846350
v -0.368692 0.053441 0.004660
vn -3.534291 -2.178538 2.178422
v -1.101492 0.053684 0.004822
vn 3.534291 -2.178428 2.178533
v -0.368692 0.053684 0.004822
vn -3.534292 -2.846353 1.178911
v -1.101492 0.053847 0.005066
vn 3.534292 -2.846293 1.179055
v -0.368692 0.053847 0.005066
vn -3.337941 -3.111014 0.306368
v -1.101492 0.053904 0.005353
vn 3.337941 -3.111411 0.306446
v -0.368692 0.053904 0.005353
vn -2.356194 -2.681529 1.110733
v -1.101492 0.053904 0.006303
vn 2.356194 -2.681512 1.110721
v -0.368692 0.053904 0.006303
vn -3.926991 -2.681543 1.110721
v -1.101492 0.055554 0.007953
vn 3.926992 -2.681529 1.110733
v -0.368692 0.055554 0.007953
vn -3.337942 -3.111410 -0.306447
v -1.101492 0.055554 0.008603
vn 3.337942 -3.111045 -0.306369
v -0.368692 0.055554 0.008603
vn -3.534291 -2.846292 -1.179056
v -1.101492 0.055497 0.008890
vn 3.534291 -2.846352 -1.178912
v -0.368692 0.055497 0.008890
vn -3.534288 -2.178432 -2.178530
v -1.101492 0.055334 0.009133
vn 3.534288 -2.178542 -2.178420
v -0.368692 0.055334 0.009133
vn -3.534299 -1.178915 -2.846348
v -1.101492 0.055091 0.009296
vn 3.534299 -1.179059 -2.846289
v -0.368692 0.055091 0.009296
vn -3.337940 -0.306365 -3.111012
v -1.101492 0.054804 0.009353
vn 3.337940 -0.306443 -3.111411
v -0.368692 0.054804 0.009353
vn -3.403393 0.406554 -3.088069
v -1.101492 0.050154 0.009353
vn 3.403393 0.406550 -3.088046
v -0.368692 0.050154 0.009353
vn -3.665188 1.517267 -2.627981
v -1.101492 0.049654 0.009219
vn 3.665188 1.517260 -2.627985
v -0.368692 0.049654 0.009219
vn -3.665197 2.627981 -1.517259
v -1.101492 0.049288 0.008853
vn 3.665197 2.627977 -1.517267
v -0.368692 0.049288 0.008853
vn 3.141593 0.000000 3.141603
v -0.368692 0.075704 -0.024647
vn 1.570796 -1.570803 1.570745
v -0.368692 0.074654 -0.024647
vn 1.570796 -1.570796 -1.570796
v -0.368692 0.074654 -0.029147
vn 1.570797 -1.570795 1.570796
v -0.368692 0.047654 0.010853
vn 1.570800 1.570796 1.570795
v -0.368692 0.060654 0.010853
vn 1.570802 -1.570796 -1.570803
v -0.368692 0.047654 -0.002147
vn 3.403392 1.896121 2.471071
v -0.368692 0.061206 -0.000579
vn 3.926991 2.681515 1.110721
v -0.368692 0.055954 0.004673
vn 3.926990 -1.110722 -2.681519
v -0.368692 0.053834 0.002553
vn 4.712389 1.570796 -1.570796
v -0.368692 0.055954 0.006353
vn 1.570796 1.570803 -1.570796
v -0.368692 0.060654 0.006353
vn 1.570796 1.570796 -1.570796
v -0.368692 0.052154 -0.002147
vn 4.712389 1.570796 -1.570794
v -0.368692 0.052154 0.002553
vn 3.665192 -0.785400 -2.931150
v -0.368692 0.069654 -0.015147
vn 3.665193 -2.627992 1.517274
v -0.368692 0.071118 -0.011147
vn 3.665189 -1.517272 2.627995
v -0.368692 0.069654 -0.012611
vn 3.665192 0.785398 2.931145
v -0.368692 0.065654 -0.003147
vn 3.665191 -0.785398 2.931147
v -0.368692 0.069654 -0.003147
vn 3.665191 -2.931147 -0.785398
v -0.368692 0.061654 -0.007147
vn 3.665192 0.785401 -2.931150
v -0.368692 0.065654 -0.015147
vn 3.665192 -0.000001 3.034545
v -0.368692 0.067654 -0.013147
vn 3.665193 1.517273 2.627993
v -0.368692 0.065654 -0.012611
vn 3.665193 2.931145 -0.785400
v -0.368692 0.073654 -0.007147
vn 3.665193 2.931146 0.785400
v -0.368692 0.073654 -0.011147
vn 3.141592 2.720712 1.570806
v -0.368692 0.075704 -0.014698
vn 6.283185 0.000000 0.000000
v -0.368692 0.075704 -0.017197
vn 3.403393 -2.471070 -1.896118
v -0.368692 0.059086 -0.002699
vn 3.665191 2.627995 1.517271
v -0.368692 0.064190 -0.011147
vn 3.665191 -2.931146 0.785397
v -0.368692 0.061654 -0.011147
vn 3.141593 1.570824 -2.720742
v -0.368692 0.062103 -0.017197
vn 1.570798 1.570796 1.570796
v -0.368692 0.087654 0.010853
vn 1.570800 1.570795 -1.570796
v -0.368692 0.087654 -0.002147
vn 3.141589 0.000000 3.141595
v -0.368692 0.075704 0.010853
vn 4.712389 -1.570794 -1.570807
v -0.368692 0.079354 0.006353
vn 3.926990 -2.681518 1.110720
v -0.368692 0.079354 0.004673
vn 3.403391 -1.896101 2.471055
v -0.368692 0.074102 -0.000579
vn 3.141592 2.720702 -1.570800
v -0.368692 0.075704 -0.003597
vn 3.141594 -2.221440 2.221440
v -0.368692 0.075704 0.001023
vn 3.403392 2.471116 -1.896146
v -0.368692 0.076222 -0.002699
vn 3.926991 1.110721 -2.681515
v -0.368692 0.081474 0.002553
vn 4.712389 -1.570796 -1.570796
v -0.368692 0.083154 0.002553
vn 1.570796 -1.570796 -1.570803
v -0.368692 0.083154 -0.002147
vn 1.570796 -1.570803 1.570745
v -0.368692 0.074654 0.010853
vn 1.570796 -1.570796 -1.570796
v -0.368692 0.074654 0.006353
vn 3.141593 0.000000 -3.141541
v -0.368692 0.075704 0.006353
vn 1.570798 1.570796 -1.570799
v -0.368692 0.087654 -0.029147
vn 3.141589 3.141595 0.000000
v -0.368692 0.087654 -0.017197
vn 3.403391 -1.896143 -2.471116
v -0.368692 0.074102 -0.017715
vn 3.141595 -2.221438 -2.221439
v -0.368692 0.075704 -0.019317
vn 3.926990 -2.681516 -1.110720
v -0.368692 0.079354 -0.022967
vn 3.141590 0.000000 -3.141541
v -0.368692 0.075704 -0.029147
vn 3.926991 1.110720 2.681516
v -0.368692 0.081474 -0.020847
vn 4.712389 -1.570807 1.570794
v -0.368692 0.083154 -0.020847
vn 3.141593 -3.141541 0.000000
v -0.368692 0.083154 -0.017197
vn 1.570797 1.570745 1.570803
v -0.368692 0.087654 -0.016147
vn 1.570796 -1.570796 1.570796
v -0.368692 0.083154 -0.016147
vn 4.712388 -1.570796 1.570796
v -0.368692 0.079354 -0.024647
vn 3.403392 2.471055 1.896103
v -0.368692 0.076222 -0.015595
vn 1.570796 1.570796 1.570796
v -0.368692 0.060654 -0.024647
vn 4.712389 1.570794 1.570796
v -0.368692 0.055954 -0.024647
vn 1.570797 -1.570799 -1.570795
v -0.368692 0.047654 -0.029147
vn 1.570800 1.570803 -1.570796
v -0.368692 0.060654 -0.029147
vn 3.403393 -2.471070 1.896119
v -0.368692 0.059086 -0.015595
vn 3.141591 -2.221425 2.221426
v -0.368692 0.057484 -0.017197
vn 3.403391 1.896120 -2.471070
v -0.368692 0.061206 -0.017715
vn 3.926991 2.681518 -1.110722
v -0.368692 0.055954 -0.022967
vn 3.141591 -3.141541 0.000000
v -0.368692 0.047654 -0.017197
vn 3.926991 -1.110720 2.681513
v -0.368692 0.053834 -0.020847
vn 4.712388 1.570796 1.570796
v -0.368692 0.052154 -0.020847
vn 3.141593 3.141603 0.000000
v -0.368692 0.052154 -0.017197
vn 1.570796 1.570745 1.570803
v -0.368692 0.052154 -0.016147
vn 1.570796 -1.570796 1.570796
v -0.368692 0.047654 -0.016147
vn -1.570796 1.570796 -1.570796
v -1.101492 0.060654 0.006353
vn -4.712389 1.570794 -1.570796
v -1.101492 0.055954 0.006353
vn -1.570797 -1.570796 1.570795
v -1.101492 0.047654 0.010853
vn -3.665191 -2.931146 -0.785397
v -1.101492 0.061654 -0.007147
vn -3.403394 -2.471072 -1.896120
v -1.101492 0.059086 -0.002699
vn -1.570800 1.570803 1.570796
v -1.101492 0.060654 0.010853
vn -1.570802 -1.570795 -1.570796
v -1.101492 0.047654 -0.002147
vn -3.403391 -1.896117 2.471071
v -1.101492 0.074102 -0.000579
vn -3.141594 -2.221425 2.221426
v -1.101492 0.075704 0.001023
vn -3.141592 2.720742 -1.570824
v -1.101492 0.075704 -0.003597
vn -4.712389 1.570796 -1.570796
v -1.101492 0.052154 0.002553
vn -1.570796 1.570796 -1.570803
v -1.101492 0.052154 -0.002147
vn -3.926991 -1.110721 -2.681515
v -1.101492 0.053834 0.002553
vn -3.926991 2.681518 1.110722
v -1.101492 0.055954 0.004673
vn -3.403392 1.896119 2.471069
v -1.101492 0.061206 -0.000579
vn -3.665192 0.785399 2.931146
v -1.101492 0.065654 -0.003147
vn -3.665192 2.931149 0.785402
v -1.101492 0.073654 -0.011147
vn -3.665194 -2.627992 1.517274
v -1.101492 0.071118 -0.011147
vn -3.665193 2.931149 -0.785402
v -1.101492 0.073654 -0.007147
vn -3.665191 -0.785397 2.931146
v -1.101492 0.069654 -0.003147
vn -3.665191 -2.931147 0.785398
v -1.101492 0.061654 -0.011147
vn -3.665191 2.627995 1.517272
v -1.101492 0.064190 -0.011147
vn -3.403393 -2.471053 1.896103
v -1.101492 0.059086 -0.015595
vn -3.403390 2.471115 1.896144
v -1.101492 0.076222 -0.015595
vn -6.283185 0.000000 0.000000
v -1.101492 0.075704 -0.017197
vn -3.141593 1.570801 -2.720702
v -1.101492 0.062103 -0.017197
vn -3.665193 1.517273 2.627992
v -1.101492 0.065654 -0.012611
vn -3.665192 0.785399 -2.931146
v -1.101492 0.065654 -0.015147
vn -3.665192 -0.000001 3.034546
v -1.101492 0.067654 -0.013147
vn -3.665191 -0.785398 -2.931147
v -1.101492 0.069654 -0.015147
vn -3.665189 -1.517272 2.627995
v -1.101492 0.069654 -0.012611
vn -3.141594 -1.570805 -2.720712
v -1.101492 0.073204 -0.017197
vn -1.570797 -1.570796 -1.570796
v -1.101492 0.047654 -0.029147
vn -3.141590 -3.141595 0.000000
v -1.101492 0.047654 -0.017197
vn -1.570799 1.570796 -1.570795
v -1.101492 0.060654 -0.029147
vn -4.712389 1.570807 1.570794
v -1.101492 0.052154 -0.020847
vn -3.926989 -1.110721 2.681517
v -1.101492 0.053834 -0.020847
vn -3.141591 -2.221439 2.221441
v -1.101492 0.057484 -0.017197
vn -3.403391 1.896147 -2.471115
v -1.101492 0.061206 -0.017715
vn -3.926991 2.681515 -1.110721
v -1.101492 0.055954 -0.022967
vn -4.712388 1.570796 1.570796
v -1.101492 0.055954 -0.024647
vn -1.570796 1.570803 1.570796
v -1.101492 0.060654 -0.024647
vn -1.570796 -1.570745 1.570803
v -1.101492 0.047654 -0.016147
vn -1.570796 1.570796 1.570796
v -1.101492 0.052154 -0.016147
vn -3.141593 3.141541 0.000000
v -1.101492 0.052154 -0.017197
vn -3.141593 0.000000 3.141541
v -1.101492 0.075704 -0.024647
vn -4.712389 -1.570794 1.570807
v -1.101492 0.079354 -0.024647
vn -1.570798 1.570799 -1.570796
v -1.101492 0.087654 -0.029147
vn -3.141593 -3.141603 0.000000
v -1.101492 0.083154 -0.017197
vn -4.712388 -1.570796 1.570796
v -1.101492 0.083154 -0.020847
vn -3.926991 1.110721 2.681515
v -1.101492 0.081474 -0.020847
vn -3.141589 0.000000 -3.141595
v -1.101492 0.075704 -0.029147
vn -3.141590 3.141541 0.000000
v -1.101492 0.087654 -0.017197
vn -3.926991 -2.681516 -1.110719
v -1.101492 0.079354 -0.022967
vn -3.403391 -1.896104 -2.471053
v -1.101492 0.074102 -0.017715
vn -3.141594 2.221440 2.221437
v -1.101492 0.077824 -0.017197
vn -1.570796 -1.570803 -1.570745
v -1.101492 0.074654 -0.029147
vn -1.570796 -1.570796 1.570796
v -1.101492 0.074654 -0.024647
vn -1.570797 1.570796 1.570796
v -1.101492 0.087654 -0.016147
vn -1.570796 -1.570745 1.570803
v -1.101492 0.083154 -0.016147
vn -3.926990 -2.681514 1.110719
v -1.101492 0.079354 0.004673
vn -4.712389 -1.570796 -1.570796
v -1.101492 0.079354 0.006353
vn -3.926993 1.110722 -2.681518
v -1.101492 0.081474 0.002553
vn -3.141590 0.000000 3.141541
v -1.101492 0.075704 0.010853
vn -3.141592 0.000000 -3.141603
v -1.101492 0.075704 0.006353
vn -1.570799 1.570796 -1.570803
v -1.101492 0.087654 -0.002147
vn -1.570798 1.570795 1.570799
v -1.101492 0.087654 0.010853
vn -3.403392 2.471070 -1.896119
v -1.101492 0.076222 -0.002699
vn -1.570796 -1.570796 -1.570796
v -1.101492 0.083154 -0.002147
vn -4.712389 -1.570796 -1.570794
v -1.101492 0.083154 0.002553
vn -1.570796 -1.570803 -1.570745
v -1.101492 0.074654 0.006353
vn -1.570796 -1.570796 1.570796
v -1.101492 0.074654 0.010853
vn 1.570797 1.570796 1.570796
v -0.182642 0.099973 0.590603
vn 1.570796 1.570796 -1.570796
v -0.182642 0.099973 0.522404
vn -1.570796 1.570796 1.570796
v -0.282667 0.099973 0.590603
vn -1.570797 1.570796 -1.570796
v -0.282667 0.099973 0.522404
vn 1.570797 -1.570796 -1.570796
v -0.182642 0.087654 0.522404
vn 3.141592 -0.000000 3.141593
v -0.182642 0.087654 0.590603
vn -1.570796 -1.570796 -1.570796
v -0.282667 0.087654 0.522404
vn -1.570797 -1.570796 1.570796
v -0.282667 0.087654 0.590603
vn 1.570796 1.570796 -1.570796
v -0.182642 -0.258421 0.522404
vn -1.570796 1.570796 1.570796
v -0.282667 -0.258421 0.590603
vn -1.570796 1.570796 -1.570796
v -0.282667 -0.258421 0.522404
vn 1.570796 -1.570796 -1.570796
v -0.182642 -0.270740 0.522404
vn 1.570796 -1.570796 1.570796
v -0.182642 -0.270740 0.590603
vn -1.570796 -1.570796 -1.570796
v -0.282667 -0.270740 0.522404
vn -1.570796 -1.570796 1.570796
v -0.282667 -0.270740 0.590603
vn 3.034542 2.617985 -0.000006
v -0.352692 0.031654 0.469003
vn 3.034542 3.665201 -0.000006
v -0.352692 0.047654 0.469003
vn 2.627991 2.618000 -1.517283
v -0.352156 0.031654 0.471003
vn 2.627991 3.665185 -1.517282
v -0.352156 0.047654 0.471003
vn 1.517277 2.617997 -2.627992
v -0.350692 0.031654 0.472467
vn 1.517277 3.665189 -2.627992
v -0.350692 0.047654 0.472467
vn -0.000006 2.617985 -3.034542
v -0.348692 0.031654 0.473003
vn -0.000006 3.665200 -3.034542
v -0.348692 0.047654 0.473003
vn -1.517271 2.618011 -2.628003
v -0.346692 0.031654 0.472467
vn -1.517271 3.665175 -2.628002
v -0.346692 0.047654 0.472467
vn -2.627985 2.617976 -1.517273
v -0.345228 0.031654 0.471003
vn -2.627985 3.665209 -1.517273
v -0.345228 0.047654 0.471003
vn -3.034553 2.618012 -0.000006
v -0.344692 0.031654 0.469003
vn -3.034553 3.665173 -0.000006
v -0.344692 0.047654 0.469003
vn 1.517266 3.665195 -2.627991
v -0.350442 0.031654 0.472034
vn -0.000005 3.665188 -3.034544
v -0.348692 0.031654 0.472503
vn -1.517276 3.665191 -2.627996
v -0.346942 0.031654 0.472034
vn -2.627990 3.665191 -1.517272
v -0.345661 0.031654 0.470753
vn -3.034543 3.665188 -0.000008
v -0.345192 0.031654 0.469003
vn -2.627998 3.665195 1.517270
v -0.345661 0.031654 0.467253
vn -2.627987 2.617972 1.517267
v -0.345228 0.031654 0.467003
vn -1.517272 3.665191 2.627990
v -0.346942 0.031654 0.465972
vn -1.517271 2.618011 2.628002
v -0.346692 0.031654 0.465539
vn -0.000008 3.665188 3.034543
v -0.348692 0.031654 0.465503
vn -0.000006 2.617984 3.034542
v -0.348692 0.031654 0.465003
vn 1.517270 3.665195 2.627998
v -0.350442 0.031654 0.465972
vn 1.517277 2.617996 2.627992
v -0.350692 0.031654 0.465539
vn 2.627991 3.665195 1.517266
v -0.351723 0.031654 0.467253
vn 2.627992 2.617997 1.517277
v -0.352156 0.031654 0.467003
vn 3.034544 3.665188 -0.000005
v -0.352192 0.031654 0.469003
vn 2.627996 3.665191 -1.517276
v -0.351723 0.031654 0.470753
vn -3.034554 -2.618012 -0.000006
v -0.344692 -0.202421 0.469003
vn -3.034553 -3.665173 -0.000006
v -0.344692 -0.218421 0.469003
vn -2.627985 -2.617976 -1.517273
v -0.345228 -0.202421 0.471003
vn -2.627985 -3.665209 -1.517273
v -0.345228 -0.218421 0.471003
vn -1.517271 -2.618011 -2.628002
v -0.346692 -0.202421 0.472467
vn -1.517271 -3.665175 -2.628003
v -0.346692 -0.218421 0.472467
vn -0.000006 -2.617984 -3.034542
v -0.348692 -0.202421 0.473003
vn -0.000006 -3.665201 -3.034542
v -0.348692 -0.218421 0.473003
vn 1.517277 -2.617996 -2.627992
v -0.350692 -0.202421 0.472467
vn 1.517277 -3.665189 -2.627993
v -0.350692 -0.218421 0.472467
vn 2.627991 -2.618001 -1.517283
v -0.352156 -0.202421 0.471003
vn 2.627991 -3.665185 -1.517283
v -0.352156 -0.218421 0.471003
vn 3.034542 -2.617984 -0.000006
v -0.352692 -0.202421 0.469003
vn 3.034542 -3.665201 -0.000006
v -0.352692 -0.218421 0.469003
vn 3.034543 -3.665188 -0.000008
v -0.352192 -0.202421 0.469003
vn 2.627998 -3.665195 1.517270
v -0.351723 -0.202421 0.467253
vn 2.627992 -2.617996 1.517277
v -0.352156 -0.202421 0.467003
vn 1.517266 -3.665195 2.627991
v -0.350442 -0.202421 0.465972
vn 1.517277 -2.617997 2.627993
v -0.350692 -0.202421 0.465539
vn -0.000005 -3.665188 3.034544
v -0.348692 -0.202421 0.465503
vn -0.000006 -2.617985 3.034542
v -0.348692 -0.202421 0.465003
vn -1.517276 -3.665191 2.627996
v -0.346942 -0.202421 0.465972
vn -1.517271 -2.618011 2.628003
v -0.346692 -0.202421 0.465539
vn -2.627991 -3.665195 1.517266
v -0.345661 -0.202421 0.467253
vn -2.627987 -2.617972 1.517267
v -0.345228 -0.202421 0.467003
vn -3.034544 -3.665188 -0.000005
v -0.345192 -0.202421 0.469003
vn -2.627996 -3.665191 -1.517276
v -0.345661 -0.202421 0.470753
vn -1.517272 -3.665191 -2.627990
v -0.346942 -0.202421 0.472034
vn -0.000008 -3.665188 -3.034543
v -0.348692 -0.202421 0.472503
vn 1.517270 -3.665195 -2.627998
v -0.350442 -0.202421 0.472034
vn 2.627990 -3.665191 -1.517272
v -0.351723 -0.202421 0.470753
vn 2.681516 3.926991 1.110720
v -0.336592 0.047654 0.486103
vn 3.111356 3.337989 -0.306508
v -0.336592 0.047654 0.486753
vn 2.681540 -3.926990 1.110721
v -0.336592 -0.218421 0.486103
vn 3.111396 -3.337990 -0.306520
v -0.336592 -0.218421 0.486753
vn 2.681518 2.356194 1.110721
v -0.334942 0.047654 0.484453
vn 2.681516 -2.356194 1.110720
v -0.334942 -0.218421 0.484453
vn 3.111402 3.337970 0.306489
v -0.334942 0.047654 0.483503
vn 3.111340 -3.337970 0.306477
v -0.334942 -0.218421 0.483503
vn 2.846613 3.534264 1.179164
v -0.334885 0.047654 0.483216
vn 2.846622 -3.534264 1.179141
v -0.334885 -0.218421 0.483216
vn 2.178704 3.534293 2.178721
v -0.334722 0.047654 0.482972
vn 2.178721 -3.534293 2.178704
v -0.334722 -0.218421 0.482972
vn 1.179141 3.534263 2.846622
v -0.334479 0.047654 0.482810
vn 1.179164 -3.534263 2.846613
v -0.334479 -0.218421 0.482810
vn 0.306477 3.337970 3.111340
v -0.334192 0.047654 0.482753
vn 0.306489 -3.337970 3.111402
v -0.334192 -0.218421 0.482753
vn 1.110730 2.356185 2.681506
v -0.333242 0.047654 0.482753
vn 1.110731 -2.356185 2.681508
v -0.333242 -0.218421 0.482753
vn 1.110731 3.927000 2.681530
v -0.331592 0.047654 0.481103
vn 1.110730 -3.927000 2.681506
v -0.331592 -0.218421 0.481103
vn -0.306520 3.337989 3.111396
v -0.330942 0.047654 0.481103
vn -0.306508 -3.337989 3.111356
v -0.330942 -0.218421 0.481103
vn -1.179120 3.534187 2.846656
v -0.330655 0.047654 0.481160
vn -1.179097 -3.534187 2.846666
v -0.330655 -0.218421 0.481160
vn -2.178647 3.534350 2.178753
v -0.330412 0.047654 0.481322
vn -2.178630 -3.534350 2.178771
v -0.330412 -0.218421 0.481322
vn -2.846622 3.534263 1.179141
v -0.330249 0.047654 0.481566
vn -2.846613 -3.534263 1.179164
v -0.330249 -0.218421 0.481566
vn -3.111337 3.337970 0.306477
v -0.330192 0.047654 0.481853
vn -3.111402 -3.337970 0.306489
v -0.330192 -0.218421 0.481853
vn -3.088055 3.403426 -0.406604
v -0.330192 0.047654 0.486503
vn -3.088061 -3.403426 -0.406606
v -0.330192 -0.218421 0.486503
vn -2.627987 3.665157 -1.517327
v -0.330326 0.047654 0.487003
vn -2.627985 -3.665157 -1.517330
v -0.330326 -0.218421 0.487003
vn -1.517330 3.665157 -2.627985
v -0.330692 0.047654 0.487369
vn -1.517327 -3.665157 -2.627987
v -0.330692 -0.218421 0.487369
vn -0.406606 3.403426 -3.088061
v -0.331192 0.047654 0.487503
vn -0.406604 -3.403426 -3.088055
v -0.331192 -0.218421 0.487503
vn 0.306520 3.337989 -3.111396
v -0.335842 0.047654 0.487503
vn 0.306508 -3.337989 -3.111331
v -0.335842 -0.218421 0.487503
vn 1.179120 3.534187 -2.846656
v -0.336129 0.047654 0.487446
vn 1.179097 -3.534187 -2.846666
v -0.336129 -0.218421 0.487446
vn 2.178697 3.534407 -2.178679
v -0.336372 0.047654 0.487283
vn 2.178679 -3.534407 -2.178697
v -0.336372 -0.218421 0.487283
vn 2.846666 3.534187 -1.179097
v -0.336535 0.047654 0.487040
vn 2.846656 -3.534187 -1.179120
v -0.336535 -0.218421 0.487040
vn 3.111396 3.337990 0.306520
v -0.336592 0.047654 0.451253
vn 3.111356 -3.337989 0.306508
v -0.336592 -0.218421 0.451253
vn 2.846656 3.534187 1.179120
v -0.336535 0.047654 0.450966
vn 2.846666 -3.534187 1.179097
v -0.336535 -0.218421 0.450966
vn 2.178679 3.534407 2.178697
v -0.336372 0.047654 0.450722
vn 2.178697 -3.534407 2.178679
v -0.336372 -0.218421 0.450722
vn 1.178943 3.534287 2.846696
v -0.336129 0.047654 0.450560
vn 1.178966 -3.534287 2.846687
v -0.336129 -0.218421 0.450560
vn 0.306354 3.337889 3.111362
v -0.335842 0.047654 0.450503
vn 0.306366 -3.337889 3.111426
v -0.335842 -0.218421 0.450503
vn -0.406520 3.403371 3.088078
v -0.331192 0.047654 0.450503
vn -0.406522 -3.403371 3.088084
v -0.331192 -0.218421 0.450503
vn -1.517242 3.665213 2.628010
v -0.330692 0.047654 0.450637
vn -1.517246 -3.665213 2.628007
v -0.330692 -0.218421 0.450637
vn -2.627985 3.665157 1.517330
v -0.330326 0.047654 0.451003
vn -2.627987 -3.665157 1.517327
v -0.330326 -0.218421 0.451003
vn -3.088061 3.403426 0.406606
v -0.330192 0.047654 0.451503
vn -3.088055 -3.403426 0.406604
v -0.330192 -0.218421 0.451503
vn -3.111402 3.337970 -0.306489
v -0.330192 0.047654 0.456153
vn -3.111337 -3.337970 -0.306477
v -0.330192 -0.218421 0.456153
vn -2.846613 3.534263 -1.179164
v -0.330249 0.047654 0.456440
vn -2.846622 -3.534263 -1.179141
v -0.330249 -0.218421 0.456440
vn -2.178630 3.534350 -2.178771
v -0.330412 0.047654 0.456683
vn -2.178647 -3.534350 -2.178753
v -0.330412 -0.218421 0.456683
vn -1.179097 3.534187 -2.846666
v -0.330655 0.047654 0.456846
vn -1.179120 -3.534187 -2.846656
v -0.330655 -0.218421 0.456846
vn -0.306508 3.337989 -3.111356
v -0.330942 0.047654 0.456903
vn -0.306520 -3.337990 -3.111396
v -0.330942 -0.218421 0.456903
vn 1.110730 3.926999 -2.681506
v -0.331592 0.047654 0.456903
vn 1.110731 -3.927000 -2.681530
v -0.331592 -0.218421 0.456903
vn 1.110731 2.356185 -2.681508
v -0.333242 0.047654 0.455253
vn 1.110730 -2.356185 -2.681506
v -0.333242 -0.218421 0.455253
vn 0.306489 3.337970 -3.111402
v -0.334192 0.047654 0.455253
vn 0.306477 -3.337970 -3.111340
v -0.334192 -0.218421 0.455253
vn 1.179164 3.534264 -2.846613
v -0.334479 0.047654 0.455196
vn 1.179141 -3.534263 -2.846622
v -0.334479 -0.218421 0.455196
vn 2.178721 3.534293 -2.178704
v -0.334722 0.047654 0.455033
vn 2.178704 -3.534293 -2.178721
v -0.334722 -0.218421 0.455033
vn 2.846622 3.534263 -1.179141
v -0.334885 0.047654 0.454790
vn 2.846613 -3.534264 -1.179164
v -0.334885 -0.218421 0.454790
vn 3.111340 3.337970 -0.306477
v -0.334942 0.047654 0.454503
vn 3.111402 -3.337970 -0.306489
v -0.334942 -0.218421 0.454503
vn 2.681516 2.356194 -1.110720
v -0.334942 0.047654 0.453553
vn 2.681518 -2.356194 -1.110721
v -0.334942 -0.218421 0.453553
vn 2.681540 3.926991 -1.110721
v -0.336592 0.047654 0.451903
vn 2.681516 -3.926990 -1.110720
v -0.336592 -0.218421 0.451903
vn -0.306336 3.337870 3.111433
v -0.361542 0.047654 0.450503
vn 0.406522 3.403371 3.088084
v -0.366192 0.047654 0.450503
vn -0.306323 -3.337870 3.111368
v -0.361542 -0.218421 0.450503
vn 0.406520 -3.403371 3.088078
v -0.366192 -0.218421 0.450503
vn -1.179010 3.534363 2.846643
v -0.361255 0.047654 0.450560
vn -1.178987 -3.534363 2.846653
v -0.361255 -0.218421 0.450560
vn -2.178771 3.534350 2.178630
v -0.361012 0.047654 0.450722
vn -2.178753 -3.534350 2.178647
v -0.361012 -0.218421 0.450722
vn -2.846666 3.534187 1.179097
v -0.360849 0.047654 0.450966
vn -2.846656 -3.534187 1.179120
v -0.360849 -0.218421 0.450966
vn -3.111356 3.337989 0.306508
v -0.360792 0.047654 0.451253
vn -3.111396 -3.337989 0.306520
v -0.360792 -0.218421 0.451253
vn -2.681516 3.926991 -1.110720
v -0.360792 0.047654 0.451903
vn -2.681540 -3.926991 -1.110721
v -0.360792 -0.218421 0.451903
vn -2.681518 2.356194 -1.110721
v -0.362442 0.047654 0.453553
vn -2.681516 -2.356194 -1.110720
v -0.362442 -0.218421 0.453553
vn -3.111433 3.337870 -0.306336
v -0.362442 0.047654 0.454503
vn -3.111371 -3.337870 -0.306323
v -0.362442 -0.218421 0.454503
vn -2.846570 3.534448 -1.179120
v -0.362499 0.047654 0.454790
vn -2.846579 -3.534448 -1.179097
v -0.362499 -0.218421 0.454790
vn -2.178630 3.534209 -2.178832
v -0.362662 0.047654 0.455033
vn -2.178647 -3.534209 -2.178814
v -0.362662 -0.218421 0.455033
vn -1.179141 3.534264 -2.846622
v -0.362905 0.047654 0.455196
vn -1.179164 -3.534263 -2.846613
v -0.362905 -0.218421 0.455196
vn -0.306477 3.337970 -3.111340
v -0.363192 0.047654 0.455253
vn -0.306489 -3.337970 -3.111402
v -0.363192 -0.218421 0.455253
vn -1.110720 2.356194 -2.681516
v -0.364142 0.047654 0.455253
vn -1.110721 -2.356194 -2.681518
v -0.364142 -0.218421 0.455253
vn -1.110721 3.926990 -2.681540
v -0.365792 0.047654 0.456903
vn -1.110720 -3.926990 -2.681516
v -0.365792 -0.218421 0.456903
vn 0.306520 3.337990 -3.111396
v -0.366442 0.047654 0.456903
vn 0.306508 -3.337989 -3.111356
v -0.366442 -0.218421 0.456903
vn 1.179194 3.534244 -2.846607
v -0.366729 0.047654 0.456846
vn 1.179171 -3.534244 -2.846616
v -0.366729 -0.218421 0.456846
vn 2.178647 3.534209 -2.178814
v -0.366972 0.047654 0.456683
vn 2.178630 -3.534209 -2.178832
v -0.366972 -0.218421 0.456683
vn 2.846579 3.534448 -1.179097
v -0.367135 0.047654 0.456440
vn 2.846570 -3.534448 -1.179120
v -0.367135 -0.218421 0.456440
vn 3.111368 3.337870 -0.306323
v -0.367192 0.047654 0.456153
vn 3.111433 -3.337870 -0.306336
v -0.367192 -0.218421 0.456153
vn 3.088078 3.403371 0.406520
v -0.367192 0.047654 0.451503
vn 3.088084 -3.403371 0.406522
v -0.367192 -0.218421 0.451503
vn 2.628010 3.665213 1.517242
v -0.367058 0.047654 0.451003
vn 2.628007 -3.665213 1.517246
v -0.367058 -0.218421 0.451003
vn 1.517246 3.665213 2.628007
v -0.366692 0.047654 0.450637
vn 1.517242 -3.665213 2.628010
v -0.366692 -0.218421 0.450637
vn 3.111433 3.337870 0.306336
v -0.367192 0.047654 0.481853
vn 3.088084 3.403371 -0.406522
v -0.367192 0.047654 0.486503
vn 3.111368 -3.337870 0.306323
v -0.367192 -0.218421 0.481853
vn 3.088078 -3.403371 -0.406520
v -0.367192 -0.218421 0.486503
vn 2.846570 3.534448 1.179120
v -0.367135 0.047654 0.481566
vn 2.846579 -3.534448 1.179097
v -0.367135 -0.218421 0.481566
vn 2.178630 3.534209 2.178832
v -0.366972 0.047654 0.481322
vn 2.178647 -3.534209 2.178814
v -0.366972 -0.218421 0.481322
vn 1.179171 3.534244 2.846616
v -0.366729 0.047654 0.481160
vn 1.179194 -3.534244 2.846607
v -0.366729 -0.218421 0.481160
vn 0.306508 3.337989 3.111356
v -0.366442 0.047654 0.481103
vn 0.306520 -3.337989 3.111396
v -0.366442 -0.218421 0.481103
vn -1.110720 3.926990 2.681516
v -0.365792 0.047654 0.481103
vn -1.110721 -3.926990 2.681540
v -0.365792 -0.218421 0.481103
vn -1.110721 2.356194 2.681518
v -0.364142 0.047654 0.482753
vn -1.110720 -2.356194 2.681516
v -0.364142 -0.218421 0.482753
vn -0.306489 3.337970 3.111402
v -0.363192 0.047654 0.482753
vn -0.306477 -3.337970 3.111340
v -0.363192 -0.218421 0.482753
vn -1.179164 3.534263 2.846613
v -0.362905 0.047654 0.482810
vn -1.179141 -3.534264 2.846622
v -0.362905 -0.218421 0.482810
vn -2.178647 3.534209 2.178814
v -0.362662 0.047654 0.482972
vn -2.178630 -3.534209 2.178832
v -0.362662 -0.218421 0.482972
vn -2.846579 3.534448 1.179097
v -0.362499 0.047654 0.483216
vn -2.846570 -3.534448 1.179120
v -0.362499 -0.218421 0.483216
vn -3.111371 3.337870 0.306323
v -0.362442 0.047654 0.483503
vn -3.111433 -3.337870 0.306336
v -0.362442 -0.218421 0.483503
vn -2.681516 2.356194 1.110720
v -0.362442 0.047654 0.484453
vn -2.681518 -2.356194 1.110721
v -0.362442 -0.218421 0.484453
vn -2.681540 3.926991 1.110721
v -0.360792 0.047654 0.486103
vn -2.681516 -3.926991 1.110720
v -0.360792 -0.218421 0.486103
vn -3.111396 3.337989 -0.306520
v -0.360792 0.047654 0.486753
vn -3.111356 -3.337989 -0.306508
v -0.360792 -0.218421 0.486753
vn -2.846656 3.534187 -1.179120
v -0.360849 0.047654 0.487040
vn -2.846666 -3.534187 -1.179097
v -0.360849 -0.218421 0.487040
vn -2.178753 3.534350 -2.178647
v -0.361012 0.047654 0.487283
vn -2.178771 -3.534350 -2.178630
v -0.361012 -0.218421 0.487283
vn -1.179141 3.534264 -2.846622
v -0.361255 0.047654 0.487446
vn -1.179164 -3.534264 -2.846613
v -0.361255 -0.218421 0.487446
vn -0.306477 3.337970 -3.111337
v -0.361542 0.047654 0.487503
vn -0.306489 -3.337970 -3.111402
v -0.361542 -0.218421 0.487503
vn 0.406604 3.403426 -3.088055
v -0.366192 0.047654 0.487503
vn 0.406606 -3.403426 -3.088061
v -0.366192 -0.218421 0.487503
vn 1.517327 3.665157 -2.627987
v -0.366692 0.047654 0.487369
vn 1.517330 -3.665157 -2.627985
v -0.366692 -0.218421 0.487369
vn 2.628007 3.665213 -1.517246
v -0.367058 0.047654 0.487003
vn 2.628010 -3.665213 -1.517242
v -0.367058 -0.218421 0.487003
vn 0.000000 -3.141593 3.141591
v -0.340642 -0.218421 0.453503
vn -1.570797 -1.570796 1.570787
v -0.341692 -0.218421 0.453503
vn -1.570796 -1.570796 -1.570796
v -0.341692 -0.218421 0.449003
vn -1.570796 -1.570795 1.570796
v -0.368692 -0.218421 0.489003
vn 1.570796 -4.712389 -1.570797
v -0.360392 -0.218421 0.484503
vn 1.570797 -1.570796 -1.570796
v -0.355692 -0.218421 0.484503
vn 1.570796 -1.570797 1.570796
v -0.355692 -0.218421 0.489003
vn -1.570796 -1.570796 -1.570797
v -0.368692 -0.218421 0.476003
vn -0.785395 -3.665189 2.931142
v -0.346692 -0.218421 0.475003
vn 0.785394 -3.665190 2.931145
v -0.350692 -0.218421 0.475003
vn 2.681516 -3.926987 1.110718
v -0.360392 -0.218421 0.482823
vn -2.931142 -3.665190 -0.785395
v -0.354692 -0.218421 0.471003
vn -1.896109 -3.403394 2.471064
v -0.342244 -0.218421 0.477571
vn 1.570797 -1.570796 -1.570796
v -0.364192 -0.218421 0.476003
vn 1.570796 -4.712389 -1.570792
v -0.364192 -0.218421 0.480703
vn -1.110718 -3.926988 -2.681521
v -0.362512 -0.218421 0.480703
vn 1.896120 -3.403397 2.471069
v -0.355140 -0.218421 0.477571
vn 2.720714 -3.141572 -1.570775
v -0.340642 -0.218421 0.474553
vn 2.931144 -3.665194 -0.785401
v -0.342692 -0.218421 0.471003
vn 2.931139 -3.665194 0.785401
v -0.342692 -0.218421 0.467003
vn -2.627987 -3.665213 1.517267
v -0.345228 -0.218421 0.467003
vn 2.720711 -3.141572 1.570773
v -0.340642 -0.218421 0.463452
vn -2.471066 -3.403397 -1.896117
v -0.357260 -0.218421 0.475451
vn 0.000000 -6.283185 0.000000
v -0.340642 -0.218421 0.460953
vn -0.785396 -3.665190 -2.931149
v -0.346692 -0.218421 0.463003
vn -1.517271 -3.665175 2.628002
v -0.346692 -0.218421 0.465539
vn 0.785402 -3.665194 -2.931140
v -0.350692 -0.218421 0.463003
vn -0.000006 -3.665200 3.034542
v -0.348692 -0.218421 0.465003
vn 1.517277 -3.665189 2.627992
v -0.350692 -0.218421 0.465539
vn 1.570764 -3.141572 -2.720695
v -0.354243 -0.218421 0.460953
vn 2.627993 -3.665189 1.517277
v -0.352156 -0.218421 0.467003
vn -2.471072 -3.403394 1.896116
v -0.357260 -0.218421 0.462555
vn -2.931145 -3.665189 0.785394
v -0.354692 -0.218421 0.467003
vn 1.570796 -1.570794 1.570796
v -0.328692 -0.218421 0.489003
vn -1.570797 -4.712389 -1.570796
v -0.333192 -0.218421 0.480703
vn -1.570796 -1.570796 -1.570797
v -0.333192 -0.218421 0.476003
vn 1.570796 -1.570792 -1.570796
v -0.328692 -0.218421 0.476003
vn 0.000000 -3.141593 3.141593
v -0.340642 -0.218421 0.489003
vn 1.110718 -3.926986 -2.681516
v -0.334872 -0.218421 0.480703
vn -1.570797 -1.570796 1.570787
v -0.341692 -0.218421 0.489003
vn -1.570796 -1.570796 -1.570796
v -0.341692 -0.218421 0.484503
vn 0.000000 -3.141593 -3.141583
v -0.340642 -0.218421 0.484503
vn -1.570792 -4.712389 -1.570795
v -0.336992 -0.218421 0.484503
vn -2.681522 -3.926987 1.110716
v -0.336992 -0.218421 0.482823
vn 2.471066 -3.403413 -1.896088
v -0.340124 -0.218421 0.475451
vn -2.221445 -3.141597 2.221437
v -0.340642 -0.218421 0.479173
vn 1.570796 -1.570795 -1.570796
v -0.328692 -0.218421 0.449003
vn 3.141593 -3.141589 0.000000
v -0.328692 -0.218421 0.460953
vn -1.896106 -3.403394 -2.471056
v -0.342244 -0.218421 0.460435
vn -2.221443 -3.141597 -2.221434
v -0.340642 -0.218421 0.458833
vn -2.681518 -3.926987 -1.110716
v -0.336992 -0.218421 0.455183
vn 0.000000 -3.141593 -3.141583
v -0.340642 -0.218421 0.449003
vn -1.570795 -4.712389 1.570792
v -0.333192 -0.218421 0.457303
vn 1.110717 -3.926986 2.681520
v -0.334872 -0.218421 0.457303
vn -3.141583 -3.141593 0.000000
v -0.333192 -0.218421 0.460953
vn 1.570787 -1.570796 1.570797
v -0.328692 -0.218421 0.462003
vn -1.570796 -1.570796 1.570796
v -0.333192 -0.218421 0.462003
vn -1.570796 -4.712389 1.570796
v -0.336992 -0.218421 0.453503
vn 2.471076 -3.403413 1.896091
v -0.340124 -0.218421 0.462555
vn 1.570796 -1.570796 1.570797
v -0.355692 -0.218421 0.453503
vn 1.570792 -4.712389 1.570796
v -0.360392 -0.218421 0.453503
vn -1.570796 -1.570795 -1.570796
v -0.368692 -0.218421 0.449003
vn 2.681521 -3.926987 -1.110718
v -0.360392 -0.218421 0.455183
vn -2.221432 -3.141597 2.221441
v -0.358862 -0.218421 0.460953
vn 1.896097 -3.403414 -2.471082
v -0.355140 -0.218421 0.460435
vn 1.570797 -1.570802 -1.570796
v -0.355692 -0.218421 0.449003
vn -3.141583 -3.141589 0.000000
v -0.368692 -0.218421 0.460953
vn -1.110716 -3.926987 2.681517
v -0.362512 -0.218421 0.457303
vn 1.570796 -4.712389 1.570796
v -0.364192 -0.218421 0.457303
vn 3.141591 -3.141593 0.000000
v -0.364192 -0.218421 0.460953
vn 1.570787 -1.570796 1.570797
v -0.364192 -0.218421 0.462003
vn -1.570796 -1.570796 1.570796
v -0.368692 -0.218421 0.462003
vn -1.570773 3.141572 -2.720711
v -0.343141 0.047654 0.460953
vn 0.000000 6.283185 0.000000
v -0.340642 0.047654 0.460953
vn -1.896091 3.403413 -2.471076
v -0.342244 0.047654 0.460435
vn 1.570796 1.570796 -1.570797
v -0.355692 0.047654 0.484503
vn 1.570792 4.712390 -1.570796
v -0.360392 0.047654 0.484503
vn -1.570796 1.570795 1.570796
v -0.368692 0.047654 0.489003
vn -2.931145 3.665189 -0.785394
v -0.354692 0.047654 0.471003
vn -2.471069 3.403398 -1.896120
v -0.357260 0.047654 0.475451
vn 2.681521 3.926987 1.110718
v -0.360392 0.047654 0.482823
vn -1.896116 3.403394 2.471072
v -0.342244 0.047654 0.477571
vn -2.221441 3.141597 2.221432
v -0.340642 0.047654 0.479173
vn 2.720695 3.141572 -1.570764
v -0.340642 0.047654 0.474553
vn 1.570797 4.712389 -1.570796
v -0.364192 0.047654 0.480703
vn 1.570796 1.570796 -1.570797
v -0.364192 0.047654 0.476003
vn -1.570796 1.570796 -1.570796
v -0.368692 0.047654 0.476003
vn -1.110718 3.926988 -2.681516
v -0.362512 0.047654 0.480703
vn 1.570797 1.570797 1.570796
v -0.355692 0.047654 0.489003
vn 1.896118 3.403397 2.471066
v -0.355140 0.047654 0.477571
vn 0.785395 3.665190 2.931142
v -0.350692 0.047654 0.475003
vn 2.931149 3.665190 0.785396
v -0.342692 0.047654 0.467003
vn -1.517271 3.665174 2.628003
v -0.346692 0.047654 0.465539
vn -2.627987 3.665213 1.517267
v -0.345228 0.047654 0.467003
vn 2.931140 3.665194 -0.785402
v -0.342692 0.047654 0.471003
vn -2.931142 3.665189 0.785395
v -0.354692 0.047654 0.467003
vn 2.627992 3.665189 1.517277
v -0.352156 0.047654 0.467003
vn -2.471064 3.403394 1.896109
v -0.357260 0.047654 0.462555
vn -0.785394 3.665190 2.931145
v -0.346692 0.047654 0.475003
vn 1.570775 3.141572 -2.720714
v -0.354243 0.047654 0.460953
vn 1.517277 3.665189 2.627992
v -0.350692 0.047654 0.465539
vn 0.785401 3.665194 -2.931144
v -0.350692 0.047654 0.463003
vn -0.000006 3.665200 3.034542
v -0.348692 0.047654 0.465003
vn -0.785401 3.665194 -2.931139
v -0.346692 0.047654 0.463003
vn 2.471056 3.403394 1.896106
v -0.340124 0.047654 0.462555
vn 2.221434 3.141597 2.221443
v -0.338522 0.047654 0.460953
vn -1.570796 1.570795 -1.570796
v -0.368692 0.047654 0.449003
vn 1.570796 4.712389 1.570797
v -0.360392 0.047654 0.453503
vn 1.570797 1.570796 1.570796
v -0.355692 0.047654 0.453503
vn 1.570796 1.570801 -1.570796
v -0.355692 0.047654 0.449003
vn -3.141593 3.141588 0.000000
v -0.368692 0.047654 0.460953
vn 2.681516 3.926987 -1.110718
v -0.360392 0.047654 0.455183
vn -2.221437 3.141597 2.221445
v -0.358862 0.047654 0.460953
vn 1.896088 3.403413 -2.471066
v -0.355140 0.047654 0.460435
vn -1.110716 3.926986 2.681522
v -0.362512 0.047654 0.457303
vn 1.570795 4.712389 1.570792
v -0.364192 0.047654 0.457303
vn -1.570787 1.570796 1.570797
v -0.368692 0.047654 0.462003
vn 1.570796 1.570796 1.570796
v -0.364192 0.047654 0.462003
vn 3.141583 3.141593 0.000000
v -0.364192 0.047654 0.460953
vn 0.000000 3.141593 3.141583
v -0.340642 0.047654 0.453503
vn -1.570792 4.712389 1.570795
v -0.336992 0.047654 0.453503
vn 1.570796 1.570795 -1.570796
v -0.328692 0.047654 0.449003
vn 3.141583 3.141590 0.000000
v -0.328692 0.047654 0.460953
vn -2.681520 3.926986 -1.110717
v -0.336992 0.047654 0.455183
vn -3.141591 3.141593 0.000000
v -0.333192 0.047654 0.460953
vn -1.570796 4.712389 1.570796
v -0.333192 0.047654 0.457303
vn 1.110716 3.926987 2.681518
v -0.334872 0.047654 0.457303
vn 0.000000 3.141593 -3.141593
v -0.340642 0.047654 0.449003
vn -1.570797 1.570796 -1.570787
v -0.341692 0.047654 0.449003
vn -1.570796 1.570796 1.570796
v -0.341692 0.047654 0.453503
vn 1.570796 1.570796 1.570796
v -0.328692 0.047654 0.462003
vn -1.570787 1.570796 1.570797
v -0.333192 0.047654 0.462003
vn -2.681517 3.926987 1.110716
v -0.336992 0.047654 0.482823
vn -1.570796 4.712389 -1.570796
v -0.336992 0.047654 0.484503
vn 1.110718 3.926986 -2.681521
v -0.334872 0.047654 0.480703
vn 0.000000 3.141593 -3.141591
v -0.340642 0.047654 0.484503
vn 1.570796 1.570794 1.570796
v -0.328692 0.047654 0.489003
vn 1.570796 1.570791 -1.570797
v -0.328692 0.047654 0.476003
vn 2.471082 3.403414 -1.896097
v -0.340124 0.047654 0.475451
vn -1.570797 1.570796 -1.570796
v -0.333192 0.047654 0.476003
vn -1.570796 4.712389 -1.570792
v -0.333192 0.047654 0.480703
vn 0.000000 3.141593 3.141583
v -0.340642 0.047654 0.489003
vn -1.570797 1.570796 -1.570787
v -0.341692 0.047654 0.484503
vn -1.570796 1.570796 1.570796
v -0.341692 0.047654 0.489003
vn -0.406552 -3.403391 -3.088069
v -0.230173 -0.216829 0.565190
vn 0.406551 -3.403374 -3.088069
v -1.238553 -0.216829 0.565190
vn -0.406551 3.403374 -3.088069
v -0.230173 0.046061 0.565190
vn 0.406552 3.403391 -3.088069
v -1.238553 0.046061 0.565190
vn -1.517275 -3.665194 -2.627991
v -0.213180 -0.216829 0.560637
vn -1.517276 3.665194 -2.627992
v -0.213180 0.046061 0.560637
vn -2.627996 -3.665189 -1.517274
v -0.200741 -0.216829 0.548198
vn -2.627996 3.665187 -1.517274
v -0.200741 0.046061 0.548198
vn -3.034544 -3.665196 0.000001
v -0.196188 -0.216829 0.531205
vn -3.034545 3.665197 0.000002
v -0.196188 0.046061 0.531205
vn -2.627999 -3.665184 1.517272
v -0.200741 -0.216829 0.514212
vn -2.627998 3.665183 1.517273
v -0.200741 0.046061 0.514212
vn -1.517278 -3.665196 2.627989
v -0.213180 -0.216829 0.501773
vn -1.517277 3.665197 2.627988
v -0.213180 0.046061 0.501773
vn -0.406551 -3.403374 3.088069
v -0.230173 -0.216829 0.497220
vn -0.406552 3.403391 3.088069
v -0.230173 0.046061 0.497220
vn 0.406552 -3.403391 3.088069
v -1.238553 -0.216829 0.497220
vn 0.406551 3.403374 3.088069
v -1.238553 0.046061 0.497220
vn 1.517272 -3.665193 2.627994
v -1.255545 -0.216829 0.501773
vn 1.517273 3.665192 2.627995
v -1.255545 0.046061 0.501773
vn 2.627993 -3.665188 1.517278
v -1.267985 -0.216829 0.514212
vn 2.627994 3.665188 1.517278
v -1.267985 0.046061 0.514212
vn 3.034545 -3.665196 0.000002
v -1.272538 -0.216829 0.531205
vn 3.034544 3.665196 0.000001
v -1.272538 0.046061 0.531205
vn 0.406551 -2.879793 -3.088070
v -0.230173 -0.216829 0.495645
vn -0.406548 -2.879778 -3.088070
v -1.238553 -0.216829 0.495645
vn 0.406551 2.879776 -3.088069
v -0.230173 0.046061 0.495645
vn -0.406549 2.879796 -3.088070
v -1.238553 0.046061 0.495645
vn -0.406551 -2.879793 3.088069
v -1.238553 -0.216829 0.566765
vn -0.406551 2.879776 3.088069
v -1.238553 0.046061 0.566765
vn -1.517277 2.617988 2.627989
v -1.256333 0.046061 0.562001
vn -1.517277 -2.617989 2.627989
v -1.256333 -0.216829 0.562001
vn -2.627998 2.618002 1.517273
v -1.269349 0.046061 0.548985
vn -2.627998 -2.618001 1.517273
v -1.269349 -0.216829 0.548985
vn -3.034543 2.617987 0.000000
v -1.274113 0.046061 0.531205
vn -3.034543 -2.617987 -0.000000
v -1.274113 -0.216829 0.531205
vn 0.406553 -2.879775 3.088068
v -0.230173 -0.216829 0.566765
vn 0.406554 2.879793 3.088069
v -0.230173 0.046061 0.566765
vn 1.517272 2.617991 -2.627995
v -0.212393 0.046061 0.500409
vn 1.517272 -2.617993 -2.627994
v -0.212393 -0.216829 0.500409
vn 2.627995 2.617992 -1.517268
v -0.199377 0.046061 0.513425
vn 2.627995 -2.617990 -1.517268
v -0.199377 -0.216829 0.513425
vn 3.034549 2.618000 -0.000000
v -0.194613 0.046061 0.531205
vn 3.034549 -2.618001 0.000000
v -0.194613 -0.216829 0.531205
vn 2.627995 2.617990 1.517268
v -0.199377 0.046061 0.548985
vn 2.627995 -2.617992 1.517268
v -0.199377 -0.216829 0.548985
vn 1.517274 2.617995 2.627993
v -0.212393 0.046061 0.562001
vn 1.517274 -2.617995 2.627994
v -0.212393 -0.216829 0.562001
vn -1.517275 2.617987 -2.627990
v -1.256333 0.046061 0.500409
vn -2.627998 2.618001 -1.517273
v -1.269349 0.046061 0.513425
vn 2.627991 3.665194 -1.517279
v -1.267985 0.046061 0.548198
vn 1.517269 3.665190 -2.627996
v -1.255545 0.046061 0.560637
vn 1.517270 -3.665189 -2.627997
v -1.255545 -0.216829 0.560637
vn 2.627991 -3.665191 -1.517279
v -1.267985 -0.216829 0.548198
vn -2.627998 -2.618002 -1.517273
v -1.269349 -0.216829 0.513425
vn -1.517274 -2.617986 -2.627990
v -1.256333 -0.216829 0.500409
vn -6.011566 -0.783287 -0.783288
v -1.284367 -0.309221 0.371528
vn -3.088077 2.879812 -0.406522
v -1.284367 -0.258421 0.371528
vn -2.628031 2.618000 -1.517215
v -1.283942 -0.258421 0.369940
vn -5.123031 -0.668535 -2.891017
v -1.283942 -0.309221 0.369940
vn -1.517298 2.617966 -2.627965
v -1.282780 -0.258421 0.368778
vn -3.076839 -0.418079 -5.117180
v -1.282780 -0.309221 0.368778
vn -0.406549 2.879795 -3.088071
v -1.281192 -0.258421 0.368353
vn -0.667530 -0.667526 -6.066255
v -1.281192 -0.309221 0.368353
vn -2.923544 -5.063445 -0.753637
v -1.282780 -0.311971 0.371528
vn -5.063651 -2.923353 -0.753582
v -1.283942 -0.310809 0.371528
vn -2.495023 -4.321454 -2.747726
v -1.282567 -0.311602 0.369940
vn -4.321423 -2.494942 -2.747615
v -1.283573 -0.310596 0.369940
vn -1.559574 -2.701093 -4.978693
v -1.281986 -0.310596 0.368778
vn -2.701124 -1.559587 -4.978735
v -1.282567 -0.310015 0.368778
vn -0.783332 -6.011530 -0.783332
v -1.281192 -0.312396 0.371528
vn -0.668562 -5.122950 -2.891115
v -1.281192 -0.311971 0.369940
vn -0.417914 -3.076748 -5.117339
v -1.281192 -0.310809 0.368778
vn 0.667511 -0.667511 -6.066261
v -1.144667 -0.309221 0.368353
vn 0.417859 -3.076749 -5.117356
v -1.144667 -0.310809 0.368778
vn 0.668527 -5.122967 -2.891111
v -1.144667 -0.311971 0.369940
vn 0.783333 -6.011533 -0.783334
v -1.144667 -0.312396 0.371528
vn -6.066278 -0.667471 0.667499
v -1.284367 -0.309221 0.587428
vn -5.117419 -3.076638 0.417893
v -1.283942 -0.310809 0.587428
vn -2.891155 -5.122900 0.668544
v -1.282780 -0.311971 0.587428
vn -0.783331 -6.011524 0.783360
v -1.281192 -0.312396 0.587428
vn 5.063564 -2.923438 -0.753539
v -1.141917 -0.310809 0.371528
vn 2.923423 -5.063613 -0.753564
v -1.143080 -0.311971 0.371528
vn 4.321407 -2.494945 -2.747629
v -1.142286 -0.310596 0.369940
vn 2.494963 -4.321465 -2.747654
v -1.143292 -0.311602 0.369940
vn 2.701127 -1.559451 -4.978704
v -1.143292 -0.310015 0.368778
vn 1.559545 -2.701099 -4.978656
v -1.143873 -0.310596 0.368778
vn 6.011565 -0.783285 -0.783285
v -1.141492 -0.309221 0.371528
vn 5.122959 -0.668484 -2.891093
v -1.141917 -0.309221 0.369940
vn 3.076722 -0.417831 -5.117395
v -1.143080 -0.309221 0.368778
vn -0.753565 -5.063609 2.923455
v -1.281192 -0.311971 0.589015
vn -0.753606 -2.923402 5.063557
v -1.281192 -0.310809 0.590177
vn -2.747719 -4.321356 2.494996
v -1.282780 -0.311602 0.588803
vn -2.747748 -2.494974 4.321422
v -1.282780 -0.310596 0.589809
vn -4.978802 -2.701029 1.559482
v -1.283942 -0.310596 0.588221
vn -4.978730 -1.559493 2.701037
v -1.283942 -0.310015 0.588803
vn -0.783313 -0.783312 6.011552
v -1.281192 -0.309221 0.590603
vn -2.891106 -0.668570 5.122884
v -1.282780 -0.309221 0.590177
vn -5.117465 -0.417818 3.076642
v -1.283942 -0.309221 0.589015
vn 0.406549 2.879795 -3.088070
v -1.144667 -0.258421 0.368353
vn 1.517241 2.618017 -2.628024
v -1.143080 -0.258421 0.368778
vn 2.627974 2.617949 -1.517272
v -1.141917 -0.258421 0.369940
vn 3.088078 2.879813 -0.406523
v -1.141492 -0.258421 0.371528
vn 6.066278 -0.667471 0.667499
v -1.141492 -0.309221 0.587428
vn 5.117278 -3.076757 0.417924
v -1.141917 -0.310809 0.587428
vn 2.891056 -5.123005 0.668567
v -1.143080 -0.311971 0.587428
vn 0.783333 -6.011519 0.783361
v -1.144667 -0.312396 0.587428
vn 0.783285 -0.783286 6.011568
v -1.144667 -0.309221 0.590603
vn 0.753595 -2.923443 5.063539
v -1.144667 -0.310809 0.590177
vn 0.753584 -5.063594 2.923462
v -1.144667 -0.311971 0.589015
vn -0.406522 2.879812 3.088077
v -1.281192 -0.258421 0.590603
vn -1.517300 2.617923 2.627946
v -1.282780 -0.258421 0.590177
vn -2.628056 2.618035 1.517202
v -1.283942 -0.258421 0.589015
vn -3.088072 2.879804 0.406536
v -1.284367 -0.258421 0.587428
vn 2.747601 -4.321452 2.495056
v -1.143080 -0.311602 0.588803
vn 5.117315 -0.417863 3.076767
v -1.141917 -0.309221 0.589015
vn 4.978585 -1.559498 2.701160
v -1.141917 -0.310015 0.588803
vn 4.978667 -2.701139 1.559496
v -1.141917 -0.310596 0.588221
vn 2.747674 -2.495061 4.321496
v -1.143080 -0.310596 0.589809
vn 2.891050 -0.668558 5.122984
v -1.143080 -0.309221 0.590177
vn 3.088073 2.879803 0.406537
v -1.141492 -0.258421 0.587428
vn 2.627996 2.617984 1.517257
v -1.141917 -0.258421 0.589015
vn 1.517243 2.617974 2.628002
v -1.143080 -0.258421 0.590177
vn 0.406523 2.879813 3.088078
v -1.144667 -0.258421 0.590603
vn 1.570796 -1.570808 1.570796
v -0.407660 -0.222928 0.565178
vn 1.570796 -1.570796 -1.570796
v -0.407660 -0.222928 0.563603
vn 1.570796 -1.570796 4.712393
v -0.407660 -0.216578 0.565178
vn 1.570796 -1.570796 -4.712380
v -0.407660 -0.216578 0.563603
vn 1.110727 -1.570785 -1.923806
v -0.379492 -0.216578 0.556797
vn 1.923817 -1.570808 1.110743
v -0.379085 -0.216578 0.558318
vn -0.406551 -3.403392 -3.088074
v -0.404892 -0.216578 0.563603
vn 0.406550 -2.879794 3.088069
v -0.404685 -0.216578 0.565178
vn -1.570796 -1.570796 4.712389
v -1.062525 -0.216578 0.565178
vn -1.570796 -1.570796 -4.712394
v -1.062525 -0.216578 0.563603
vn -1.570796 -1.570796 1.570792
v -1.062525 -0.222928 0.565178
vn -1.570796 -1.570808 -1.570792
v -1.062525 -0.222928 0.563603
vn 0.406550 -3.403391 -3.088069
v -1.065292 -0.216578 0.563603
vn -0.406550 -2.879795 3.088074
v -1.065499 -0.216578 0.565178
vn -1.110716 -1.570786 -1.923804
v -1.090692 -0.216578 0.556797
vn -1.923827 -1.570807 1.110739
v -1.091100 -0.216578 0.558318
vn 1.570796 1.570796 4.712391
v -0.407660 0.045804 0.565178
vn 1.570796 1.570796 -4.712394
v -0.407660 0.045804 0.563603
vn 1.570796 1.570808 1.570792
v -0.407660 0.052154 0.565178
vn 1.570796 1.570796 -1.570796
v -0.407660 0.052154 0.563603
vn -0.406551 3.403392 -3.088069
v -0.404892 0.045804 0.563603
vn 0.406551 2.879796 3.088074
v -0.404685 0.045804 0.565178
vn 1.110715 1.570786 -1.923804
v -0.379492 0.045804 0.556797
vn 1.923828 1.570807 1.110739
v -0.379085 0.045804 0.558318
vn -1.570796 1.570796 1.570796
v -1.062525 0.052154 0.565178
vn -1.570796 1.570808 -1.570792
v -1.062525 0.052154 0.563603
vn -1.570796 1.570796 4.712389
v -1.062525 0.045804 0.565178
vn -1.570796 1.570796 -4.712389
v -1.062525 0.045804 0.563603
vn -1.110727 1.570785 -1.923806
v -1.090692 0.045804 0.556797
vn -1.923816 1.570807 1.110743
v -1.091100 0.045804 0.558318
vn 0.406551 3.403392 -3.088074
v -1.065292 0.045804 0.563603
vn -0.406549 2.879795 3.088069
v -1.065499 0.045804 0.565178
vn -2.617996 3.034546 -0.000011
v -1.271542 0.063654 0.570603
vn -3.665190 3.034546 -0.000011
v -1.287542 0.063654 0.570603
vn -2.618007 2.628004 -1.517266
v -1.271542 0.064190 0.572603
vn -3.665178 2.628004 -1.517266
v -1.287542 0.064190 0.572603
vn -2.617986 1.517289 -2.627982
v -1.271542 0.065654 0.574067
vn -3.665199 1.517288 -2.627982
v -1.287542 0.065654 0.574067
vn -2.617988 -0.000001 -3.034544
v -1.271542 0.067654 0.574603
vn -3.665198 -0.000001 -3.034543
v -1.287542 0.067654 0.574603
vn -2.617990 -1.517287 -2.627983
v -1.271542 0.069654 0.574067
vn -3.665195 -1.517287 -2.627984
v -1.287542 0.069654 0.574067
vn -2.618005 -2.628001 -1.517269
v -1.271542 0.071118 0.572603
vn -3.665181 -2.628001 -1.517269
v -1.287542 0.071118 0.572603
vn -2.617996 -3.034546 -0.000011
v -1.271542 0.071654 0.570603
vn -3.665190 -3.034546 -0.000011
v -1.287542 0.071654 0.570603
vn -3.665190 1.517269 -2.628000
v -1.271542 0.065904 0.573634
vn -3.665190 -0.000001 -3.034549
v -1.271542 0.067654 0.574103
vn -3.665190 -1.517270 -2.627999
v -1.271542 0.069404 0.573634
vn -3.665194 -2.627993 -1.517277
v -1.271542 0.070685 0.572353
vn -3.665193 -3.034548 0.000001
v -1.271542 0.071154 0.570603
vn -3.665194 -2.627992 1.517279
v -1.271542 0.070685 0.568853
vn -2.617976 -2.627982 1.517280
v -1.271542 0.071118 0.568603
vn -3.665190 -1.517269 2.628000
v -1.271542 0.069404 0.567572
vn -2.618010 -1.517264 2.628006
v -1.271542 0.069654 0.567139
vn -3.665190 0.000001 3.034549
v -1.271542 0.067654 0.567103
vn -2.617988 -0.000001 3.034543
v -1.271542 0.067654 0.566603
vn -3.665190 1.517270 2.627999
v -1.271542 0.065904 0.567572
vn -2.618007 1.517266 2.628004
v -1.271542 0.065654 0.567139
vn -3.665195 2.627993 1.517277
v -1.271542 0.064623 0.568853
vn -2.617980 2.627984 1.517277
v -1.271542 0.064190 0.568603
vn -3.665192 3.034548 -0.000001
v -1.271542 0.064154 0.570603
vn -3.665194 2.627992 -1.517279
v -1.271542 0.064623 0.572353
vn 2.617996 -3.034546 -0.000011
v -0.198642 0.071654 0.570603
vn 3.665190 -3.034547 -0.000011
v -0.182642 0.071654 0.570603
vn 2.618004 -2.628001 -1.517269
v -0.198642 0.071118 0.572603
vn 3.665181 -2.628001 -1.517269
v -0.182642 0.071118 0.572603
vn 2.617990 -1.517287 -2.627983
v -0.198642 0.069654 0.574067
vn 3.665195 -1.517287 -2.627983
v -0.182642 0.069654 0.574067
vn 2.617988 -0.000001 -3.034543
v -0.198642 0.067654 0.574603
vn 3.665198 -0.000001 -3.034543
v -0.182642 0.067654 0.574603
vn 2.617986 1.517288 -2.627981
v -0.198642 0.065654 0.574067
vn 3.665199 1.517288 -2.627981
v -0.182642 0.065654 0.574067
vn 2.618007 2.628004 -1.517266
v -0.198642 0.064190 0.572603
vn 3.665178 2.628004 -1.517266
v -0.182642 0.064190 0.572603
vn 2.617996 3.034547 -0.000011
v -0.198642 0.063654 0.570603
vn 3.665190 3.034546 -0.000011
v -0.182642 0.063654 0.570603
vn 3.665193 3.034548 0.000001
v -0.198642 0.064154 0.570603
vn 3.665194 2.627992 1.517279
v -0.198642 0.064623 0.568853
vn 2.617979 2.627984 1.517277
v -0.198642 0.064190 0.568603
vn 3.665190 1.517269 2.628000
v -0.198642 0.065904 0.567572
vn 2.618006 1.517266 2.628004
v -0.198642 0.065654 0.567139
vn 3.665190 -0.000001 3.034549
v -0.198642 0.067654 0.567103
vn 2.617988 -0.000001 3.034543
v -0.198642 0.067654 0.566603
vn 3.665190 -1.517270 2.627999
v -0.198642 0.069404 0.567572
vn 2.618011 -1.517264 2.628006
v -0.198642 0.069654 0.567139
vn 3.665194 -2.627993 1.517277
v -0.198642 0.070685 0.568853
vn 2.617977 -2.627981 1.517280
v -0.198642 0.071118 0.568603
vn 3.665192 -3.034548 -0.000001
v -0.198642 0.071154 0.570603
vn 3.665194 -2.627992 -1.517279
v -0.198642 0.070685 0.572353
vn 3.665190 -1.517269 -2.628000
v -0.198642 0.069404 0.573634
vn 3.665190 0.000001 -3.034549
v -0.198642 0.067654 0.574103
vn 3.665190 1.517270 -2.627999
v -0.198642 0.065904 0.573634
vn 3.665195 2.627993 -1.517277
v -0.198642 0.064623 0.572353
vn -3.927000 2.681519 1.110742
v -1.287542 0.079754 0.587703
vn -3.337965 3.111246 -0.306430
v -1.287542 0.079754 0.588353
vn 3.927000 2.681609 1.110731
v -0.182642 0.079754 0.587703
vn 3.337965 3.111403 -0.306482
v -0.182642 0.079754 0.588353
vn -2.356185 2.681419 1.110731
v -1.287542 0.081404 0.586053
vn 2.356185 2.681519 1.110742
v -0.182642 0.081404 0.586053
vn -3.337900 3.111423 0.306382
v -1.287542 0.081404 0.585103
vn 3.337900 3.111076 0.306330
v -0.182642 0.081404 0.585103
vn -3.534354 2.846419 1.179044
v -1.287542 0.081461 0.584816
vn 3.534354 2.846458 1.178949
v -0.182642 0.081461 0.584816
vn -3.534216 2.178592 2.178588
v -1.287542 0.081623 0.584572
vn 3.534216 2.178665 2.178515
v -0.182642 0.081623 0.584572
vn -3.534510 1.178810 2.846464
v -1.287542 0.081867 0.584410
vn 3.534510 1.178905 2.846425
v -0.182642 0.081867 0.584410
vn -3.337780 0.306145 3.111113
v -1.287542 0.082154 0.584353
vn 3.337780 0.306197 3.111460
v -0.182642 0.082154 0.584353
vn -2.356183 1.110745 2.681516
v -1.287542 0.083104 0.584353
vn 2.356183 1.110733 2.681417
v -0.182642 0.083104 0.584353
vn -3.927002 1.110733 2.681607
v -1.287542 0.084754 0.582703
vn 3.926999 1.110745 2.681516
v -0.182642 0.084754 0.582703
vn -3.337979 -0.306505 3.111399
v -1.287542 0.085404 0.582703
vn 3.337979 -0.306453 3.111241
v -0.182642 0.085404 0.582703
vn -3.534324 -1.179232 2.846351
v -1.287542 0.085691 0.582760
vn 3.534324 -1.179136 2.846391
v -0.182642 0.085691 0.582760
vn -3.534202 -2.178683 2.178503
v -1.287542 0.085934 0.582922
vn 3.534202 -2.178610 2.178576
v -0.182642 0.085934 0.582922
vn -3.534290 -2.846438 1.179049
v -1.287542 0.086097 0.583166
vn 3.534290 -2.846399 1.179144
v -0.182642 0.086097 0.583166
vn -3.337965 -3.111135 0.306430
v -1.287542 0.086154 0.583453
vn 3.337965 -3.111403 0.306482
v -0.182642 0.086154 0.583453
vn -3.403384 -3.088073 -0.406539
v -1.287542 0.086154 0.588103
vn 3.403384 -3.088083 -0.406544
v -0.182642 0.086154 0.588103
vn -3.665190 -2.628027 -1.517254
v -1.287542 0.086020 0.588603
vn 3.665190 -2.628022 -1.517263
v -0.182642 0.086020 0.588603
vn -3.665282 -1.517176 -2.628029
v -1.287542 0.085654 0.588969
vn 3.665282 -1.517167 -2.628034
v -0.182642 0.085654 0.588969
vn -3.403311 -0.406435 -3.088113
v -1.287542 0.085154 0.589103
vn 3.403311 -0.406430 -3.088102
v -0.182642 0.085154 0.589103
vn -3.337780 0.306197 -3.111460
v -1.287542 0.080504 0.589103
vn 3.337780 0.306145 -3.111192
v -0.182642 0.080504 0.589103
vn -3.534510 1.178905 -2.846425
v -1.287542 0.080217 0.589046
vn 3.534510 1.178810 -2.846464
v -0.182642 0.080217 0.589046
vn -3.534216 2.178665 -2.178515
v -1.287542 0.079973 0.588883
vn 3.534216 2.178592 -2.178588
v -0.182642 0.079973 0.588883
vn -3.534290 2.846438 -1.179049
v -1.287542 0.079811 0.588640
vn 3.534290 2.846399 -1.179144
v -0.182642 0.079811 0.588640
vn -3.337965 3.111403 0.306482
v -1.287542 0.079754 0.552853
vn 3.337965 3.111246 0.306430
v -0.182642 0.079754 0.552853
vn -3.534290 2.846399 1.179144
v -1.287542 0.079811 0.552566
vn 3.534290 2.846438 1.179049
v -0.182642 0.079811 0.552566
vn -3.534216 2.178592 2.178588
v -1.287542 0.079973 0.552322
vn 3.534216 2.178665 2.178515
v -0.182642 0.079973 0.552322
vn -3.534310 1.179118 2.846403
v -1.287542 0.080217 0.552160
vn 3.534310 1.179213 2.846364
v -0.182642 0.080217 0.552160
vn -3.337979 0.306453 3.111131
v -1.287542 0.080504 0.552103
vn 3.337979 0.306505 3.111399
v -0.182642 0.080504 0.552103
vn -3.403423 -0.406598 3.088057
v -1.287542 0.085154 0.552103
vn 3.403423 -0.406603 3.088068
v -0.182642 0.085154 0.552103
vn -3.665171 -1.517336 2.627989
v -1.287542 0.085654 0.552237
vn 3.665171 -1.517344 2.627984
v -0.182642 0.085654 0.552237
vn -3.665190 -2.628022 1.517263
v -1.287542 0.086020 0.552603
vn 3.665190 -2.628027 1.517254
v -0.182642 0.086020 0.552603
vn -3.403384 -3.088083 0.406544
v -1.287542 0.086154 0.553103
vn 3.403384 -3.088073 0.406539
v -0.182642 0.086154 0.553103
vn -3.337965 -3.111403 -0.306482
v -1.287542 0.086154 0.557753
vn 3.337965 -3.111135 -0.306430
v -0.182642 0.086154 0.557753
vn -3.534290 -2.846399 -1.179144
v -1.287542 0.086097 0.558040
vn 3.534290 -2.846438 -1.179049
v -0.182642 0.086097 0.558040
vn -3.534202 -2.178610 -2.178576
v -1.287542 0.085934 0.558283
vn 3.534202 -2.178683 -2.178503
v -0.182642 0.085934 0.558283
vn -3.534324 -1.179136 -2.846391
v -1.287542 0.085691 0.558446
vn 3.534324 -1.179232 -2.846351
v -0.182642 0.085691 0.558446
vn -3.337980 -0.306453 -3.111241
v -1.287542 0.085404 0.558503
vn 3.337980 -0.306505 -3.111399
v -0.182642 0.085404 0.558503
vn -3.927001 1.110745 -2.681516
v -1.287542 0.084754 0.558503
vn 3.927002 1.110733 -2.681607
v -0.182642 0.084754 0.558503
vn -2.356183 1.110733 -2.681417
v -1.287542 0.083104 0.556853
vn 2.356183 1.110745 -2.681516
v -0.182642 0.083104 0.556853
vn -3.337980 0.306505 -3.111399
v -1.287542 0.082154 0.556853
vn 3.337980 0.306453 -3.111051
v -0.182642 0.082154 0.556853
vn -3.534141 1.178992 -2.846512
v -1.287542 0.081867 0.556796
vn 3.534141 1.178897 -2.846551
v -0.182642 0.081867 0.556796
vn -3.534385 2.178443 -2.178663
v -1.287542 0.081623 0.556633
vn 3.534385 2.178370 -2.178736
v -0.182642 0.081623 0.556633
vn -3.534354 2.846458 -1.178949
v -1.287542 0.081461 0.556390
vn 3.534355 2.846419 -1.179044
v -0.182642 0.081461 0.556390
vn -3.337900 3.111076 -0.306330
v -1.287542 0.081404 0.556103
vn 3.337900 3.111423 -0.306382
v -0.182642 0.081404 0.556103
vn -2.356185 2.681519 -1.110742
v -1.287542 0.081404 0.555153
vn 2.356185 2.681419 -1.110731
v -0.182642 0.081404 0.555153
vn -3.927000 2.681609 -1.110731
v -1.287542 0.079754 0.553503
vn 3.926999 2.681519 -1.110742
v -0.182642 0.079754 0.553503
vn -3.337977 -0.306501 3.111400
v -1.287542 0.054804 0.552103
vn -3.403425 0.406606 3.088067
v -1.287542 0.050154 0.552103
vn 3.337977 -0.306449 3.111132
v -0.182642 0.054804 0.552103
vn 3.403425 0.406601 3.088056
v -0.182642 0.050154 0.552103
vn -3.534320 -1.179219 2.846358
v -1.287542 0.055091 0.552160
vn 3.534320 -1.179123 2.846398
v -0.182642 0.055091 0.552160
vn -3.534209 -2.178674 2.178509
v -1.287542 0.055334 0.552322
vn 3.534209 -2.178601 2.178582
v -0.182642 0.055334 0.552322
vn -3.534302 -2.846442 1.179029
v -1.287542 0.055497 0.552566
vn 3.534302 -2.846403 1.179125
v -0.182642 0.055497 0.552566
vn -3.337953 -3.111250 0.306411
v -1.287542 0.055554 0.552853
vn 3.337952 -3.111407 0.306462
v -0.182642 0.055554 0.552853
vn -3.926999 -2.681520 -1.110741
v -1.287542 0.055554 0.553503
vn 3.926998 -2.681611 -1.110730
v -0.182642 0.055554 0.553503
vn -2.356187 -2.681421 -1.110730
v -1.287542 0.053904 0.555153
vn 2.356186 -2.681520 -1.110741
v -0.182642 0.053904 0.555153
vn -3.337913 -3.111419 -0.306401
v -1.287542 0.053904 0.556103
vn 3.337912 -3.111072 -0.306350
v -0.182642 0.053904 0.556103
vn -3.534342 -2.846415 -1.179064
v -1.287542 0.053847 0.556390
vn 3.534342 -2.846455 -1.178968
v -0.182642 0.053847 0.556390
vn -3.534378 -2.178380 -2.178730
v -1.287542 0.053684 0.556633
vn 3.534378 -2.178453 -2.178657
v -0.182642 0.053684 0.556633
vn -3.534148 -1.178906 -2.846545
v -1.287542 0.053441 0.556796
vn 3.534147 -1.179001 -2.846505
v -0.182642 0.053441 0.556796
vn -3.337980 -0.306453 -3.111051
v -1.287542 0.053154 0.556853
vn 3.337980 -0.306505 -3.111399
v -0.182642 0.053154 0.556853
vn -2.356184 -1.110744 -2.681517
v -1.287542 0.052204 0.556853
vn 2.356184 -1.110732 -2.681418
v -0.182642 0.052204 0.556853
vn -3.927001 -1.110732 -2.681608
v -1.287542 0.050554 0.558503
vn 3.927000 -1.110744 -2.681518
v -0.182642 0.050554 0.558503
vn -3.337980 0.306505 -3.111399
v -1.287542 0.049904 0.558503
vn 3.337979 0.306453 -3.111241
v -0.182642 0.049904 0.558503
vn -3.534317 1.179223 -2.846358
v -1.287542 0.049617 0.558446
vn 3.534317 1.179127 -2.846397
v -0.182642 0.049617 0.558446
vn -3.534209 2.178674 -2.178509
v -1.287542 0.049373 0.558283
vn 3.534209 2.178601 -2.178582
v -0.182642 0.049373 0.558283
vn -3.534302 2.846442 -1.179029
v -1.287542 0.049211 0.558040
vn 3.534302 2.846403 -1.179125
v -0.182642 0.049211 0.558040
vn -3.337952 3.111140 -0.306411
v -1.287542 0.049154 0.557753
vn 3.337952 3.111407 -0.306462
v -0.182642 0.049154 0.557753
vn -3.403377 3.088075 0.406529
v -1.287542 0.049154 0.553103
vn 3.403377 3.088086 0.406534
v -0.182642 0.049154 0.553103
vn -3.665202 2.628025 1.517249
v -1.287542 0.049288 0.552603
vn 3.665202 2.628019 1.517258
v -0.182642 0.049288 0.552603
vn -3.665164 1.517342 2.627989
v -1.287542 0.049654 0.552237
vn 3.665164 1.517333 2.627994
v -0.182642 0.049654 0.552237
vn -3.337952 3.111407 0.306462
v -1.287542 0.049154 0.583453
vn -3.403377 3.088086 -0.406534
v -1.287542 0.049154 0.588103
vn 3.337952 3.111139 0.306411
v -0.182642 0.049154 0.583453
vn 3.403377 3.088075 -0.406529
v -0.182642 0.049154 0.588103
vn -3.534302 2.846403 1.179125
v -1.287542 0.049211 0.583166
vn 3.534302 2.846442 1.179029
v -0.182642 0.049211 0.583166
vn -3.534209 2.178601 2.178582
v -1.287542 0.049373 0.582922
vn 3.534209 2.178674 2.178509
v -0.182642 0.049373 0.582922
vn -3.534317 1.179127 2.846397
v -1.287542 0.049617 0.582760
vn 3.534317 1.179223 2.846358
v -0.182642 0.049617 0.582760
vn -3.337979 0.306453 3.111241
v -1.287542 0.049904 0.582703
vn 3.337980 0.306505 3.111399
v -0.182642 0.049904 0.582703
vn -3.927001 -1.110744 2.681517
v -1.287542 0.050554 0.582703
vn 3.927001 -1.110732 2.681608
v -0.182642 0.050554 0.582703
vn -2.356184 -1.110732 2.681418
v -1.287542 0.052204 0.584353
vn 2.356184 -1.110744 2.681518
v -0.182642 0.052204 0.584353
vn -3.337780 -0.306197 3.111460
v -1.287542 0.053154 0.584353
vn 3.337780 -0.306145 3.111113
v -0.182642 0.053154 0.584353
vn -3.534517 -1.178915 2.846419
v -1.287542 0.053441 0.584410
vn 3.534517 -1.178819 2.846458
v -0.182642 0.053441 0.584410
vn -3.534209 -2.178674 2.178509
v -1.287542 0.053684 0.584572
vn 3.534209 -2.178601 2.178582
v -0.182642 0.053684 0.584572
vn -3.534342 -2.846455 1.178968
v -1.287542 0.053847 0.584816
vn 3.534342 -2.846415 1.179064
v -0.182642 0.053847 0.584816
vn -3.337912 -3.111072 0.306350
v -1.287542 0.053904 0.585103
vn 3.337913 -3.111419 0.306401
v -0.182642 0.053904 0.585103
vn -2.356187 -2.681520 1.110741
v -1.287542 0.053904 0.586053
vn 2.356187 -2.681421 1.110730
v -0.182642 0.053904 0.586053
vn -3.926999 -2.681611 1.110730
v -1.287542 0.055554 0.587703
vn 3.926999 -2.681520 1.110741
v -0.182642 0.055554 0.587703
vn -3.337952 -3.111407 -0.306462
v -1.287542 0.055554 0.588353
vn 3.337952 -3.111250 -0.306411
v -0.182642 0.055554 0.588353
vn -3.534302 -2.846403 -1.179125
v -1.287542 0.055497 0.588640
vn 3.534302 -2.846442 -1.179029
v -0.182642 0.055497 0.588640
vn -3.534209 -2.178601 -2.178582
v -1.287542 0.055334 0.588883
vn 3.534209 -2.178674 -2.178509
v -0.182642 0.055334 0.588883
vn -3.534519 -1.178815 -2.846459
v -1.287542 0.055091 0.589046
vn 3.534519 -1.178911 -2.846420
v -0.182642 0.055091 0.589046
vn -3.337777 -0.306142 -3.111193
v -1.287542 0.054804 0.589103
vn 3.337777 -0.306193 -3.111461
v -0.182642 0.054804 0.589103
vn -3.403313 0.406432 -3.088101
v -1.287542 0.050154 0.589103
vn 3.403313 0.406438 -3.088112
v -0.182642 0.050154 0.589103
vn -3.665275 1.517164 -2.628039
v -1.287542 0.049654 0.588969
vn 3.665275 1.517173 -2.628034
v -0.182642 0.049654 0.588969
vn -3.665202 2.628019 -1.517258
v -1.287542 0.049288 0.588603
vn 3.665202 2.628025 -1.517249
v -0.182642 0.049288 0.588603
vn 3.141593 0.000000 3.141601
v -0.182642 0.075704 0.555103
vn 1.570796 -1.570794 1.570760
v -0.182642 0.074654 0.555103
vn 1.570796 -1.570796 -1.570796
v -0.182642 0.074654 0.550603
vn 1.570796 -1.570801 1.570796
v -0.182642 0.047654 0.590603
vn 1.570788 1.570796 1.570801
v -0.182642 0.060654 0.590603
vn 4.712389 1.570796 -1.570799
v -0.182642 0.055954 0.586103
vn 1.570796 1.570794 -1.570796
v -0.182642 0.060654 0.586103
vn 1.570800 -1.570796 -1.570794
v -0.182642 0.047654 0.577603
vn 3.403393 1.896114 2.471062
v -0.182642 0.061206 0.579171
vn 3.926990 2.681542 1.110720
v -0.182642 0.055954 0.584423
vn 3.926984 -1.110709 -2.681516
v -0.182642 0.053834 0.582303
vn 1.570796 1.570799 -1.570796
v -0.182642 0.052154 0.577603
vn 4.712389 1.570796 -1.570820
v -0.182642 0.052154 0.582303
vn 3.665190 -0.785401 -2.931153
v -0.182642 0.069654 0.564603
vn 3.665209 -2.627981 1.517280
v -0.182642 0.071118 0.568603
vn 3.665175 -1.517264 2.628006
v -0.182642 0.069654 0.567139
vn 3.665192 0.785397 2.931143
v -0.182642 0.065654 0.576603
vn 3.665191 -0.785397 2.931131
v -0.182642 0.069654 0.576603
vn 3.665187 -2.931134 -0.785391
v -0.182642 0.061654 0.572603
vn 3.665201 0.785415 -2.931130
v -0.182642 0.065654 0.564603
vn 3.665198 -0.000001 3.034543
v -0.182642 0.067654 0.566603
vn 3.665179 1.517266 2.628004
v -0.182642 0.065654 0.567139
vn 3.665192 2.931146 -0.785399
v -0.182642 0.073654 0.572603
vn 3.665200 2.931124 0.785409
v -0.182642 0.073654 0.568603
vn 3.141564 2.720717 1.570784
v -0.182642 0.075704 0.565052
vn 6.283185 0.000000 0.000000
v -0.182642 0.075704 0.562553
vn 3.403402 -2.471066 -1.896116
v -0.182642 0.059086 0.577051
vn 3.665206 2.627985 1.517278
v -0.182642 0.064190 0.568603
vn 3.665192 -2.931142 0.785398
v -0.182642 0.061654 0.568603
vn 3.141547 1.570747 -2.720699
v -0.182642 0.062103 0.562553
vn 1.570803 1.570801 -1.570796
v -0.182642 0.087654 0.577603
vn 3.141590 0.000000 3.141592
v -0.182642 0.075704 0.590603
vn 4.712389 -1.570820 -1.570804
v -0.182642 0.079354 0.586103
vn 3.926988 -2.681520 1.110718
v -0.182642 0.079354 0.584423
vn 3.403393 -1.896131 2.471083
v -0.182642 0.074102 0.579171
vn 3.141572 2.720722 -1.570773
v -0.182642 0.075704 0.576153
vn 3.141595 -2.221443 2.221438
v -0.182642 0.075704 0.580773
vn 3.403417 2.471054 -1.896077
v -0.182642 0.076222 0.577051
vn 3.926986 1.110716 -2.681545
v -0.182642 0.081474 0.582303
vn 4.712388 -1.570799 -1.570796
v -0.182642 0.083154 0.582303
vn 1.570796 -1.570796 -1.570794
v -0.182642 0.083154 0.577603
vn 1.570796 -1.570794 1.570760
v -0.182642 0.074654 0.590603
vn 1.570796 -1.570796 -1.570796
v -0.182642 0.074654 0.586103
vn 3.141593 0.000000 -3.141556
v -0.182642 0.075704 0.586103
vn 1.570796 1.570796 -1.570796
v -0.182642 0.087654 0.550603
vn 3.141593 3.141592 0.000000
v -0.182642 0.087654 0.562553
vn 3.403393 -1.896106 -2.471050
v -0.182642 0.074102 0.562035
vn 3.141595 -2.221443 -2.221439
v -0.182642 0.075704 0.560433
vn 3.926988 -2.681543 -1.110718
v -0.182642 0.079354 0.556783
vn 3.141592 0.000000 -3.141556
v -0.182642 0.075704 0.550603
vn 3.926994 1.110722 2.681515
v -0.182642 0.081474 0.558903
vn 4.712389 -1.570804 1.570820
v -0.182642 0.083154 0.558903
vn 3.141593 -3.141556 0.000000
v -0.182642 0.083154 0.562553
vn 1.570796 1.570760 1.570794
v -0.182642 0.087654 0.563603
vn 1.570796 -1.570796 1.570796
v -0.182642 0.083154 0.563603
vn 4.712390 -1.570796 1.570796
v -0.182642 0.079354 0.555103
vn 3.403411 2.471103 1.896104
v -0.182642 0.076222 0.564155
vn 1.570796 1.570796 1.570799
v -0.182642 0.060654 0.555103
vn 4.712389 1.570820 1.570796
v -0.182642 0.055954 0.555103
vn 1.570796 -1.570796 -1.570801
v -0.182642 0.047654 0.550603
vn 3.403391 -2.471070 1.896120
v -0.182642 0.059086 0.564155
vn 3.141591 -2.221458 2.221455
v -0.182642 0.057484 0.562553
vn 3.403430 1.896071 -2.471098
v -0.182642 0.061206 0.562035
vn 3.141597 -3.141556 0.000000
v -0.182642 0.047654 0.562553
vn 3.926991 2.681512 -1.110713
v -0.182642 0.055954 0.556783
vn 1.570789 1.570794 -1.570796
v -0.182642 0.060654 0.550603
vn 3.926992 -1.110722 2.681538
v -0.182642 0.053834 0.558903
vn 4.712389 1.570796 1.570796
v -0.182642 0.052154 0.558903
vn 3.141593 3.141601 0.000000
v -0.182642 0.052154 0.562553
vn 1.570796 1.570760 1.570794
v -0.182642 0.052154 0.563603
vn 1.570796 -1.570796 1.570796
v -0.182642 0.047654 0.563603
vn -1.570788 1.570794 1.570796
v -1.287542 0.060654 0.590603
vn -1.570796 -1.570796 1.570801
v -1.287542 0.047654 0.590603
vn -1.570801 -1.570801 -1.570796
v -1.287542 0.047654 0.577603
vn -1.570796 1.570796 -1.570794
v -1.287542 0.052154 0.577603
vn -4.712388 1.570799 -1.570796
v -1.287542 0.052154 0.582303
vn -3.926984 -1.110716 -2.681546
v -1.287542 0.053834 0.582303
vn -3.403401 -2.471063 -1.896111
v -1.287542 0.059086 0.577051
vn -3.665187 -2.931147 -0.785390
v -1.287542 0.061654 0.572603
vn -3.665192 -2.931130 0.785399
v -1.287542 0.061654 0.568603
vn -3.403391 -2.471082 1.896133
v -1.287542 0.059086 0.564155
vn -3.926994 -1.110722 2.681515
v -1.287542 0.053834 0.558903
vn -3.141591 -2.221442 2.221439
v -1.287542 0.057484 0.562553
vn -4.712389 1.570804 1.570820
v -1.287542 0.052154 0.558903
vn -3.141593 3.141556 0.000000
v -1.287542 0.052154 0.562553
vn -1.570796 1.570796 1.570796
v -1.287542 0.052154 0.563603
vn -1.570796 -1.570760 1.570794
v -1.287542 0.047654 0.563603
vn -3.141597 -3.141592 0.000000
v -1.287542 0.047654 0.562553
vn -1.570796 -1.570796 -1.570796
v -1.287542 0.047654 0.550603
vn -1.570790 1.570796 -1.570801
v -1.287542 0.060654 0.550603
vn -1.570796 1.570794 1.570796
v -1.287542 0.060654 0.555103
vn -4.712390 1.570796 1.570799
v -1.287542 0.055954 0.555103
vn -3.926989 2.681542 -1.110720
v -1.287542 0.055954 0.556783
vn -3.403429 1.896052 -2.471070
v -1.287542 0.061206 0.562035
vn -3.665201 0.785411 -2.931139
v -1.287542 0.065654 0.564603
vn -3.141547 1.570764 -2.720727
v -1.287542 0.062103 0.562553
vn -3.665200 -0.785410 -2.931124
v -1.287542 0.069654 0.564603
vn -3.403430 -1.896086 -2.471112
v -1.287542 0.074102 0.562035
vn -3.141548 -1.570763 -2.720729
v -1.287542 0.073204 0.562553
vn -3.926990 -2.681518 -1.110718
v -1.287542 0.079354 0.556783
vn -4.712389 -1.570820 1.570804
v -1.287542 0.079354 0.555103
vn -3.141593 0.000000 3.141556
v -1.287542 0.075704 0.555103
vn -1.570796 -1.570796 1.570796
v -1.287542 0.074654 0.555103
vn -1.570796 -1.570794 -1.570760
v -1.287542 0.074654 0.550603
vn -3.141591 0.000000 -3.141592
v -1.287542 0.075704 0.550603
vn -1.570796 1.570796 -1.570796
v -1.287542 0.087654 0.550603
vn -3.141593 3.141556 0.000000
v -1.287542 0.087654 0.562553
vn -1.570796 1.570796 1.570796
v -1.287542 0.087654 0.563603
vn -1.570796 -1.570760 1.570794
v -1.287542 0.083154 0.563603
vn -3.141593 -3.141601 0.000000
v -1.287542 0.083154 0.562553
vn -4.712390 -1.570796 1.570796
v -1.287542 0.083154 0.558903
vn -3.926991 1.110722 2.681540
v -1.287542 0.081474 0.558903
vn -3.403388 2.471050 1.896107
v -1.287542 0.076222 0.564155
vn -3.141594 2.221445 2.221437
v -1.287542 0.077824 0.562553
vn -3.665195 2.931151 0.785405
v -1.287542 0.073654 0.568603
vn -3.665193 2.931137 -0.785403
v -1.287542 0.073654 0.572603
vn -3.403417 2.471082 -1.896096
v -1.287542 0.076222 0.577051
vn -3.141572 2.720694 -1.570757
v -1.287542 0.075704 0.576153
vn -3.926984 1.110710 -2.681515
v -1.287542 0.081474 0.582303
vn -4.712389 -1.570796 -1.570820
v -1.287542 0.083154 0.582303
vn -1.570796 -1.570799 -1.570796
v -1.287542 0.083154 0.577603
vn -1.570803 1.570796 -1.570794
v -1.287542 0.087654 0.577603
vn -3.141592 0.000004 3.141592
v -1.287542 0.087654 0.590603
vn -3.141591 0.000000 3.141556
v -1.287542 0.075704 0.590603
vn -1.570796 -1.570796 1.570796
v -1.287542 0.074654 0.590603
vn -1.570796 -1.570794 -1.570760
v -1.287542 0.074654 0.586103
vn -3.141593 0.000000 -3.141601
v -1.287542 0.075704 0.586103
vn -4.712389 -1.570796 -1.570796
v -1.287542 0.079354 0.586103
vn -3.926989 -2.681542 1.110718
v -1.287542 0.079354 0.584423
vn -3.403393 -1.896118 2.471071
v -1.287542 0.074102 0.579171
vn -3.141595 -2.221459 2.221454
v -1.287542 0.075704 0.580773
vn -3.665191 -0.785396 2.931143
v -1.287542 0.069654 0.576603
vn -3.665191 0.785398 2.931130
v -1.287542 0.065654 0.576603
vn -3.403393 1.896118 2.471066
v -1.287542 0.061206 0.579171
vn -3.926990 2.681512 1.110713
v -1.287542 0.055954 0.584423
vn -4.712390 1.570820 -1.570796
v -1.287542 0.055954 0.586103
vn -1.570796 1.570796 -1.570799
v -1.287542 0.060654 0.586103
vn -3.665206 2.627984 1.517277
v -1.287542 0.064190 0.568603
vn -3.665209 -2.627981 1.517280
v -1.287542 0.071118 0.568603
vn -6.283185 0.000000 0.000000
v -1.287542 0.075704 0.562553
vn -3.665179 1.517266 2.628004
v -1.287542 0.065654 0.567139
vn -3.665198 -0.000001 3.034544
v -1.287542 0.067654 0.566603
vn -3.665175 -1.517264 2.628006
v -1.287542 0.069654 0.567139
vn 1.570797 1.570796 1.570796
v -1.187517 0.099973 0.590603
vn 1.570796 1.570796 -1.570797
v -1.187517 0.099973 0.522404
vn -1.570796 1.570796 1.570797
v -1.287542 0.099973 0.590603
vn -1.570797 1.570796 -1.570796
v -1.287542 0.099973 0.522404
vn 1.570797 -1.570796 -1.570796
v -1.187517 0.087654 0.522404
vn 1.570796 -1.570796 1.570797
v -1.187517 0.087654 0.590603
vn -1.570796 -1.570796 -1.570797
v -1.287542 0.087654 0.522404
vn 3.034565 2.618040 -0.000006
v -1.125492 0.031654 0.469003
vn 3.034565 3.665145 -0.000006
v -1.125492 0.047654 0.469003
vn 2.627991 2.617962 -1.517252
v -1.124956 0.031654 0.471003
vn 2.627991 3.665223 -1.517252
v -1.124956 0.047654 0.471003
vn 1.517271 2.618011 -2.628002
v -1.123492 0.031654 0.472467
vn 1.517271 3.665175 -2.628003
v -1.123492 0.047654 0.472467
vn 0.000000 2.617981 -3.034541
v -1.121492 0.031654 0.473003
vn -0.000000 3.665204 -3.034541
v -1.121492 0.047654 0.473003
vn -1.517271 2.618010 -2.628003
v -1.119492 0.031654 0.472467
vn -1.517271 3.665175 -2.628002
v -1.119492 0.047654 0.472467
vn -2.627968 2.618018 -1.517336
v -1.118028 0.031654 0.471003
vn -2.627968 3.665167 -1.517336
v -1.118028 0.047654 0.471003
vn -3.034519 2.617930 -0.000006
v -1.117492 0.031654 0.469003
vn -3.034519 3.665256 -0.000006
v -1.117492 0.047654 0.469003
vn 1.517298 3.665215 -2.627964
v -1.123242 0.031654 0.472034
vn 0.000001 3.665192 -3.034542
v -1.121492 0.031654 0.472503
vn -1.517250 3.665167 -2.628022
v -1.119742 0.031654 0.472034
vn -2.627977 3.665246 -1.517250
v -1.118461 0.031654 0.470753
vn -3.034569 3.665124 -0.000007
v -1.117992 0.031654 0.469003
vn -2.627985 3.665251 1.517247
v -1.118461 0.031654 0.467253
vn -2.627969 2.618014 1.517330
v -1.118028 0.031654 0.467003
vn -1.517246 3.665168 2.628016
v -1.119742 0.031654 0.465972
vn -1.517271 2.618011 2.628002
v -1.119492 0.031654 0.465539
vn -0.000001 3.665192 3.034542
v -1.121492 0.031654 0.465503
vn -0.000000 2.617981 3.034541
v -1.121492 0.031654 0.465003
vn 1.517302 3.665214 2.627970
v -1.123242 0.031654 0.465972
vn 1.517271 2.618010 2.628003
v -1.123492 0.031654 0.465539
vn 2.628004 3.665140 1.517288
v -1.124523 0.031654 0.467253
vn 2.627992 2.617958 1.517246
v -1.124956 0.031654 0.467003
vn 3.034517 3.665251 -0.000005
v -1.124992 0.031654 0.469003
vn 2.628009 3.665136 -1.517298
v -1.124523 0.031654 0.470753
vn -3.034519 -2.617929 -0.000006
v -1.117492 -0.202421 0.469003
vn -3.034519 -3.665256 -0.000006
v -1.117492 -0.218421 0.469003
vn -2.627969 -2.618018 -1.517336
v -1.118028 -0.202421 0.471003
vn -2.627968 -3.665167 -1.517336
v -1.118028 -0.218421 0.471003
vn -1.517271 -2.618011 -2.628002
v -1.119492 -0.202421 0.472467
vn -1.517271 -3.665175 -2.628003
v -1.119492 -0.218421 0.472467
vn -0.000000 -2.617981 -3.034541
v -1.121492 -0.202421 0.473003
vn 0.000000 -3.665204 -3.034541
v -1.121492 -0.218421 0.473003
vn 1.517271 -2.618010 -2.628003
v -1.123492 -0.202421 0.472467
vn 1.517271 -3.665175 -2.628002
v -1.123492 -0.218421 0.472467
vn 2.627991 -2.617962 -1.517252
v -1.124956 -0.202421 0.471003
vn 2.627991 -3.665223 -1.517252
v -1.124956 -0.218421 0.471003
vn 3.034564 -2.618041 -0.000006
v -1.125492 -0.202421 0.469003
vn 3.034565 -3.665145 -0.000006
v -1.125492 -0.218421 0.469003
vn 3.034517 -3.665251 -0.000008
v -1.124992 -0.202421 0.469003
vn 2.628011 -3.665141 1.517292
v -1.124523 -0.202421 0.467253
vn 2.627993 -2.617958 1.517246
v -1.124956 -0.202421 0.467003
vn 1.517298 -3.665215 2.627964
v -1.123242 -0.202421 0.465972
vn 1.517271 -2.618011 2.628002
v -1.123492 -0.202421 0.465539
vn 0.000001 -3.665192 3.034542
v -1.121492 -0.202421 0.465503
vn 0.000000 -2.617981 3.034541
v -1.121492 -0.202421 0.465003
vn -1.517250 -3.665167 2.628022
v -1.119742 -0.202421 0.465972
vn -1.517271 -2.618010 2.628003
v -1.119492 -0.202421 0.465539
vn -2.627978 -3.665250 1.517244
v -1.118461 -0.202421 0.467253
vn -2.627970 -2.618014 1.517331
v -1.118028 -0.202421 0.467003
vn -3.034569 -3.665125 -0.000005
v -1.117992 -0.202421 0.469003
vn -2.627983 -3.665246 -1.517254
v -1.118461 -0.202421 0.470753
vn -1.517247 -3.665168 -2.628016
v -1.119742 -0.202421 0.472034
vn -0.000001 -3.665192 -3.034542
v -1.121492 -0.202421 0.472503
vn 1.517302 -3.665214 -2.627970
v -1.123242 -0.202421 0.472034
vn 2.628002 -3.665136 -1.517295
v -1.124523 -0.202421 0.470753
vn 2.681486 3.927018 1.110750
v -1.109392 0.047654 0.486103
vn 3.111356 3.337990 -0.306508
v -1.109392 0.047654 0.486753
vn 2.681509 -3.927017 1.110751
v -1.109392 -0.218421 0.486103
vn 3.111396 -3.337990 -0.306520
v -1.109392 -0.218421 0.486753
vn 2.681488 2.356167 1.110751
v -1.107742 0.047654 0.484453
vn 2.681486 -2.356167 1.110750
v -1.107742 -0.218421 0.484453
vn 3.111524 3.337570 0.305874
v -1.107742 0.047654 0.483503
vn 3.111463 -3.337570 0.305861
v -1.107742 -0.218421 0.483503
vn 2.846661 3.534748 1.178658
v -1.107685 0.047654 0.483216
vn 2.846671 -3.534747 1.178635
v -1.107685 -0.218421 0.483216
vn 2.178630 3.534209 2.178832
v -1.107522 0.047654 0.482972
vn 2.178647 -3.534209 2.178814
v -1.107522 -0.218421 0.482972
vn 1.179110 3.534283 2.846629
v -1.107279 0.047654 0.482810
vn 1.179133 -3.534283 2.846619
v -1.107279 -0.218421 0.482810
vn 0.306446 3.337950 3.111346
v -1.106992 0.047654 0.482753
vn 0.306459 -3.337950 3.111408
v -1.106992 -0.218421 0.482753
vn 1.110730 2.356185 2.681506
v -1.106042 0.047654 0.482753
vn 1.110731 -2.356185 2.681508
v -1.106042 -0.218421 0.482753
vn 1.110731 3.927000 2.681530
v -1.104392 0.047654 0.481103
vn 1.110730 -3.927000 2.681506
v -1.104392 -0.218421 0.481103
vn -0.306459 3.337950 3.111408
v -1.103742 0.047654 0.481103
vn -0.306446 -3.337950 3.111368
v -1.103742 -0.218421 0.481103
vn -1.179133 3.534283 2.846619
v -1.103455 0.047654 0.481160
vn -1.179110 -3.534283 2.846629
v -1.103455 -0.218421 0.481160
vn -2.178943 3.534548 2.178372
v -1.103212 0.047654 0.481322
vn -2.178926 -3.534548 2.178390
v -1.103212 -0.218421 0.481322
vn -2.846844 3.534009 1.178809
v -1.103049 0.047654 0.481566
vn -2.846835 -3.534009 1.178832
v -1.103049 -0.218421 0.481566
vn -3.111337 3.337970 0.306477
v -1.102992 0.047654 0.481853
vn -3.111402 -3.337970 0.306489
v -1.102992 -0.218421 0.481853
vn -3.088146 3.403204 -0.406267
v -1.102992 0.047654 0.486503
vn -3.088151 -3.403204 -0.406269
v -1.102992 -0.218421 0.486503
vn -2.627987 3.665461 -1.517080
v -1.103126 0.047654 0.487003
vn -2.627985 -3.665461 -1.517083
v -1.103126 -0.218421 0.487003
vn -1.517262 3.665061 -2.628069
v -1.103492 0.047654 0.487369
vn -1.517259 -3.665061 -2.628072
v -1.103492 -0.218421 0.487369
vn -0.406629 3.403441 -3.088055
v -1.103992 0.047654 0.487503
vn -0.406627 -3.403441 -3.088049
v -1.103992 -0.218421 0.487503
vn 0.306459 3.337950 -3.111408
v -1.108642 0.047654 0.487503
vn 0.306446 -3.337950 -3.111343
v -1.108642 -0.218421 0.487503
vn 1.179133 3.534283 -2.846619
v -1.108929 0.047654 0.487446
vn 1.179110 -3.534283 -2.846629
v -1.108929 -0.218421 0.487446
vn 2.178697 3.534265 -2.178740
v -1.109172 0.047654 0.487283
vn 2.178679 -3.534265 -2.178758
v -1.109172 -0.218421 0.487283
vn 2.846591 3.534272 -1.179208
v -1.109335 0.047654 0.487040
vn 2.846582 -3.534272 -1.179231
v -1.109335 -0.218421 0.487040
vn 3.111396 3.337990 0.306520
v -1.109392 0.047654 0.451253
vn 3.111356 -3.337989 0.306508
v -1.109392 -0.218421 0.451253
vn 2.846582 3.534272 1.179231
v -1.109335 0.047654 0.450966
vn 2.846591 -3.534272 1.179208
v -1.109335 -0.218421 0.450966
vn 2.178679 3.534265 2.178758
v -1.109172 0.047654 0.450722
vn 2.178697 -3.534265 2.178740
v -1.109172 -0.218421 0.450722
vn 1.178956 3.534383 2.846659
v -1.108929 0.047654 0.450560
vn 1.178979 -3.534383 2.846649
v -1.108929 -0.218421 0.450560
vn 0.306292 3.337850 3.111374
v -1.108642 0.047654 0.450503
vn 0.306305 -3.337850 3.111439
v -1.108642 -0.218421 0.450503
vn -0.406542 3.403386 3.088072
v -1.103992 0.047654 0.450503
vn -0.406544 -3.403386 3.088078
v -1.103992 -0.218421 0.450503
vn -1.517174 3.665116 2.628094
v -1.103492 0.047654 0.450637
vn -1.517178 -3.665116 2.628092
v -1.103492 -0.218421 0.450637
vn -2.627985 3.665461 1.517083
v -1.103126 0.047654 0.451003
vn -2.627987 -3.665461 1.517080
v -1.103126 -0.218421 0.451003
vn -3.088152 3.403204 0.406269
v -1.102992 0.047654 0.451503
vn -3.088146 -3.403204 0.406267
v -1.102992 -0.218421 0.451503
vn -3.111402 3.337970 -0.306489
v -1.102992 0.047654 0.456153
vn -3.111337 -3.337970 -0.306477
v -1.102992 -0.218421 0.456153
vn -2.846835 3.534009 -1.178832
v -1.103049 0.047654 0.456440
vn -2.846844 -3.534009 -1.178809
v -1.103049 -0.218421 0.456440
vn -2.178926 3.534548 -2.178390
v -1.103212 0.047654 0.456683
vn -2.178943 -3.534548 -2.178372
v -1.103212 -0.218421 0.456683
vn -1.179110 3.534283 -2.846629
v -1.103455 0.047654 0.456846
vn -1.179133 -3.534283 -2.846619
v -1.103455 -0.218421 0.456846
vn -0.306446 3.337950 -3.111368
v -1.103742 0.047654 0.456903
vn -0.306459 -3.337950 -3.111408
v -1.103742 -0.218421 0.456903
vn 1.110730 3.927000 -2.681506
v -1.104392 0.047654 0.456903
vn 1.110731 -3.927000 -2.681530
v -1.104392 -0.218421 0.456903
vn 1.110731 2.356185 -2.681508
v -1.106042 0.047654 0.455253
vn 1.110730 -2.356185 -2.681506
v -1.106042 -0.218421 0.455253
vn 0.306459 3.337950 -3.111408
v -1.106992 0.047654 0.455253
vn 0.306446 -3.337950 -3.111346
v -1.106992 -0.218421 0.455253
vn 1.179133 3.534283 -2.846619
v -1.107279 0.047654 0.455196
vn 1.179110 -3.534283 -2.846629
v -1.107279 -0.218421 0.455196
vn 2.178647 3.534209 -2.178814
v -1.107522 0.047654 0.455033
vn 2.178630 -3.534209 -2.178832
v -1.107522 -0.218421 0.455033
vn 2.846671 3.534748 -1.178635
v -1.107685 0.047654 0.454790
vn 2.846661 -3.534747 -1.178658
v -1.107685 -0.218421 0.454790
vn 3.111463 3.337570 -0.305861
v -1.107742 0.047654 0.454503
vn 3.111524 -3.337570 -0.305874
v -1.107742 -0.218421 0.454503
vn 2.681486 2.356167 -1.110750
v -1.107742 0.047654 0.453553
vn 2.681488 -2.356167 -1.110751
v -1.107742 -0.218421 0.453553
vn 2.681509 3.927018 -1.110751
v -1.109392 0.047654 0.451903
vn 2.681486 -3.927016 -1.110750
v -1.109392 -0.218421 0.451903
vn -0.306427 3.337929 3.111414
v -1.134342 0.047654 0.450503
vn 0.406454 3.403326 3.088102
v -1.138992 0.047654 0.450503
vn -0.306415 -3.337929 3.111350
v -1.134342 -0.218421 0.450503
vn 0.406452 -3.403326 3.088096
v -1.138992 -0.218421 0.450503
vn -1.179102 3.534304 2.846626
v -1.134055 0.047654 0.450560
vn -1.179078 -3.534304 2.846635
v -1.134055 -0.218421 0.450560
vn -2.178697 3.534265 2.178740
v -1.133812 0.047654 0.450722
vn -2.178679 -3.534265 2.178758
v -1.133812 -0.218421 0.450722
vn -2.846591 3.534272 1.179208
v -1.133649 0.047654 0.450966
vn -2.846582 -3.534272 1.179231
v -1.133649 -0.218421 0.450966
vn -3.111356 3.337989 0.306508
v -1.133592 0.047654 0.451253
vn -3.111396 -3.337989 0.306520
v -1.133592 -0.218421 0.451253
vn -2.681526 3.926981 -1.110710
v -1.133592 0.047654 0.451903
vn -2.681550 -3.926982 -1.110711
v -1.133592 -0.218421 0.451903
vn -2.681528 2.356204 -1.110711
v -1.135242 0.047654 0.453553
vn -2.681526 -2.356204 -1.110710
v -1.135242 -0.218421 0.453553
vn -3.111402 3.337970 -0.306489
v -1.135242 0.047654 0.454503
vn -3.111340 -3.337969 -0.306477
v -1.135242 -0.218421 0.454503
vn -2.846539 3.534348 -1.179274
v -1.135299 0.047654 0.454790
vn -2.846549 -3.534348 -1.179251
v -1.135299 -0.218421 0.454790
vn -2.178630 3.534209 -2.178832
v -1.135462 0.047654 0.455033
vn -2.178647 -3.534209 -2.178814
v -1.135462 -0.218421 0.455033
vn -1.179110 3.534283 -2.846629
v -1.135705 0.047654 0.455196
vn -1.179133 -3.534283 -2.846619
v -1.135705 -0.218421 0.455196
vn -0.306446 3.337950 -3.111346
v -1.135992 0.047654 0.455253
vn -0.306459 -3.337950 -3.111408
v -1.135992 -0.218421 0.455253
vn -1.110730 2.356185 -2.681506
v -1.136942 0.047654 0.455253
vn -1.110731 -2.356185 -2.681508
v -1.136942 -0.218421 0.455253
vn -1.110731 3.927000 -2.681530
v -1.138592 0.047654 0.456903
vn -1.110730 -3.926999 -2.681506
v -1.138592 -0.218421 0.456903
vn 0.306581 3.338029 -3.111383
v -1.139242 0.047654 0.456903
vn 0.306569 -3.338029 -3.111344
v -1.139242 -0.218421 0.456903
vn 1.179255 3.534204 -2.846595
v -1.139529 0.047654 0.456846
vn 1.179232 -3.534204 -2.846604
v -1.139529 -0.218421 0.456846
vn 2.178647 3.534209 -2.178814
v -1.139772 0.047654 0.456683
vn 2.178630 -3.534209 -2.178832
v -1.139772 -0.218421 0.456683
vn 2.846549 3.534348 -1.179251
v -1.139935 0.047654 0.456440
vn 2.846539 -3.534348 -1.179274
v -1.139935 -0.218421 0.456440
vn 3.111337 3.337970 -0.306477
v -1.139992 0.047654 0.456153
vn 3.111402 -3.337970 -0.306489
v -1.139992 -0.218421 0.456153
vn 3.088055 3.403426 0.406604
v -1.139992 0.047654 0.451503
vn 3.088061 -3.403426 0.406606
v -1.139992 -0.218421 0.451503
vn 2.628078 3.665076 1.517236
v -1.139858 0.047654 0.451003
vn 2.628076 -3.665076 1.517240
v -1.139858 -0.218421 0.451003
vn 1.517268 3.665339 2.627935
v -1.139492 0.047654 0.450637
vn 1.517265 -3.665339 2.627937
v -1.139492 -0.218421 0.450637
vn 3.111402 3.337970 0.306489
v -1.139992 0.047654 0.481853
vn 3.088061 3.403426 -0.406606
v -1.139992 0.047654 0.486503
vn 3.111337 -3.337970 0.306477
v -1.139992 -0.218421 0.481853
vn 3.088055 -3.403426 -0.406604
v -1.139992 -0.218421 0.486503
vn 2.846539 3.534348 1.179274
v -1.139935 0.047654 0.481566
vn 2.846549 -3.534348 1.179251
v -1.139935 -0.218421 0.481566
vn 2.178630 3.534209 2.178832
v -1.139772 0.047654 0.481322
vn 2.178647 -3.534209 2.178814
v -1.139772 -0.218421 0.481322
vn 1.179232 3.534204 2.846604
v -1.139529 0.047654 0.481160
vn 1.179255 -3.534204 2.846595
v -1.139529 -0.218421 0.481160
vn 0.306569 3.338029 3.111344
v -1.139242 0.047654 0.481103
vn 0.306581 -3.338029 3.111383
v -1.139242 -0.218421 0.481103
vn -1.110730 3.927000 2.681506
v -1.138592 0.047654 0.481103
vn -1.110731 -3.926999 2.681530
v -1.138592 -0.218421 0.481103
vn -1.110731 2.356185 2.681508
v -1.136942 0.047654 0.482753
vn -1.110730 -2.356185 2.681506
v -1.136942 -0.218421 0.482753
vn -0.306459 3.337950 3.111408
v -1.135992 0.047654 0.482753
vn -0.306446 -3.337950 3.111346
v -1.135992 -0.218421 0.482753
vn -1.179133 3.534283 2.846619
v -1.135705 0.047654 0.482810
vn -1.179110 -3.534283 2.846629
v -1.135705 -0.218421 0.482810
vn -2.178647 3.534209 2.178814
v -1.135462 0.047654 0.482972
vn -2.178630 -3.534209 2.178832
v -1.135462 -0.218421 0.482972
vn -2.846549 3.534348 1.179251
v -1.135299 0.047654 0.483216
vn -2.846539 -3.534348 1.179274
v -1.135299 -0.218421 0.483216
vn -3.111340 3.337970 0.306477
v -1.135242 0.047654 0.483503
vn -3.111402 -3.337970 0.306489
v -1.135242 -0.218421 0.483503
vn -2.681526 2.356204 1.110710
v -1.135242 0.047654 0.484453
vn -2.681528 -2.356204 1.110711
v -1.135242 -0.218421 0.484453
vn -2.681550 3.926982 1.110711
v -1.133592 0.047654 0.486103
vn -2.681526 -3.926982 1.110710
v -1.133592 -0.218421 0.486103
vn -3.111396 3.337989 -0.306520
v -1.133592 0.047654 0.486753
vn -3.111356 -3.337989 -0.306508
v -1.133592 -0.218421 0.486753
vn -2.846582 3.534272 -1.179231
v -1.133649 0.047654 0.487040
vn -2.846591 -3.534272 -1.179208
v -1.133649 -0.218421 0.487040
vn -2.178679 3.534265 -2.178758
v -1.133812 0.047654 0.487283
vn -2.178697 -3.534265 -2.178740
v -1.133812 -0.218421 0.487283
vn -1.179232 3.534204 -2.846604
v -1.134055 0.047654 0.487446
vn -1.179255 -3.534204 -2.846595
v -1.134055 -0.218421 0.487446
vn -0.306569 3.338029 -3.111320
v -1.134342 0.047654 0.487503
vn -0.306581 -3.338029 -3.111383
v -1.134342 -0.218421 0.487503
vn 0.406536 3.403382 -3.088073
v -1.138992 0.047654 0.487503
vn 0.406538 -3.403382 -3.088079
v -1.138992 -0.218421 0.487503
vn 1.517349 3.665283 -2.627914
v -1.139492 0.047654 0.487369
vn 1.517353 -3.665283 -2.627913
v -1.139492 -0.218421 0.487369
vn 2.628076 3.665076 -1.517240
v -1.139858 0.047654 0.487003
vn 2.628078 -3.665076 -1.517236
v -1.139858 -0.218421 0.487003
vn 0.000000 -3.141593 3.141591
v -1.113442 -0.218421 0.453503
vn -1.570797 -1.570796 1.570787
v -1.114492 -0.218421 0.453503
vn -1.570796 -1.570796 -1.570796
v -1.114492 -0.218421 0.449003
vn -1.570796 -1.570797 1.570796
v -1.141492 -0.218421 0.489003
vn 1.570796 -4.712389 -1.570797
v -1.133192 -0.218421 0.484503
vn 1.570797 -1.570796 -1.570796
v -1.128492 -0.218421 0.484503
vn 1.570796 -1.570798 1.570796
v -1.128492 -0.218421 0.489003
vn -1.570796 -1.570790 -1.570797
v -1.141492 -0.218421 0.476003
vn -0.785391 -3.665187 2.931144
v -1.119492 -0.218421 0.475003
vn 0.785390 -3.665186 2.931147
v -1.123492 -0.218421 0.475003
vn 2.681513 -3.926991 1.110721
v -1.133192 -0.218421 0.482823
vn -2.931142 -3.665190 -0.785395
v -1.127492 -0.218421 0.471003
vn -1.896126 -3.403416 2.471045
v -1.115044 -0.218421 0.477571
vn 1.570797 -1.570796 -1.570796
v -1.136992 -0.218421 0.476003
vn 1.570796 -4.712389 -1.570792
v -1.136992 -0.218421 0.480703
vn -1.110731 -3.926999 -2.681509
v -1.135312 -0.218421 0.480703
vn 1.896113 -3.403397 2.471075
v -1.127940 -0.218421 0.477571
vn 2.720670 -3.141665 -1.570851
v -1.113442 -0.218421 0.474553
vn 2.931159 -3.665175 -0.785375
v -1.115492 -0.218421 0.471003
vn 2.931153 -3.665174 0.785375
v -1.115492 -0.218421 0.467003
vn -2.627970 -3.665171 1.517330
v -1.118028 -0.218421 0.467003
vn 2.720667 -3.141665 1.570849
v -1.113442 -0.218421 0.463452
vn -2.471078 -3.403386 -1.896105
v -1.130060 -0.218421 0.475451
vn 0.000000 -6.283186 0.000000
v -1.113442 -0.218421 0.460953
vn -0.785392 -3.665187 -2.931151
v -1.119492 -0.218421 0.463003
vn -1.517271 -3.665175 2.628002
v -1.119492 -0.218421 0.465539
vn 0.785392 -3.665186 -2.931146
v -1.123492 -0.218421 0.463003
vn -0.000000 -3.665204 3.034541
v -1.121492 -0.218421 0.465003
vn 1.517271 -3.665175 2.628003
v -1.123492 -0.218421 0.465539
vn 1.570774 -3.141593 -2.720690
v -1.127043 -0.218421 0.460953
vn 2.627993 -3.665227 1.517246
v -1.124956 -0.218421 0.467003
vn -2.471093 -3.403375 1.896096
v -1.130060 -0.218421 0.462555
vn -2.931145 -3.665189 0.785394
v -1.127492 -0.218421 0.467003
vn 1.570796 -1.570797 1.570796
v -1.101492 -0.218421 0.489003
vn -1.570797 -4.712389 -1.570796
v -1.105992 -0.218421 0.480703
vn -1.570796 -1.570796 -1.570797
v -1.105992 -0.218421 0.476003
vn 1.570796 -1.570791 -1.570796
v -1.101492 -0.218421 0.476003
vn 0.000000 -3.141589 3.141593
v -1.113442 -0.218421 0.489003
vn 1.110718 -3.926989 -2.681516
v -1.107672 -0.218421 0.480703
vn -1.570797 -1.570796 1.570787
v -1.114492 -0.218421 0.489003
vn -1.570796 -1.570796 -1.570796
v -1.114492 -0.218421 0.484503
vn 0.000000 -3.141593 -3.141583
v -1.113442 -0.218421 0.484503
vn -1.570792 -4.712389 -1.570794
v -1.109792 -0.218421 0.484503
vn -2.681508 -3.926999 1.110730
v -1.109792 -0.218421 0.482823
vn 2.471007 -3.403338 -1.896189
v -1.112924 -0.218421 0.475451
vn -2.221452 -3.141566 2.221429
v -1.113442 -0.218421 0.479173
vn 1.570796 -1.570796 -1.570796
v -1.101492 -0.218421 0.449003
vn 3.141593 -3.141593 0.000000
v -1.101492 -0.218421 0.460953
vn -1.896123 -3.403416 -2.471037
v -1.115044 -0.218421 0.460435
vn -2.221450 -3.141566 -2.221427
v -1.113442 -0.218421 0.458833
vn -2.681504 -3.926999 -1.110730
v -1.109792 -0.218421 0.455183
vn 0.000000 -3.141588 -3.141583
v -1.113442 -0.218421 0.449003
vn -1.570795 -4.712389 1.570792
v -1.105992 -0.218421 0.457303
vn 1.110717 -3.926988 2.681520
v -1.107672 -0.218421 0.457303
vn -3.141583 -3.141593 0.000000
v -1.105992 -0.218421 0.460953
vn 1.570787 -1.570796 1.570797
v -1.101492 -0.218421 0.462003
vn -1.570796 -1.570796 1.570796
v -1.105992 -0.218421 0.462003
vn -1.570796 -4.712389 1.570796
v -1.109792 -0.218421 0.453503
vn 2.471018 -3.403338 1.896193
v -1.112924 -0.218421 0.462555
vn 1.570796 -1.570796 1.570797
v -1.128492 -0.218421 0.453503
vn 1.570792 -4.712389 1.570796
v -1.133192 -0.218421 0.453503
vn -1.570796 -1.570797 -1.570796
v -1.141492 -0.218421 0.449003
vn 2.681518 -3.926991 -1.110721
v -1.133192 -0.218421 0.455183
vn -2.221462 -3.141607 2.221411
v -1.131662 -0.218421 0.460953
vn 1.896113 -3.403396 -2.471074
v -1.127940 -0.218421 0.460435
vn 1.570797 -1.570797 -1.570796
v -1.128492 -0.218421 0.449003
vn -3.141583 -3.141596 0.000000
v -1.141492 -0.218421 0.460953
vn -1.110725 -3.926995 2.681508
v -1.135312 -0.218421 0.457303
vn 1.570796 -4.712389 1.570796
v -1.136992 -0.218421 0.457303
vn 3.141591 -3.141593 0.000000
v -1.136992 -0.218421 0.460953
vn 1.570787 -1.570797 1.570797
v -1.136992 -0.218421 0.462003
vn -1.570796 -1.570796 1.570796
v -1.141492 -0.218421 0.462003
vn -1.570783 3.141594 -2.720705
v -1.115941 0.047654 0.460953
vn 0.000000 6.283185 0.000000
v -1.113442 0.047654 0.460953
vn -1.896108 3.403396 -2.471068
v -1.115044 0.047654 0.460435
vn 1.570796 1.570796 -1.570797
v -1.128492 0.047654 0.484503
vn 1.570792 4.712389 -1.570796
v -1.133192 0.047654 0.484503
vn -1.570796 1.570797 1.570796
v -1.141492 0.047654 0.489003
vn -2.931145 3.665189 -0.785394
v -1.127492 0.047654 0.471003
vn -2.471082 3.403385 -1.896108
v -1.130060 0.047654 0.475451
vn 2.681518 3.926991 1.110721
v -1.133192 0.047654 0.482823
vn -1.896133 3.403416 2.471054
v -1.115044 0.047654 0.477571
vn -2.221448 3.141566 2.221425
v -1.113442 0.047654 0.479173
vn 2.720652 3.141666 -1.570840
v -1.113442 0.047654 0.474553
vn 1.570797 4.712389 -1.570796
v -1.136992 0.047654 0.480703
vn 1.570796 1.570796 -1.570797
v -1.136992 0.047654 0.476003
vn -1.570796 1.570790 -1.570796
v -1.141492 0.047654 0.476003
vn -1.110730 3.926999 -2.681504
v -1.135312 0.047654 0.480703
vn 1.570797 1.570798 1.570796
v -1.128492 0.047654 0.489003
vn 1.896111 3.403397 2.471071
v -1.127940 0.047654 0.477571
vn 0.785391 3.665187 2.931144
v -1.123492 0.047654 0.475003
vn 2.931149 3.665189 0.785396
v -1.115492 0.047654 0.467003
vn -1.517271 3.665174 2.628003
v -1.119492 0.047654 0.465539
vn -2.627970 3.665171 1.517331
v -1.118028 0.047654 0.467003
vn 2.931155 3.665174 -0.785376
v -1.115492 0.047654 0.471003
vn -2.931142 3.665189 0.785395
v -1.127492 0.047654 0.467003
vn 2.627993 3.665227 1.517246
v -1.124956 0.047654 0.467003
vn -2.471085 3.403375 1.896089
v -1.130060 0.047654 0.462555
vn -0.785390 3.665186 2.931147
v -1.119492 0.047654 0.475003
vn 1.570784 3.141593 -2.720708
v -1.127043 0.047654 0.460953
vn 1.517271 3.665175 2.628002
v -1.123492 0.047654 0.465539
vn 0.785391 3.665186 -2.931150
v -1.123492 0.047654 0.463003
vn 0.000000 3.665204 3.034541
v -1.121492 0.047654 0.465003
vn -0.785391 3.665186 -2.931144
v -1.119492 0.047654 0.463003
vn 2.471076 3.403375 1.896086
v -1.112924 0.047654 0.462555
vn 2.221446 3.141623 2.221432
v -1.111322 0.047654 0.460953
vn -1.570796 1.570797 -1.570796
v -1.141492 0.047654 0.449003
vn 1.570796 4.712389 1.570797
v -1.133192 0.047654 0.453503
vn 1.570797 1.570796 1.570796
v -1.128492 0.047654 0.453503
vn 1.570796 1.570797 -1.570796
v -1.128492 0.047654 0.449003
vn -3.141593 3.141597 0.000000
v -1.141492 0.047654 0.460953
vn 2.681513 3.926991 -1.110721
v -1.133192 0.047654 0.455183
vn -2.221466 3.141608 2.221416
v -1.131662 0.047654 0.460953
vn 1.896104 3.403396 -2.471058
v -1.127940 0.047654 0.460435
vn -1.110725 3.926995 2.681513
v -1.135312 0.047654 0.457303
vn 1.570795 4.712389 1.570792
v -1.136992 0.047654 0.457303
vn -1.570787 1.570796 1.570797
v -1.141492 0.047654 0.462003
vn 1.570796 1.570797 1.570796
v -1.136992 0.047654 0.462003
vn 3.141583 3.141593 0.000000
v -1.136992 0.047654 0.460953
vn 0.000000 3.141593 3.141583
v -1.113442 0.047654 0.453503
vn -1.570792 4.712389 1.570794
v -1.109792 0.047654 0.453503
vn 1.570796 1.570796 -1.570796
v -1.101492 0.047654 0.449003
vn 3.141583 3.141593 0.000000
v -1.101492 0.047654 0.460953
vn -2.681516 3.926990 -1.110720
v -1.109792 0.047654 0.455183
vn -3.141591 3.141593 0.000000
v -1.105992 0.047654 0.460953
vn -1.570796 4.712389 1.570796
v -1.105992 0.047654 0.457303
vn 1.110707 3.926979 2.681527
v -1.107672 0.047654 0.457303
vn 0.000000 3.141589 -3.141593
v -1.113442 0.047654 0.449003
vn -1.570797 1.570796 -1.570787
v -1.114492 0.047654 0.449003
vn -1.570796 1.570796 1.570796
v -1.114492 0.047654 0.453503
vn 1.570796 1.570796 1.570796
v -1.101492 0.047654 0.462003
vn -1.570787 1.570796 1.570797
v -1.105992 0.047654 0.462003
vn -2.681504 3.926999 1.110729
v -1.109792 0.047654 0.482823
vn -1.570796 4.712389 -1.570796
v -1.109792 0.047654 0.484503
vn 1.110718 3.926989 -2.681521
v -1.107672 0.047654 0.480703
vn 0.000000 3.141593 -3.141591
v -1.113442 0.047654 0.484503
vn 1.570796 1.570797 1.570796
v -1.101492 0.047654 0.489003
vn 1.570796 1.570790 -1.570797
v -1.101492 0.047654 0.476003
vn 2.471023 3.403339 -1.896198
v -1.112924 0.047654 0.475451
vn -1.570797 1.570796 -1.570796
v -1.105992 0.047654 0.476003
vn -1.570796 4.712389 -1.570792
v -1.105992 0.047654 0.480703
vn 0.000000 3.141589 3.141583
v -1.113442 0.047654 0.489003
vn -1.570797 1.570796 -1.570787
v -1.114492 0.047654 0.484503
vn -1.570796 1.570796 1.570796
v -1.114492 0.047654 0.489003
vn 1.570796 1.570796 1.570796
v -0.233442 -0.034584 0.674715
vn 1.570796 1.570796 -1.570796
v -0.233442 -0.034584 0.566765
vn -1.570796 1.570796 1.570796
v -0.423942 -0.034584 0.674715
vn -1.570796 1.570796 -1.570796
v -0.423942 -0.034584 0.566765
vn 1.570796 -1.570796 -1.570796
v -0.233442 -0.136184 0.566765
vn 1.570796 -1.570796 1.570796
v -0.233442 -0.136184 0.674715
vn -1.570796 -1.570796 -1.570796
v -0.423942 -0.136184 0.566765
vn -1.570796 -1.570796 1.570796
v -0.423942 -0.136184 0.674715
vn 1.570796 1.570796 1.570796
v -0.208042 0.087654 0.595378
vn -1.570801 1.570796 1.570796
v -0.233442 0.087654 0.595378
vn 1.570801 -1.570796 1.570796
v -0.208042 -0.258421 0.595378
vn -1.570796 -1.570796 1.570796
v -0.233442 -0.258421 0.595378
vn -1.570796 1.570796 -1.570796
v -0.233442 0.087654 0.590603
vn 1.570801 1.570796 -1.570796
v -0.208042 0.087654 0.590603
vn -1.570801 -1.570796 -1.570796
v -0.233442 -0.258421 0.590603
vn 1.570796 -1.570796 -1.570796
v -0.208042 -0.258421 0.590603
# 4873 vertices, 0 vertices normals

f 1//1 2//2 3//3
f 3//3 2//2 4//4
f 3//3 4//4 5//5
f 5//5 4//4 6//6
f 5//5 6//6 7//7
f 7//7 6//6 8//8
f 7//7 8//8 9//9
f 9//9 8//8 10//10
f 9//9 10//10 11//11
f 11//11 10//10 12//12
f 11//11 12//12 13//13
f 13//13 12//12 14//14
f 15//15 5//5 16//16
f 16//16 5//5 7//7
f 16//16 7//7 17//17
f 17//17 7//7 9//9
f 17//17 9//9 18//18
f 18//18 9//9 11//11
f 18//18 11//11 19//19
f 19//19 11//11 13//13
f 19//19 13//13 20//20
f 20//20 13//13 21//21
f 20//20 21//21 22//22
f 22//22 21//21 23//23
f 22//22 23//23 24//24
f 24//24 23//23 25//25
f 24//24 25//25 26//26
f 26//26 25//25 27//27
f 26//26 27//27 28//28
f 28//28 27//27 29//29
f 28//28 29//29 30//30
f 30//30 29//29 1//1
f 30//30 1//1 31//31
f 31//31 1//1 3//3
f 31//31 3//3 15//15
f 15//15 3//3 5//5
f 32//32 33//33 34//34
f 34//34 33//33 35//35
f 34//34 35//35 36//36
f 36//36 35//35 37//37
f 36//36 37//37 38//38
f 38//38 37//37 39//39
f 38//38 39//39 40//40
f 40//40 39//39 41//41
f 40//40 41//41 42//42
f 42//42 41//41 43//43
f 42//42 43//43 44//44
f 44//44 43//43 45//45
f 46//46 44//44 47//47
f 47//47 44//44 48//48
f 47//47 48//48 49//49
f 49//49 48//48 50//50
f 49//49 50//50 51//51
f 51//51 50//50 52//52
f 51//51 52//52 53//53
f 53//53 52//52 54//54
f 53//53 54//54 55//55
f 55//55 54//54 56//56
f 55//55 56//56 57//57
f 57//57 56//56 32//32
f 57//57 32//32 58//58
f 58//58 32//32 34//34
f 58//58 34//34 59//59
f 59//59 34//34 36//36
f 59//59 36//36 60//60
f 60//60 36//36 38//38
f 60//60 38//38 61//61
f 61//61 38//38 40//40
f 61//61 40//40 62//62
f 62//62 40//40 42//42
f 62//62 42//42 46//46
f 46//46 42//42 44//44
f 63//63 64//64 65//65
f 65//65 64//64 66//66
f 67//67 63//63 68//68
f 68//68 63//63 65//65
f 69//69 67//67 70//70
f 70//70 67//67 68//68
f 69//69 70//70 71//71
f 71//71 70//70 72//72
f 71//71 72//72 73//73
f 73//73 72//72 74//74
f 73//73 74//74 75//75
f 75//75 74//74 76//76
f 75//75 76//76 77//77
f 77//77 76//76 78//78
f 79//79 77//77 80//80
f 80//80 77//77 78//78
f 81//81 79//79 82//82
f 82//82 79//79 80//80
f 83//83 81//81 84//84
f 84//84 81//81 82//82
f 83//83 84//84 85//85
f 85//85 84//84 86//86
f 85//85 86//86 87//87
f 87//87 86//86 88//88
f 87//87 88//88 89//89
f 89//89 88//88 90//90
f 89//89 90//90 91//91
f 91//91 90//90 92//92
f 93//93 91//91 94//94
f 94//94 91//91 92//92
f 93//93 94//94 95//95
f 95//95 94//94 96//96
f 95//95 96//96 97//97
f 97//97 96//96 98//98
f 97//97 98//98 99//99
f 99//99 98//98 100//100
f 101//101 99//99 102//102
f 102//102 99//99 100//100
f 101//101 102//102 103//103
f 103//103 102//102 104//104
f 103//103 104//104 105//105
f 105//105 104//104 106//106
f 105//105 106//106 107//107
f 107//107 106//106 108//108
f 107//107 108//108 64//64
f 64//64 108//108 66//66
f 109//109 110//110 111//111
f 111//111 110//110 112//112
f 111//111 112//112 113//113
f 113//113 112//112 114//114
f 113//113 114//114 115//115
f 115//115 114//114 116//116
f 115//115 116//116 117//117
f 117//117 116//116 118//118
f 119//119 117//117 120//120
f 120//120 117//117 118//118
f 119//119 120//120 121//121
f 121//121 120//120 122//122
f 121//121 122//122 123//123
f 123//123 122//122 124//124
f 123//123 124//124 125//125
f 125//125 124//124 126//126
f 127//127 125//125 128//128
f 128//128 125//125 126//126
f 127//127 128//128 129//129
f 129//129 128//128 130//130
f 129//129 130//130 131//131
f 131//131 130//130 132//132
f 131//131 132//132 133//133
f 133//133 132//132 134//134
f 133//133 134//134 135//135
f 135//135 134//134 136//136
f 137//137 135//135 138//138
f 138//138 135//135 136//136
f 139//139 137//137 140//140
f 140//140 137//137 138//138
f 141//141 139//139 142//142
f 142//142 139//139 140//140
f 141//141 142//142 143//143
f 143//143 142//142 144//144
f 143//143 144//144 145//145
f 145//145 144//144 146//146
f 145//145 146//146 147//147
f 147//147 146//146 148//148
f 147//147 148//148 149//149
f 149//149 148//148 150//150
f 151//151 149//149 152//152
f 152//152 149//149 150//150
f 153//153 151//151 154//154
f 154//154 151//151 152//152
f 109//109 153//153 110//110
f 110//110 153//153 154//154
f 19//19 57//57 18//18
f 18//18 57//57 58//58
f 18//18 58//58 17//17
f 17//17 58//58 59//59
f 17//17 59//59 16//16
f 16//16 59//59 60//60
f 16//16 60//60 15//15
f 15//15 60//60 61//61
f 15//15 61//61 31//31
f 31//31 61//61 62//62
f 31//31 62//62 30//30
f 30//30 62//62 46//46
f 155//155 156//156 157//157
f 157//157 156//156 158//158
f 155//155 157//157 159//159
f 159//159 157//157 160//160
f 159//159 160//160 161//161
f 161//161 160//160 162//162
f 161//161 162//162 163//163
f 163//163 162//162 164//164
f 163//163 164//164 165//165
f 165//165 164//164 166//166
f 167//167 165//165 168//168
f 168//168 165//165 166//166
f 169//169 167//167 170//170
f 170//170 167//167 168//168
f 171//171 169//169 172//172
f 172//172 169//169 170//170
f 171//171 172//172 173//173
f 173//173 172//172 174//174
f 173//173 174//174 175//175
f 175//175 174//174 176//176
f 175//175 176//176 177//177
f 177//177 176//176 178//178
f 177//177 178//178 179//179
f 179//179 178//178 180//180
f 181//181 179//179 182//182
f 182//182 179//179 180//180
f 183//183 181//181 184//184
f 184//184 181//181 182//182
f 185//185 183//183 186//186
f 186//186 183//183 184//184
f 185//185 186//186 187//187
f 187//187 186//186 188//188
f 187//187 188//188 189//189
f 189//189 188//188 190//190
f 189//189 190//190 191//191
f 191//191 190//190 192//192
f 191//191 192//192 193//193
f 193//193 192//192 194//194
f 195//195 193//193 196//196
f 196//196 193//193 194//194
f 195//195 196//196 197//197
f 197//197 196//196 198//198
f 197//197 198//198 199//199
f 199//199 198//198 200//200
f 199//199 200//200 156//156
f 156//156 200//200 158//158
f 201//201 202//202 203//203
f 203//203 202//202 204//204
f 201//201 203//203 205//205
f 205//205 203//203 206//206
f 205//205 206//206 207//207
f 207//207 206//206 208//208
f 207//207 208//208 209//209
f 209//209 208//208 210//210
f 209//209 210//210 211//211
f 211//211 210//210 212//212
f 213//213 211//211 214//214
f 214//214 211//211 212//212
f 215//215 213//213 216//216
f 216//216 213//213 214//214
f 217//217 215//215 218//218
f 218//218 215//215 216//216
f 217//217 218//218 219//219
f 219//219 218//218 220//220
f 219//219 220//220 221//221
f 221//221 220//220 222//222
f 221//221 222//222 223//223
f 223//223 222//222 224//224
f 223//223 224//224 225//225
f 225//225 224//224 226//226
f 227//227 225//225 228//228
f 228//228 225//225 226//226
f 229//229 227//227 230//230
f 230//230 227//227 228//228
f 231//231 229//229 232//232
f 232//232 229//229 230//230
f 231//231 232//232 233//233
f 233//233 232//232 234//234
f 233//233 234//234 235//235
f 235//235 234//234 236//236
f 235//235 236//236 237//237
f 237//237 236//236 238//238
f 237//237 238//238 239//239
f 239//239 238//238 240//240
f 241//241 239//239 242//242
f 242//242 239//239 240//240
f 241//241 242//242 243//243
f 243//243 242//242 244//244
f 243//243 244//244 245//245
f 245//245 244//244 246//246
f 245//245 246//246 202//202
f 202//202 246//246 204//204
f 247//247 248//248 249//249
f 250//250 246//246 244//244
f 212//212 210//210 251//251
f 251//251 210//210 208//208
f 252//252 220//220 218//218
f 45//45 43//43 253//253
f 212//212 251//251 214//214
f 214//214 251//251 254//254
f 214//214 254//254 255//255
f 208//208 206//206 251//251
f 251//251 206//206 203//203
f 251//251 203//203 250//250
f 250//250 203//203 204//204
f 250//250 204//204 246//246
f 236//236 234//234 256//256
f 256//256 234//234 232//232
f 256//256 232//232 230//230
f 244//244 242//242 250//250
f 250//250 242//242 240//240
f 250//250 240//240 256//256
f 256//256 240//240 238//238
f 256//256 238//238 236//236
f 252//252 218//218 255//255
f 255//255 218//218 216//216
f 255//255 216//216 214//214
f 228//228 226//226 230//230
f 230//230 226//226 224//224
f 230//230 224//224 252//252
f 252//252 224//224 222//222
f 252//252 222//222 220//220
f 41//41 39//39 257//257
f 257//257 39//39 258//258
f 259//259 260//260 252//252
f 252//252 260//260 261//261
f 252//252 261//261 230//230
f 230//230 261//261 262//262
f 230//230 262//262 256//256
f 252//252 263//263 259//259
f 259//259 263//263 253//253
f 259//259 253//253 257//257
f 257//257 253//253 43//43
f 257//257 43//43 41//41
f 264//264 265//265 266//266
f 266//266 265//265 267//267
f 266//266 267//267 33//33
f 33//33 267//267 268//268
f 33//33 268//268 35//35
f 35//35 268//268 37//37
f 269//269 270//270 271//271
f 271//271 270//270 272//272
f 270//270 273//273 274//274
f 45//45 253//253 273//273
f 273//273 253//253 275//275
f 273//273 275//275 274//274
f 98//98 96//96 276//276
f 277//277 84//84 82//82
f 277//277 278//278 84//84
f 84//84 278//278 279//279
f 84//84 279//279 86//86
f 86//86 279//279 88//88
f 96//96 94//94 276//276
f 276//276 94//94 92//92
f 276//276 92//92 279//279
f 279//279 92//92 90//90
f 279//279 90//90 88//88
f 65//65 66//66 280//280
f 280//280 66//66 108//108
f 280//280 108//108 106//106
f 82//82 80//80 277//277
f 277//277 80//80 78//78
f 277//277 78//78 281//281
f 281//281 78//78 76//76
f 106//106 104//104 280//280
f 280//280 104//104 102//102
f 280//280 102//102 276//276
f 276//276 102//102 100//100
f 276//276 100//100 98//98
f 76//76 74//74 281//281
f 281//281 74//74 72//72
f 281//281 72//72 65//65
f 65//65 72//72 70//70
f 65//65 70//70 68//68
f 282//282 283//283 280//280
f 280//280 283//283 284//284
f 280//280 284//284 65//65
f 65//65 284//284 285//285
f 65//65 285//285 281//281
f 281//281 285//285 286//286
f 281//281 286//286 287//287
f 287//287 286//286 288//288
f 287//287 288//288 289//289
f 289//289 288//288 290//290
f 289//289 290//290 268//268
f 268//268 290//290 258//258
f 268//268 258//258 37//37
f 37//37 258//258 39//39
f 291//291 124//124 122//122
f 292//292 128//128 291//291
f 291//291 128//128 126//126
f 291//291 126//126 124//124
f 269//269 271//271 264//264
f 264//264 271//271 293//293
f 264//264 293//293 265//265
f 265//265 293//293 294//294
f 265//265 294//294 295//295
f 295//295 294//294 296//296
f 295//295 296//296 297//297
f 136//136 134//134 292//292
f 114//114 112//112 298//298
f 298//298 112//112 110//110
f 136//136 292//292 138//138
f 134//134 132//132 292//292
f 292//292 132//132 130//130
f 292//292 130//130 128//128
f 122//122 120//120 291//291
f 291//291 120//120 118//118
f 291//291 118//118 298//298
f 298//298 118//118 116//116
f 298//298 116//116 114//114
f 152//152 150//150 154//154
f 154//154 150//150 148//148
f 154//154 148//148 299//299
f 299//299 148//148 146//146
f 146//146 144//144 299//299
f 299//299 144//144 142//142
f 299//299 142//142 300//300
f 300//300 142//142 140//140
f 140//140 138//138 300//300
f 300//300 138//138 292//292
f 300//300 292//292 301//301
f 301//301 292//292 302//302
f 301//301 302//302 303//303
f 249//249 298//298 247//247
f 247//247 298//298 110//110
f 247//247 110//110 304//304
f 304//304 110//110 154//154
f 304//304 154//154 297//297
f 297//297 154//154 299//299
f 297//297 299//299 295//295
f 295//295 299//299 305//305
f 295//295 305//305 265//265
f 168//168 306//306 307//307
f 200//200 198//198 308//308
f 178//178 176//176 309//309
f 270//270 274//274 272//272
f 272//272 274//274 310//310
f 272//272 310//310 311//311
f 164//164 162//162 312//312
f 190//190 188//188 313//313
f 313//313 188//188 186//186
f 311//311 310//310 309//309
f 309//309 310//310 314//314
f 309//309 314//314 315//315
f 198//198 196//196 308//308
f 308//308 196//196 194//194
f 308//308 194//194 313//313
f 313//313 194//194 192//192
f 313//313 192//192 190//190
f 182//182 180//180 184//184
f 184//184 180//180 178//178
f 162//162 160//160 312//312
f 312//312 160//160 157//157
f 312//312 157//157 308//308
f 308//308 157//157 158//158
f 308//308 158//158 200//200
f 176//176 174//174 309//309
f 309//309 174//174 172//172
f 309//309 172//172 307//307
f 307//307 172//172 170//170
f 307//307 170//170 168//168
f 306//306 168//168 312//312
f 312//312 168//168 166//166
f 312//312 166//166 164//164
f 178//178 309//309 184//184
f 184//184 309//309 315//315
f 184//184 315//315 186//186
f 186//186 315//315 316//316
f 186//186 316//316 313//313
f 313//313 316//316 317//317
f 313//313 317//317 318//318
f 319//319 320//320 321//321
f 229//229 322//322 323//323
f 243//243 245//245 324//324
f 325//325 326//326 2//2
f 213//213 215//215 217//217
f 323//323 327//327 221//221
f 221//221 327//327 219//219
f 328//328 329//329 330//330
f 331//331 211//211 213//213
f 331//331 332//332 211//211
f 211//211 332//332 333//333
f 211//211 333//333 209//209
f 209//209 333//333 207//207
f 227//227 229//229 225//225
f 225//225 229//229 323//323
f 225//225 323//323 223//223
f 223//223 323//323 221//221
f 217//217 219//219 213//213
f 213//213 219//219 327//327
f 213//213 327//327 331//331
f 331//331 327//327 334//334
f 245//245 202//202 324//324
f 324//324 202//202 201//201
f 324//324 201//201 333//333
f 333//333 201//201 205//205
f 333//333 205//205 207//207
f 335//335 233//233 235//235
f 322//322 229//229 335//335
f 335//335 229//229 231//231
f 335//335 231//231 233//233
f 235//235 237//237 335//335
f 335//335 237//237 239//239
f 335//335 239//239 324//324
f 324//324 239//239 241//241
f 324//324 241//241 243//243
f 334//334 327//327 326//326
f 326//326 327//327 336//336
f 326//326 336//336 337//337
f 338//338 339//339 340//340
f 337//337 8//8 6//6
f 338//338 340//340 341//341
f 341//341 340//340 14//14
f 341//341 14//14 12//12
f 325//325 2//2 342//342
f 342//342 2//2 343//343
f 342//342 343//343 344//344
f 337//337 6//6 326//326
f 326//326 6//6 4//4
f 326//326 4//4 2//2
f 328//328 330//330 345//345
f 8//8 337//337 10//10
f 10//10 337//337 345//345
f 10//10 345//345 12//12
f 12//12 345//345 330//330
f 12//12 330//330 341//341
f 346//346 347//347 348//348
f 348//348 347//347 349//349
f 348//348 349//349 350//350
f 350//350 349//349 339//339
f 350//350 339//339 319//319
f 319//319 339//339 338//338
f 319//319 338//338 320//320
f 320//320 338//338 351//351
f 320//320 351//351 352//352
f 179//179 181//181 183//183
f 197//197 199//199 353//353
f 354//354 165//165 167//167
f 355//355 193//193 353//353
f 353//353 193//193 195//195
f 353//353 195//195 197//197
f 199//199 156//156 353//353
f 353//353 156//156 155//155
f 353//353 155//155 356//356
f 356//356 155//155 159//159
f 356//356 159//159 161//161
f 179//179 183//183 177//177
f 177//177 183//183 357//357
f 177//177 357//357 175//175
f 354//354 358//358 165//165
f 165//165 358//358 356//356
f 165//165 356//356 163//163
f 163//163 356//356 161//161
f 187//187 189//189 355//355
f 355//355 189//189 191//191
f 355//355 191//191 193//193
f 343//343 347//347 344//344
f 344//344 347//347 346//346
f 344//344 346//346 359//359
f 359//359 346//346 360//360
f 359//359 360//360 361//361
f 361//361 360//360 357//357
f 361//361 357//357 362//362
f 362//362 357//357 183//183
f 362//362 183//183 355//355
f 355//355 183//183 185//185
f 355//355 185//185 187//187
f 167//167 169//169 354//354
f 354//354 169//169 171//171
f 354//354 171//171 357//357
f 357//357 171//171 173//173
f 357//357 173//173 175//175
f 363//363 364//364 355//355
f 355//355 364//364 365//365
f 355//355 365//365 362//362
f 153//153 366//366 367//367
f 121//121 123//123 368//368
f 131//131 133//133 369//369
f 143//143 145//145 370//370
f 371//371 135//135 372//372
f 372//372 135//135 137//137
f 137//137 139//139 141//141
f 352//352 373//373 320//320
f 320//320 373//373 370//370
f 320//320 370//370 321//321
f 373//373 372//372 370//370
f 370//370 372//372 137//137
f 370//370 137//137 143//143
f 143//143 137//137 141//141
f 153//153 109//109 374//374
f 374//374 109//109 111//111
f 374//374 111//111 113//113
f 145//145 147//147 370//370
f 370//370 147//147 149//149
f 370//370 149//149 367//367
f 367//367 149//149 151//151
f 367//367 151//151 153//153
f 113//113 115//115 374//374
f 374//374 115//115 117//117
f 374//374 117//117 368//368
f 368//368 117//117 119//119
f 368//368 119//119 121//121
f 123//123 125//125 368//368
f 368//368 125//125 127//127
f 368//368 127//127 369//369
f 369//369 127//127 129//129
f 369//369 129//129 131//131
f 153//153 374//374 366//366
f 366//366 374//374 375//375
f 366//366 375//375 376//376
f 133//133 135//135 369//369
f 369//369 135//135 371//371
f 369//369 371//371 377//377
f 377//377 371//371 378//378
f 379//379 380//380 381//381
f 67//67 380//380 63//63
f 63//63 380//380 382//382
f 63//63 382//382 64//64
f 383//383 95//95 97//97
f 83//83 85//85 384//384
f 384//384 85//85 87//87
f 64//64 385//385 107//107
f 107//107 385//385 105//105
f 379//379 381//381 329//329
f 329//329 381//381 386//386
f 329//329 386//386 330//330
f 83//83 384//384 81//81
f 81//81 384//384 387//387
f 81//81 387//387 388//388
f 87//87 89//89 384//384
f 384//384 89//89 91//91
f 384//384 91//91 383//383
f 383//383 91//91 93//93
f 383//383 93//93 95//95
f 73//73 381//381 71//71
f 71//71 381//381 380//380
f 71//71 380//380 69//69
f 69//69 380//380 67//67
f 73//73 75//75 381//381
f 381//381 75//75 77//77
f 381//381 77//77 388//388
f 388//388 77//77 79//79
f 388//388 79//79 81//81
f 97//97 99//99 383//383
f 383//383 99//99 101//101
f 383//383 101//101 385//385
f 385//385 101//101 103//103
f 385//385 103//103 105//105
f 64//64 382//382 385//385
f 385//385 382//382 389//389
f 385//385 389//389 390//390
f 335//335 324//324 256//256
f 256//256 324//324 250//250
f 324//324 333//333 250//250
f 250//250 333//333 251//251
f 333//333 332//332 251//251
f 251//251 332//332 254//254
f 332//332 331//331 254//254
f 254//254 331//331 255//255
f 331//331 334//334 255//255
f 255//255 334//334 252//252
f 334//334 326//326 252//252
f 252//252 326//326 263//263
f 326//326 325//325 263//263
f 263//263 325//325 253//253
f 325//325 342//342 253//253
f 253//253 342//342 275//275
f 342//342 344//344 275//275
f 275//275 344//344 274//274
f 361//361 314//314 359//359
f 359//359 314//314 310//310
f 359//359 310//310 344//344
f 344//344 310//310 274//274
f 361//361 362//362 314//314
f 314//314 362//362 315//315
f 315//315 362//362 316//316
f 316//316 362//362 365//365
f 316//316 365//365 317//317
f 317//317 365//365 364//364
f 364//364 363//363 317//317
f 317//317 363//363 318//318
f 318//318 363//363 313//313
f 313//313 363//363 355//355
f 313//313 355//355 308//308
f 308//308 355//355 353//353
f 353//353 356//356 308//308
f 308//308 356//356 312//312
f 356//356 358//358 312//312
f 312//312 358//358 306//306
f 358//358 354//354 306//306
f 306//306 354//354 307//307
f 354//354 357//357 307//307
f 307//307 357//357 309//309
f 357//357 360//360 309//309
f 309//309 360//360 311//311
f 348//348 271//271 346//346
f 346//346 271//271 272//272
f 346//346 272//272 360//360
f 360//360 272//272 311//311
f 348//348 350//350 271//271
f 271//271 350//350 293//293
f 321//321 294//294 319//319
f 319//319 294//294 293//293
f 319//319 293//293 350//350
f 294//294 321//321 296//296
f 296//296 321//321 370//370
f 296//296 370//370 297//297
f 370//370 367//367 297//297
f 297//297 367//367 304//304
f 304//304 367//367 247//247
f 247//247 367//367 366//366
f 247//247 366//366 248//248
f 248//248 366//366 376//376
f 376//376 375//375 248//248
f 248//248 375//375 249//249
f 249//249 375//375 298//298
f 298//298 375//375 374//374
f 298//298 374//374 291//291
f 291//291 374//374 368//368
f 291//291 368//368 292//292
f 292//292 368//368 369//369
f 292//292 369//369 302//302
f 302//302 369//369 377//377
f 377//377 378//378 302//302
f 302//302 378//378 303//303
f 303//303 378//378 301//301
f 301//301 378//378 371//371
f 301//301 371//371 300//300
f 300//300 371//371 372//372
f 372//372 373//373 300//300
f 300//300 373//373 299//299
f 351//351 305//305 352//352
f 352//352 305//305 299//299
f 352//352 299//299 373//373
f 305//305 351//351 265//265
f 265//265 351//351 338//338
f 265//265 338//338 267//267
f 338//338 341//341 267//267
f 267//267 341//341 268//268
f 386//386 287//287 330//330
f 330//330 287//287 289//289
f 330//330 289//289 341//341
f 341//341 289//289 268//268
f 386//386 381//381 287//287
f 287//287 381//381 281//281
f 381//381 388//388 281//281
f 281//281 388//388 277//277
f 388//388 387//387 277//277
f 277//277 387//387 278//278
f 387//387 384//384 278//278
f 278//278 384//384 279//279
f 384//384 383//383 279//279
f 279//279 383//383 276//276
f 276//276 383//383 280//280
f 280//280 383//383 385//385
f 280//280 385//385 282//282
f 282//282 385//385 390//390
f 390//390 389//389 282//282
f 282//282 389//389 283//283
f 283//283 389//389 284//284
f 284//284 389//389 382//382
f 284//284 382//382 285//285
f 285//285 382//382 380//380
f 380//380 379//379 285//285
f 285//285 379//379 286//286
f 328//328 290//290 329//329
f 329//329 290//290 288//288
f 329//329 288//288 379//379
f 379//379 288//288 286//286
f 328//328 345//345 290//290
f 290//290 345//345 258//258
f 345//345 337//337 258//258
f 258//258 337//337 257//257
f 337//337 336//336 257//257
f 257//257 336//336 259//259
f 336//336 327//327 259//259
f 259//259 327//327 260//260
f 327//327 323//323 260//260
f 260//260 323//323 261//261
f 323//323 322//322 261//261
f 261//261 322//322 262//262
f 322//322 335//335 262//262
f 262//262 335//335 256//256
f 30//30 46//46 28//28
f 28//28 46//46 47//47
f 28//28 47//47 26//26
f 26//26 47//47 49//49
f 26//26 49//49 24//24
f 24//24 49//49 51//51
f 24//24 51//51 22//22
f 22//22 51//51 53//53
f 22//22 53//53 20//20
f 20//20 53//53 55//55
f 20//20 55//55 19//19
f 19//19 55//55 57//57
f 44//44 45//45 48//48
f 48//48 45//45 273//273
f 48//48 273//273 50//50
f 50//50 273//273 270//270
f 50//50 270//270 52//52
f 52//52 270//270 269//269
f 52//52 269//269 54//54
f 54//54 269//269 264//264
f 54//54 264//264 56//56
f 56//56 264//264 266//266
f 56//56 266//266 32//32
f 32//32 266//266 33//33
f 13//13 14//14 21//21
f 21//21 14//14 340//340
f 21//21 340//340 23//23
f 23//23 340//340 339//339
f 23//23 339//339 25//25
f 25//25 339//339 349//349
f 25//25 349//349 27//27
f 27//27 349//349 347//347
f 27//27 347//347 29//29
f 29//29 347//347 343//343
f 29//29 343//343 1//1
f 1//1 343//343 2//2
f 391//391 392//392 393//393
f 393//393 392//392 394//394
f 393//393 394//394 395//395
f 395//395 394//394 396//396
f 395//395 396//396 397//397
f 397//397 396//396 398//398
f 397//397 398//398 399//399
f 399//399 398//398 400//400
f 399//399 400//400 401//401
f 401//401 400//400 402//402
f 401//401 402//402 403//403
f 403//403 402//402 404//404
f 405//405 395//395 406//406
f 406//406 395//395 397//397
f 406//406 397//397 407//407
f 407//407 397//397 399//399
f 407//407 399//399 408//408
f 408//408 399//399 401//401
f 408//408 401//401 409//409
f 409//409 401//401 403//403
f 409//409 403//403 410//410
f 410//410 403//403 411//411
f 410//410 411//411 412//412
f 412//412 411//411 413//413
f 412//412 413//413 414//414
f 414//414 413//413 415//415
f 414//414 415//415 416//416
f 416//416 415//415 417//417
f 416//416 417//417 418//418
f 418//418 417//417 419//419
f 418//418 419//419 420//420
f 420//420 419//419 391//391
f 420//420 391//391 421//421
f 421//421 391//391 393//393
f 421//421 393//393 405//405
f 405//405 393//393 395//395
f 422//422 423//423 424//424
f 424//424 423//423 425//425
f 424//424 425//425 426//426
f 426//426 425//425 427//427
f 426//426 427//427 428//428
f 428//428 427//427 429//429
f 428//428 429//429 430//430
f 430//430 429//429 431//431
f 430//430 431//431 432//432
f 432//432 431//431 433//433
f 432//432 433//433 434//434
f 434//434 433//433 435//435
f 436//436 434//434 437//437
f 437//437 434//434 438//438
f 437//437 438//438 439//439
f 439//439 438//438 440//440
f 439//439 440//440 441//441
f 441//441 440//440 442//442
f 441//441 442//442 443//443
f 443//443 442//442 444//444
f 443//443 444//444 445//445
f 445//445 444//444 446//446
f 445//445 446//446 447//447
f 447//447 446//446 422//422
f 447//447 422//422 448//448
f 448//448 422//422 424//424
f 448//448 424//424 449//449
f 449//449 424//424 426//426
f 449//449 426//426 450//450
f 450//450 426//426 428//428
f 450//450 428//428 451//451
f 451//451 428//428 430//430
f 451//451 430//430 452//452
f 452//452 430//430 432//432
f 452//452 432//432 436//436
f 436//436 432//432 434//434
f 453//453 454//454 455//455
f 455//455 454//454 456//456
f 457//457 453//453 458//458
f 458//458 453//453 455//455
f 459//459 457//457 460//460
f 460//460 457//457 458//458
f 459//459 460//460 461//461
f 461//461 460//460 462//462
f 461//461 462//462 463//463
f 463//463 462//462 464//464
f 463//463 464//464 465//465
f 465//465 464//464 466//466
f 465//465 466//466 467//467
f 467//467 466//466 468//468
f 469//469 467//467 470//470
f 470//470 467//467 468//468
f 471//471 469//469 472//472
f 472//472 469//469 470//470
f 473//473 471//471 474//474
f 474//474 471//471 472//472
f 473//473 474//474 475//475
f 475//475 474//474 476//476
f 475//475 476//476 477//477
f 477//477 476//476 478//478
f 477//477 478//478 479//479
f 479//479 478//478 480//480
f 479//479 480//480 481//481
f 481//481 480//480 482//482
f 483//483 481//481 484//484
f 484//484 481//481 482//482
f 483//483 484//484 485//485
f 485//485 484//484 486//486
f 485//485 486//486 487//487
f 487//487 486//486 488//488
f 487//487 488//488 489//489
f 489//489 488//488 490//490
f 491//491 489//489 492//492
f 492//492 489//489 490//490
f 491//491 492//492 493//493
f 493//493 492//492 494//494
f 493//493 494//494 495//495
f 495//495 494//494 496//496
f 495//495 496//496 497//497
f 497//497 496//496 498//498
f 497//497 498//498 454//454
f 454//454 498//498 456//456
f 499//499 500//500 501//501
f 501//501 500//500 502//502
f 501//501 502//502 503//503
f 503//503 502//502 504//504
f 503//503 504//504 505//505
f 505//505 504//504 506//506
f 505//505 506//506 507//507
f 507//507 506//506 508//508
f 509//509 507//507 510//510
f 510//510 507//507 508//508
f 509//509 510//510 511//511
f 511//511 510//510 512//512
f 511//511 512//512 513//513
f 513//513 512//512 514//514
f 513//513 514//514 515//515
f 515//515 514//514 516//516
f 517//517 515//515 518//518
f 518//518 515//515 516//516
f 517//517 518//518 519//519
f 519//519 518//518 520//520
f 519//519 520//520 521//521
f 521//521 520//520 522//522
f 521//521 522//522 523//523
f 523//523 522//522 524//524
f 523//523 524//524 525//525
f 525//525 524//524 526//526
f 527//527 525//525 528//528
f 528//528 525//525 526//526
f 529//529 527//527 530//530
f 530//530 527//527 528//528
f 531//531 529//529 532//532
f 532//532 529//529 530//530
f 531//531 532//532 533//533
f 533//533 532//532 534//534
f 533//533 534//534 535//535
f 535//535 534//534 536//536
f 535//535 536//536 537//537
f 537//537 536//536 538//538
f 537//537 538//538 539//539
f 539//539 538//538 540//540
f 541//541 539//539 542//542
f 542//542 539//539 540//540
f 543//543 541//541 544//544
f 544//544 541//541 542//542
f 499//499 543//543 500//500
f 500//500 543//543 544//544
f 409//409 447//447 408//408
f 408//408 447//447 448//448
f 408//408 448//448 407//407
f 407//407 448//448 449//449
f 407//407 449//449 406//406
f 406//406 449//449 450//450
f 406//406 450//450 405//405
f 405//405 450//450 451//451
f 405//405 451//451 421//421
f 421//421 451//451 452//452
f 421//421 452//452 420//420
f 420//420 452//452 436//436
f 545//545 546//546 547//547
f 547//547 546//546 548//548
f 545//545 547//547 549//549
f 549//549 547//547 550//550
f 549//549 550//550 551//551
f 551//551 550//550 552//552
f 551//551 552//552 553//553
f 553//553 552//552 554//554
f 553//553 554//554 555//555
f 555//555 554//554 556//556
f 557//557 555//555 558//558
f 558//558 555//555 556//556
f 559//559 557//557 560//560
f 560//560 557//557 558//558
f 561//561 559//559 562//562
f 562//562 559//559 560//560
f 561//561 562//562 563//563
f 563//563 562//562 564//564
f 563//563 564//564 565//565
f 565//565 564//564 566//566
f 565//565 566//566 567//567
f 567//567 566//566 568//568
f 567//567 568//568 569//569
f 569//569 568//568 570//570
f 571//571 569//569 572//572
f 572//572 569//569 570//570
f 573//573 571//571 574//574
f 574//574 571//571 572//572
f 575//575 573//573 576//576
f 576//576 573//573 574//574
f 575//575 576//576 577//577
f 577//577 576//576 578//578
f 577//577 578//578 579//579
f 579//579 578//578 580//580
f 579//579 580//580 581//581
f 581//581 580//580 582//582
f 581//581 582//582 583//583
f 583//583 582//582 584//584
f 585//585 583//583 586//586
f 586//586 583//583 584//584
f 585//585 586//586 587//587
f 587//587 586//586 588//588
f 587//587 588//588 589//589
f 589//589 588//588 590//590
f 589//589 590//590 546//546
f 546//546 590//590 548//548
f 591//591 592//592 593//593
f 593//593 592//592 594//594
f 591//591 593//593 595//595
f 595//595 593//593 596//596
f 595//595 596//596 597//597
f 597//597 596//596 598//598
f 597//597 598//598 599//599
f 599//599 598//598 600//600
f 599//599 600//600 601//601
f 601//601 600//600 602//602
f 603//603 601//601 604//604
f 604//604 601//601 602//602
f 605//605 603//603 606//606
f 606//606 603//603 604//604
f 607//607 605//605 608//608
f 608//608 605//605 606//606
f 607//607 608//608 609//609
f 609//609 608//608 610//610
f 609//609 610//610 611//611
f 611//611 610//610 612//612
f 611//611 612//612 613//613
f 613//613 612//612 614//614
f 613//613 614//614 615//615
f 615//615 614//614 616//616
f 617//617 615//615 618//618
f 618//618 615//615 616//616
f 619//619 617//617 620//620
f 620//620 617//617 618//618
f 621//621 619//619 622//622
f 622//622 619//619 620//620
f 621//621 622//622 623//623
f 623//623 622//622 624//624
f 623//623 624//624 625//625
f 625//625 624//624 626//626
f 625//625 626//626 627//627
f 627//627 626//626 628//628
f 627//627 628//628 629//629
f 629//629 628//628 630//630
f 631//631 629//629 632//632
f 632//632 629//629 630//630
f 631//631 632//632 633//633
f 633//633 632//632 634//634
f 633//633 634//634 635//635
f 635//635 634//634 636//636
f 635//635 636//636 592//592
f 592//592 636//636 594//594
f 637//637 638//638 639//639
f 640//640 636//636 634//634
f 626//626 624//624 641//641
f 642//642 643//643 620//620
f 620//620 643//643 641//641
f 620//620 641//641 622//622
f 622//622 641//641 624//624
f 602//602 600//600 644//644
f 644//644 600//600 598//598
f 645//645 646//646 647//647
f 602//602 644//644 604//604
f 604//604 644//644 648//648
f 604//604 648//648 649//649
f 598//598 596//596 644//644
f 644//644 596//596 593//593
f 644//644 593//593 640//640
f 640//640 593//593 594//594
f 640//640 594//594 636//636
f 620//620 618//618 616//616
f 647//647 614//614 612//612
f 646//646 642//642 647//647
f 647//647 642//642 620//620
f 647//647 620//620 614//614
f 614//614 620//620 616//616
f 612//612 610//610 647//647
f 647//647 610//610 608//608
f 647//647 608//608 649//649
f 649//649 608//608 606//606
f 649//649 606//606 604//604
f 650//650 651//651 652//652
f 634//634 632//632 640//640
f 640//640 632//632 630//630
f 640//640 630//630 641//641
f 641//641 630//630 628//628
f 641//641 628//628 626//626
f 431//431 429//429 653//653
f 653//653 429//429 654//654
f 655//655 435//435 433//433
f 650//650 652//652 656//656
f 656//656 652//652 657//657
f 656//656 657//657 658//658
f 427//427 425//425 659//659
f 659//659 425//425 423//423
f 659//659 423//423 660//660
f 660//660 423//423 651//651
f 660//660 651//651 661//661
f 661//661 651//651 650//650
f 661//661 650//650 662//662
f 647//647 663//663 645//645
f 645//645 663//663 655//655
f 645//645 655//655 653//653
f 653//653 655//655 433//433
f 653//653 433//433 431//431
f 435//435 655//655 664//664
f 664//664 655//655 665//665
f 664//664 665//665 658//658
f 658//658 665//665 666//666
f 658//658 666//666 656//656
f 667//667 488//488 486//486
f 486//486 484//484 667//667
f 667//667 484//484 482//482
f 667//667 482//482 668//668
f 668//668 482//482 480//480
f 480//480 478//478 668//668
f 668//668 478//478 476//476
f 668//668 476//476 474//474
f 455//455 456//456 669//669
f 669//669 456//456 498//498
f 669//669 498//498 496//496
f 670//670 671//671 460//460
f 460//460 671//671 462//462
f 429//429 427//427 654//654
f 654//654 427//427 659//659
f 654//654 659//659 672//672
f 672//672 659//659 673//673
f 672//672 673//673 674//674
f 674//674 673//673 675//675
f 674//674 675//675 671//671
f 671//671 675//675 676//676
f 671//671 676//676 472//472
f 472//472 676//676 677//677
f 472//472 677//677 474//474
f 474//474 677//677 678//678
f 474//474 678//678 668//668
f 496//496 494//494 669//669
f 669//669 494//494 492//492
f 669//669 492//492 667//667
f 667//667 492//492 490//490
f 667//667 490//490 488//488
f 470//470 468//468 472//472
f 472//472 468//468 466//466
f 472//472 466//466 671//671
f 671//671 466//466 464//464
f 671//671 464//464 462//462
f 679//679 680//680 669//669
f 669//669 680//680 681//681
f 669//669 681//681 455//455
f 455//455 681//681 670//670
f 455//455 670//670 458//458
f 458//458 670//670 460//460
f 682//682 514//514 512//512
f 522//522 520//520 683//683
f 683//683 520//520 518//518
f 683//683 518//518 682//682
f 682//682 518//518 516//516
f 682//682 516//516 514//514
f 650//650 684//684 662//662
f 662//662 684//684 685//685
f 662//662 685//685 686//686
f 528//528 526//526 683//683
f 683//683 526//526 524//524
f 683//683 524//524 522//522
f 504//504 502//502 687//687
f 687//687 502//502 500//500
f 512//512 510//510 682//682
f 682//682 510//510 508//508
f 682//682 508//508 687//687
f 687//687 508//508 506//506
f 687//687 506//506 504//504
f 542//542 540//540 544//544
f 544//544 540//540 538//538
f 544//544 538//538 688//688
f 688//688 538//538 536//536
f 536//536 534//534 688//688
f 688//688 534//534 532//532
f 688//688 532//532 689//689
f 689//689 532//532 530//530
f 530//530 528//528 689//689
f 689//689 528//528 683//683
f 689//689 683//683 690//690
f 690//690 683//683 691//691
f 690//690 691//691 692//692
f 639//639 687//687 637//637
f 637//637 687//687 500//500
f 637//637 500//500 693//693
f 693//693 500//500 544//544
f 693//693 544//544 686//686
f 686//686 544//544 688//688
f 686//686 688//688 662//662
f 662//662 688//688 694//694
f 662//662 694//694 661//661
f 558//558 695//695 696//696
f 590//590 588//588 697//697
f 665//665 698//698 666//666
f 666//666 698//698 699//699
f 666//666 699//699 700//700
f 580//580 578//578 701//701
f 701//701 578//578 576//576
f 702//702 564//564 562//562
f 703//703 554//554 552//552
f 588//588 586//586 697//697
f 697//697 586//586 584//584
f 697//697 584//584 701//701
f 701//701 584//584 582//582
f 701//701 582//582 580//580
f 695//695 558//558 703//703
f 703//703 558//558 556//556
f 703//703 556//556 554//554
f 552//552 550//550 703//703
f 703//703 550//550 547//547
f 703//703 547//547 697//697
f 697//697 547//547 548//548
f 697//697 548//548 590//590
f 702//702 562//562 696//696
f 696//696 562//562 560//560
f 696//696 560//560 558//558
f 572//572 570//570 574//574
f 574//574 570//570 568//568
f 574//574 568//568 702//702
f 702//702 568//568 566//566
f 702//702 566//566 564//564
f 700//700 699//699 702//702
f 702//702 699//699 704//704
f 702//702 704//704 574//574
f 574//574 704//704 705//705
f 574//574 705//705 576//576
f 576//576 705//705 706//706
f 576//576 706//706 701//701
f 701//701 706//706 707//707
f 701//701 707//707 708//708
f 709//709 710//710 641//641
f 641//641 710//710 640//640
f 710//710 711//711 640//640
f 640//640 711//711 644//644
f 711//711 712//712 644//644
f 644//644 712//712 648//648
f 712//712 713//713 648//648
f 648//648 713//713 649//649
f 713//713 714//714 649//649
f 649//649 714//714 647//647
f 714//714 715//715 647//647
f 647//647 715//715 663//663
f 715//715 716//716 663//663
f 663//663 716//716 655//655
f 716//716 717//717 655//655
f 655//655 717//717 665//665
f 717//717 718//718 665//665
f 665//665 718//718 698//698
f 719//719 704//704 720//720
f 720//720 704//704 699//699
f 720//720 699//699 718//718
f 718//718 699//699 698//698
f 719//719 721//721 704//704
f 704//704 721//721 705//705
f 705//705 721//721 706//706
f 706//706 721//721 722//722
f 706//706 722//722 707//707
f 707//707 722//722 723//723
f 723//723 724//724 707//707
f 707//707 724//724 708//708
f 708//708 724//724 701//701
f 701//701 724//724 725//725
f 701//701 725//725 697//697
f 697//697 725//725 726//726
f 726//726 727//727 697//697
f 697//697 727//727 703//703
f 727//727 728//728 703//703
f 703//703 728//728 695//695
f 728//728 729//729 695//695
f 695//695 729//729 696//696
f 729//729 730//730 696//696
f 696//696 730//730 702//702
f 730//730 731//731 702//702
f 702//702 731//731 700//700
f 732//732 656//656 733//733
f 733//733 656//656 666//666
f 733//733 666//666 731//731
f 731//731 666//666 700//700
f 732//732 734//734 656//656
f 656//656 734//734 650//650
f 735//735 684//684 736//736
f 736//736 684//684 650//650
f 736//736 650//650 734//734
f 684//684 735//735 685//685
f 685//685 735//735 737//737
f 685//685 737//737 686//686
f 737//737 738//738 686//686
f 686//686 738//738 693//693
f 693//693 738//738 637//637
f 637//637 738//738 739//739
f 637//637 739//739 638//638
f 638//638 739//739 740//740
f 740//740 741//741 638//638
f 638//638 741//741 639//639
f 639//639 741//741 687//687
f 687//687 741//741 742//742
f 687//687 742//742 682//682
f 682//682 742//742 743//743
f 682//682 743//743 683//683
f 683//683 743//743 744//744
f 683//683 744//744 691//691
f 691//691 744//744 745//745
f 745//745 746//746 691//691
f 691//691 746//746 692//692
f 692//692 746//746 690//690
f 690//690 746//746 747//747
f 690//690 747//747 689//689
f 689//689 747//747 748//748
f 748//748 749//749 689//689
f 689//689 749//749 688//688
f 750//750 694//694 751//751
f 751//751 694//694 688//688
f 751//751 688//688 749//749
f 694//694 750//750 661//661
f 661//661 750//750 752//752
f 661//661 752//752 660//660
f 752//752 753//753 660//660
f 660//660 753//753 659//659
f 754//754 675//675 755//755
f 755//755 675//675 673//673
f 755//755 673//673 753//753
f 753//753 673//673 659//659
f 754//754 756//756 675//675
f 675//675 756//756 676//676
f 756//756 757//757 676//676
f 676//676 757//757 677//677
f 757//757 758//758 677//677
f 677//677 758//758 678//678
f 758//758 759//759 678//678
f 678//678 759//759 668//668
f 759//759 760//760 668//668
f 668//668 760//760 667//667
f 667//667 760//760 669//669
f 669//669 760//760 761//761
f 669//669 761//761 679//679
f 679//679 761//761 762//762
f 762//762 763//763 679//679
f 679//679 763//763 680//680
f 680//680 763//763 681//681
f 681//681 763//763 764//764
f 681//681 764//764 670//670
f 670//670 764//764 765//765
f 765//765 766//766 670//670
f 670//670 766//766 671//671
f 767//767 672//672 768//768
f 768//768 672//672 674//674
f 768//768 674//674 766//766
f 766//766 674//674 671//671
f 767//767 769//769 672//672
f 672//672 769//769 654//654
f 769//769 770//770 654//654
f 654//654 770//770 653//653
f 770//770 771//771 653//653
f 653//653 771//771 645//645
f 771//771 772//772 645//645
f 645//645 772//772 646//646
f 772//772 773//773 646//646
f 646//646 773//773 642//642
f 773//773 774//774 642//642
f 642//642 774//774 643//643
f 774//774 709//709 643//643
f 643//643 709//709 641//641
f 615//615 617//617 619//619
f 603//603 605//605 607//607
f 710//710 633//633 635//635
f 713//713 712//712 601//601
f 601//601 712//712 711//711
f 601//601 711//711 599//599
f 599//599 711//711 597//597
f 613//613 615//615 773//773
f 773//773 615//615 619//619
f 773//773 619//619 774//774
f 774//774 619//619 709//709
f 619//619 621//621 709//709
f 709//709 621//621 623//623
f 709//709 623//623 625//625
f 767//767 768//768 755//755
f 635//635 592//592 710//710
f 710//710 592//592 591//591
f 710//710 591//591 711//711
f 711//711 591//591 595//595
f 711//711 595//595 597//597
f 402//402 400//400 753//753
f 625//625 627//627 709//709
f 709//709 627//627 629//629
f 709//709 629//629 710//710
f 710//710 629//629 631//631
f 710//710 631//631 633//633
f 601//601 603//603 713//713
f 713//713 603//603 607//607
f 713//713 607//607 714//714
f 714//714 607//607 609//609
f 714//714 609//609 611//611
f 770//770 769//769 400//400
f 770//770 716//716 771//771
f 771//771 716//716 715//715
f 771//771 715//715 772//772
f 772//772 715//715 714//714
f 772//772 714//714 773//773
f 773//773 714//714 611//611
f 773//773 611//611 613//613
f 753//753 400//400 755//755
f 755//755 400//400 769//769
f 755//755 769//769 767//767
f 716//716 392//392 717//717
f 717//717 392//392 775//775
f 717//717 775//775 718//718
f 752//752 776//776 753//753
f 753//753 776//776 404//404
f 753//753 404//404 402//402
f 400//400 398//398 770//770
f 770//770 398//398 396//396
f 770//770 396//396 716//716
f 716//716 396//396 394//394
f 716//716 394//394 392//392
f 752//752 750//750 777//777
f 733//733 778//778 732//732
f 732//732 778//778 779//779
f 732//732 779//779 734//734
f 734//734 779//779 780//780
f 734//734 780//780 736//736
f 587//587 589//589 726//726
f 730//730 729//729 557//557
f 557//557 729//729 555//555
f 725//725 583//583 726//726
f 726//726 583//583 585//585
f 726//726 585//585 587//587
f 577//577 579//579 725//725
f 725//725 579//579 581//581
f 725//725 581//581 583//583
f 589//589 546//546 726//726
f 726//726 546//546 545//545
f 726//726 545//545 727//727
f 727//727 545//545 549//549
f 727//727 549//549 551//551
f 729//729 728//728 555//555
f 555//555 728//728 727//727
f 555//555 727//727 553//553
f 553//553 727//727 551//551
f 721//721 573//573 725//725
f 725//725 573//573 575//575
f 725//725 575//575 577//577
f 557//557 559//559 561//561
f 719//719 563//563 565//565
f 775//775 778//778 718//718
f 718//718 778//778 733//733
f 718//718 733//733 720//720
f 720//720 733//733 731//731
f 720//720 731//731 719//719
f 731//731 730//730 719//719
f 719//719 730//730 557//557
f 719//719 557//557 563//563
f 563//563 557//557 561//561
f 565//565 567//567 719//719
f 719//719 567//567 569//569
f 719//719 569//569 721//721
f 721//721 569//569 571//571
f 721//721 571//571 573//573
f 724//724 723//723 725//725
f 725//725 723//723 722//722
f 725//725 722//722 721//721
f 543//543 739//739 738//738
f 743//743 511//511 513//513
f 747//747 525//525 748//748
f 748//748 525//525 527//527
f 748//748 527//527 749//749
f 521//521 523//523 744//744
f 543//543 499//499 742//742
f 742//742 499//499 501//501
f 742//742 501//501 503//503
f 737//737 735//735 777//777
f 777//777 735//735 736//736
f 777//777 736//736 752//752
f 752//752 736//736 780//780
f 752//752 780//780 776//776
f 527//527 529//529 531//531
f 737//737 533//533 535//535
f 750//750 751//751 777//777
f 777//777 751//751 749//749
f 777//777 749//749 737//737
f 737//737 749//749 527//527
f 737//737 527//527 533//533
f 533//533 527//527 531//531
f 535//535 537//537 737//737
f 737//737 537//537 539//539
f 737//737 539//539 738//738
f 738//738 539//539 541//541
f 738//738 541//541 543//543
f 503//503 505//505 742//742
f 742//742 505//505 507//507
f 742//742 507//507 743//743
f 743//743 507//507 509//509
f 743//743 509//509 511//511
f 513//513 515//515 743//743
f 743//743 515//515 517//517
f 743//743 517//517 744//744
f 744//744 517//517 519//519
f 744//744 519//519 521//521
f 543//543 742//742 739//739
f 739//739 742//742 741//741
f 739//739 741//741 740//740
f 523//523 525//525 744//744
f 744//744 525//525 747//747
f 744//744 747//747 745//745
f 745//745 747//747 746//746
f 766//766 765//765 756//756
f 457//457 765//765 453//453
f 453//453 765//765 764//764
f 453//453 764//764 454//454
f 760//760 485//485 487//487
f 473//473 475//475 759//759
f 759//759 475//475 477//477
f 454//454 761//761 497//497
f 497//497 761//761 495//495
f 766//766 756//756 768//768
f 768//768 756//756 754//754
f 768//768 754//754 755//755
f 473//473 759//759 471//471
f 471//471 759//759 758//758
f 471//471 758//758 757//757
f 477//477 479//479 759//759
f 759//759 479//479 481//481
f 759//759 481//481 760//760
f 760//760 481//481 483//483
f 760//760 483//483 485//485
f 463//463 756//756 461//461
f 461//461 756//756 765//765
f 461//461 765//765 459//459
f 459//459 765//765 457//457
f 463//463 465//465 756//756
f 756//756 465//465 467//467
f 756//756 467//467 757//757
f 757//757 467//467 469//469
f 757//757 469//469 471//471
f 487//487 489//489 760//760
f 760//760 489//489 491//491
f 760//760 491//491 761//761
f 761//761 491//491 493//493
f 761//761 493//493 495//495
f 454//454 764//764 761//761
f 761//761 764//764 763//763
f 761//761 763//763 762//762
f 420//420 436//436 418//418
f 418//418 436//436 437//437
f 418//418 437//437 416//416
f 416//416 437//437 439//439
f 416//416 439//439 414//414
f 414//414 439//439 441//441
f 414//414 441//441 412//412
f 412//412 441//441 443//443
f 412//412 443//443 410//410
f 410//410 443//443 445//445
f 410//410 445//445 409//409
f 409//409 445//445 447//447
f 434//434 435//435 438//438
f 438//438 435//435 664//664
f 438//438 664//664 440//440
f 440//440 664//664 658//658
f 440//440 658//658 442//442
f 442//442 658//658 657//657
f 442//442 657//657 444//444
f 444//444 657//657 652//652
f 444//444 652//652 446//446
f 446//446 652//652 651//651
f 446//446 651//651 422//422
f 422//422 651//651 423//423
f 403//403 404//404 411//411
f 411//411 404//404 776//776
f 411//411 776//776 413//413
f 413//413 776//776 780//780
f 413//413 780//780 415//415
f 415//415 780//780 779//779
f 415//415 779//779 417//417
f 417//417 779//779 778//778
f 417//417 778//778 419//419
f 419//419 778//778 775//775
f 419//419 775//775 391//391
f 391//391 775//775 392//392
f 781//781 782//782 783//783
f 783//783 782//782 784//784
f 783//783 784//784 785//785
f 785//785 784//784 786//786
f 785//785 786//786 787//787
f 787//787 786//786 788//788
f 787//787 788//788 789//789
f 789//789 788//788 790//790
f 789//789 790//790 791//791
f 791//791 790//790 792//792
f 791//791 792//792 793//793
f 793//793 792//792 794//794
f 795//795 785//785 796//796
f 796//796 785//785 787//787
f 796//796 787//787 797//797
f 797//797 787//787 789//789
f 797//797 789//789 798//798
f 798//798 789//789 791//791
f 798//798 791//791 799//799
f 799//799 791//791 793//793
f 799//799 793//793 800//800
f 800//800 793//793 801//801
f 800//800 801//801 802//802
f 802//802 801//801 803//803
f 802//802 803//803 804//804
f 804//804 803//803 805//805
f 804//804 805//805 806//806
f 806//806 805//805 807//807
f 806//806 807//807 808//808
f 808//808 807//807 809//809
f 808//808 809//809 810//810
f 810//810 809//809 781//781
f 810//810 781//781 811//811
f 811//811 781//781 783//783
f 811//811 783//783 795//795
f 795//795 783//783 785//785
f 812//812 813//813 814//814
f 814//814 813//813 815//815
f 814//814 815//815 816//816
f 816//816 815//815 817//817
f 816//816 817//817 818//818
f 818//818 817//817 819//819
f 818//818 819//819 820//820
f 820//820 819//819 821//821
f 820//820 821//821 822//822
f 822//822 821//821 823//823
f 822//822 823//823 824//824
f 824//824 823//823 825//825
f 826//826 824//824 827//827
f 827//827 824//824 828//828
f 827//827 828//828 829//829
f 829//829 828//828 830//830
f 829//829 830//830 831//831
f 831//831 830//830 832//832
f 831//831 832//832 833//833
f 833//833 832//832 834//834
f 833//833 834//834 835//835
f 835//835 834//834 836//836
f 835//835 836//836 837//837
f 837//837 836//836 812//812
f 837//837 812//812 838//838
f 838//838 812//812 814//814
f 838//838 814//814 839//839
f 839//839 814//814 816//816
f 839//839 816//816 840//840
f 840//840 816//816 818//818
f 840//840 818//818 841//841
f 841//841 818//818 820//820
f 841//841 820//820 842//842
f 842//842 820//820 822//822
f 842//842 822//822 826//826
f 826//826 822//822 824//824
f 843//843 844//844 845//845
f 845//845 844//844 846//846
f 847//847 843//843 848//848
f 848//848 843//843 845//845
f 849//849 847//847 850//850
f 850//850 847//847 848//848
f 849//849 850//850 851//851
f 851//851 850//850 852//852
f 851//851 852//852 853//853
f 853//853 852//852 854//854
f 853//853 854//854 855//855
f 855//855 854//854 856//856
f 855//855 856//856 857//857
f 857//857 856//856 858//858
f 859//859 857//857 860//860
f 860//860 857//857 858//858
f 861//861 859//859 862//862
f 862//862 859//859 860//860
f 863//863 861//861 864//864
f 864//864 861//861 862//862
f 863//863 864//864 865//865
f 865//865 864//864 866//866
f 865//865 866//866 867//867
f 867//867 866//866 868//868
f 867//867 868//868 869//869
f 869//869 868//868 870//870
f 869//869 870//870 871//871
f 871//871 870//870 872//872
f 873//873 871//871 874//874
f 874//874 871//871 872//872
f 873//873 874//874 875//875
f 875//875 874//874 876//876
f 875//875 876//876 877//877
f 877//877 876//876 878//878
f 877//877 878//878 879//879
f 879//879 878//878 880//880
f 881//881 879//879 882//882
f 882//882 879//879 880//880
f 881//881 882//882 883//883
f 883//883 882//882 884//884
f 883//883 884//884 885//885
f 885//885 884//884 886//886
f 885//885 886//886 887//887
f 887//887 886//886 888//888
f 887//887 888//888 844//844
f 844//844 888//888 846//846
f 889//889 890//890 891//891
f 891//891 890//890 892//892
f 891//891 892//892 893//893
f 893//893 892//892 894//894
f 893//893 894//894 895//895
f 895//895 894//894 896//896
f 895//895 896//896 897//897
f 897//897 896//896 898//898
f 899//899 897//897 900//900
f 900//900 897//897 898//898
f 899//899 900//900 901//901
f 901//901 900//900 902//902
f 901//901 902//902 903//903
f 903//903 902//902 904//904
f 903//903 904//904 905//905
f 905//905 904//904 906//906
f 907//907 905//905 908//908
f 908//908 905//905 906//906
f 907//907 908//908 909//909
f 909//909 908//908 910//910
f 909//909 910//910 911//911
f 911//911 910//910 912//912
f 911//911 912//912 913//913
f 913//913 912//912 914//914
f 913//913 914//914 915//915
f 915//915 914//914 916//916
f 917//917 915//915 918//918
f 918//918 915//915 916//916
f 919//919 917//917 920//920
f 920//920 917//917 918//918
f 921//921 919//919 922//922
f 922//922 919//919 920//920
f 921//921 922//922 923//923
f 923//923 922//922 924//924
f 923//923 924//924 925//925
f 925//925 924//924 926//926
f 925//925 926//926 927//927
f 927//927 926//926 928//928
f 927//927 928//928 929//929
f 929//929 928//928 930//930
f 931//931 929//929 932//932
f 932//932 929//929 930//930
f 933//933 931//931 934//934
f 934//934 931//931 932//932
f 889//889 933//933 890//890
f 890//890 933//933 934//934
f 799//799 837//837 798//798
f 798//798 837//837 838//838
f 798//798 838//838 797//797
f 797//797 838//838 839//839
f 797//797 839//839 796//796
f 796//796 839//839 840//840
f 796//796 840//840 795//795
f 795//795 840//840 841//841
f 795//795 841//841 811//811
f 811//811 841//841 842//842
f 811//811 842//842 810//810
f 810//810 842//842 826//826
f 935//935 936//936 937//937
f 937//937 936//936 938//938
f 935//935 937//937 939//939
f 939//939 937//937 940//940
f 939//939 940//940 941//941
f 941//941 940//940 942//942
f 941//941 942//942 943//943
f 943//943 942//942 944//944
f 943//943 944//944 945//945
f 945//945 944//944 946//946
f 947//947 945//945 948//948
f 948//948 945//945 946//946
f 949//949 947//947 950//950
f 950//950 947//947 948//948
f 951//951 949//949 952//952
f 952//952 949//949 950//950
f 951//951 952//952 953//953
f 953//953 952//952 954//954
f 953//953 954//954 955//955
f 955//955 954//954 956//956
f 955//955 956//956 957//957
f 957//957 956//956 958//958
f 957//957 958//958 959//959
f 959//959 958//958 960//960
f 961//961 959//959 962//962
f 962//962 959//959 960//960
f 963//963 961//961 964//964
f 964//964 961//961 962//962
f 965//965 963//963 966//966
f 966//966 963//963 964//964
f 965//965 966//966 967//967
f 967//967 966//966 968//968
f 967//967 968//968 969//969
f 969//969 968//968 970//970
f 969//969 970//970 971//971
f 971//971 970//970 972//972
f 971//971 972//972 973//973
f 973//973 972//972 974//974
f 975//975 973//973 976//976
f 976//976 973//973 974//974
f 975//975 976//976 977//977
f 977//977 976//976 978//978
f 977//977 978//978 979//979
f 979//979 978//978 980//980
f 979//979 980//980 936//936
f 936//936 980//980 938//938
f 981//981 982//982 983//983
f 983//983 982//982 984//984
f 981//981 983//983 985//985
f 985//985 983//983 986//986
f 985//985 986//986 987//987
f 987//987 986//986 988//988
f 987//987 988//988 989//989
f 989//989 988//988 990//990
f 989//989 990//990 991//991
f 991//991 990//990 992//992
f 993//993 991//991 994//994
f 994//994 991//991 992//992
f 995//995 993//993 996//996
f 996//996 993//993 994//994
f 997//997 995//995 998//998
f 998//998 995//995 996//996
f 997//997 998//998 999//999
f 999//999 998//998 1000//1000
f 999//999 1000//1000 1001//1001
f 1001//1001 1000//1000 1002//1002
f 1001//1001 1002//1002 1003//1003
f 1003//1003 1002//1002 1004//1004
f 1003//1003 1004//1004 1005//1005
f 1005//1005 1004//1004 1006//1006
f 1007//1007 1005//1005 1008//1008
f 1008//1008 1005//1005 1006//1006
f 1009//1009 1007//1007 1010//1010
f 1010//1010 1007//1007 1008//1008
f 1011//1011 1009//1009 1012//1012
f 1012//1012 1009//1009 1010//1010
f 1011//1011 1012//1012 1013//1013
f 1013//1013 1012//1012 1014//1014
f 1013//1013 1014//1014 1015//1015
f 1015//1015 1014//1014 1016//1016
f 1015//1015 1016//1016 1017//1017
f 1017//1017 1016//1016 1018//1018
f 1017//1017 1018//1018 1019//1019
f 1019//1019 1018//1018 1020//1020
f 1021//1021 1019//1019 1022//1022
f 1022//1022 1019//1019 1020//1020
f 1021//1021 1022//1022 1023//1023
f 1023//1023 1022//1022 1024//1024
f 1023//1023 1024//1024 1025//1025
f 1025//1025 1024//1024 1026//1026
f 1025//1025 1026//1026 982//982
f 982//982 1026//1026 984//984
f 1027//1027 1028//1028 1029//1029
f 1030//1030 1026//1026 1024//1024
f 1031//1031 1032//1032 1010//1010
f 1010//1010 1032//1032 1033//1033
f 994//994 992//992 1034//1034
f 1034//1034 992//992 990//990
f 1034//1034 990//990 988//988
f 825//825 823//823 1035//1035
f 988//988 986//986 1034//1034
f 1034//1034 986//986 983//983
f 1034//1034 983//983 1030//1030
f 1030//1030 983//983 984//984
f 1030//1030 984//984 1026//1026
f 1016//1016 1014//1014 1033//1033
f 1033//1033 1014//1014 1012//1012
f 1033//1033 1012//1012 1010//1010
f 1010//1010 1008//1008 1031//1031
f 1031//1031 1008//1008 1006//1006
f 1031//1031 1006//1006 1036//1036
f 1036//1036 1006//1006 1004//1004
f 1024//1024 1022//1022 1030//1030
f 1030//1030 1022//1022 1020//1020
f 1030//1030 1020//1020 1033//1033
f 1033//1033 1020//1020 1018//1018
f 1033//1033 1018//1018 1016//1016
f 821//821 819//819 1037//1037
f 1004//1004 1002//1002 1036//1036
f 1036//1036 1002//1002 1000//1000
f 1036//1036 1000//1000 994//994
f 994//994 1000//1000 998//998
f 994//994 998//998 996//996
f 1037//1037 819//819 1038//1038
f 1034//1034 1039//1039 994//994
f 994//994 1039//1039 1040//1040
f 994//994 1040//1040 1036//1036
f 1036//1036 1040//1040 1041//1041
f 1036//1036 1041//1041 1042//1042
f 1041//1041 1043//1043 1042//1042
f 1042//1042 1043//1043 1035//1035
f 1042//1042 1035//1035 1037//1037
f 1037//1037 1035//1035 823//823
f 1037//1037 823//823 821//821
f 1044//1044 1045//1045 1046//1046
f 1046//1046 1045//1045 1047//1047
f 1046//1046 1047//1047 813//813
f 813//813 1047//1047 1048//1048
f 813//813 1048//1048 815//815
f 815//815 1048//1048 817//817
f 1049//1049 1050//1050 1051//1051
f 1051//1051 1050//1050 1052//1052
f 1050//1050 1053//1053 1054//1054
f 825//825 1035//1035 1053//1053
f 1053//1053 1035//1035 1055//1055
f 1053//1053 1055//1055 1054//1054
f 878//878 876//876 1056//1056
f 1057//1057 864//864 862//862
f 876//876 874//874 1056//1056
f 1056//1056 874//874 872//872
f 1056//1056 872//872 1058//1058
f 1058//1058 872//872 870//870
f 1058//1058 870//870 868//868
f 1057//1057 1059//1059 864//864
f 864//864 1059//1059 1058//1058
f 864//864 1058//1058 866//866
f 866//866 1058//1058 868//868
f 845//845 846//846 1060//1060
f 1060//1060 846//846 888//888
f 1060//1060 888//888 886//886
f 862//862 860//860 1057//1057
f 1057//1057 860//860 858//858
f 1057//1057 858//858 1061//1061
f 1061//1061 858//858 856//856
f 886//886 884//884 1060//1060
f 1060//1060 884//884 882//882
f 1060//1060 882//882 1056//1056
f 1056//1056 882//882 880//880
f 1056//1056 880//880 878//878
f 856//856 854//854 1061//1061
f 1061//1061 854//854 852//852
f 1061//1061 852//852 845//845
f 845//845 852//852 850//850
f 845//845 850//850 848//848
f 1062//1062 1063//1063 1060//1060
f 1060//1060 1063//1063 1064//1064
f 1060//1060 1064//1064 845//845
f 845//845 1064//1064 1065//1065
f 845//845 1065//1065 1061//1061
f 1061//1061 1065//1065 1066//1066
f 1061//1061 1066//1066 1067//1067
f 1067//1067 1066//1066 1068//1068
f 1067//1067 1068//1068 1069//1069
f 1069//1069 1068//1068 1070//1070
f 1069//1069 1070//1070 1048//1048
f 1048//1048 1070//1070 1038//1038
f 1048//1048 1038//1038 817//817
f 817//817 1038//1038 819//819
f 1071//1071 904//904 902//902
f 1072//1072 908//908 1071//1071
f 1071//1071 908//908 906//906
f 1071//1071 906//906 904//904
f 1049//1049 1051//1051 1044//1044
f 1044//1044 1051//1051 1073//1073
f 1044//1044 1073//1073 1045//1045
f 1045//1045 1073//1073 1074//1074
f 1045//1045 1074//1074 1075//1075
f 1075//1075 1074//1074 1076//1076
f 1075//1075 1076//1076 1077//1077
f 916//916 914//914 1072//1072
f 894//894 892//892 1078//1078
f 1078//1078 892//892 890//890
f 916//916 1072//1072 918//918
f 914//914 912//912 1072//1072
f 1072//1072 912//912 910//910
f 1072//1072 910//910 908//908
f 902//902 900//900 1071//1071
f 1071//1071 900//900 898//898
f 1071//1071 898//898 1078//1078
f 1078//1078 898//898 896//896
f 1078//1078 896//896 894//894
f 932//932 930//930 934//934
f 934//934 930//930 928//928
f 934//934 928//928 1079//1079
f 1079//1079 928//928 926//926
f 926//926 924//924 1079//1079
f 1079//1079 924//924 922//922
f 1079//1079 922//922 1080//1080
f 1080//1080 922//922 920//920
f 920//920 918//918 1080//1080
f 1080//1080 918//918 1072//1072
f 1080//1080 1072//1072 1081//1081
f 1081//1081 1072//1072 1082//1082
f 1081//1081 1082//1082 1083//1083
f 1029//1029 1078//1078 1027//1027
f 1027//1027 1078//1078 890//890
f 1027//1027 890//890 1084//1084
f 1084//1084 890//890 934//934
f 1084//1084 934//934 1077//1077
f 1077//1077 934//934 1079//1079
f 1077//1077 1079//1079 1075//1075
f 1075//1075 1079//1079 1085//1085
f 1075//1075 1085//1085 1045//1045
f 948//948 1086//1086 1087//1087
f 980//980 978//978 1088//1088
f 958//958 956//956 1089//1089
f 1050//1050 1054//1054 1052//1052
f 1052//1052 1054//1054 1090//1090
f 1052//1052 1090//1090 1091//1091
f 1092//1092 944//944 942//942
f 970//970 968//968 1093//1093
f 1093//1093 968//968 966//966
f 1091//1091 1090//1090 1089//1089
f 1089//1089 1090//1090 1094//1094
f 1089//1089 1094//1094 1095//1095
f 1086//1086 948//948 1092//1092
f 1092//1092 948//948 946//946
f 1092//1092 946//946 944//944
f 962//962 960//960 964//964
f 964//964 960//960 958//958
f 978//978 976//976 1088//1088
f 1088//1088 976//976 974//974
f 1088//1088 974//974 1093//1093
f 1093//1093 974//974 972//972
f 1093//1093 972//972 970//970
f 956//956 954//954 1089//1089
f 1089//1089 954//954 952//952
f 1089//1089 952//952 1087//1087
f 1087//1087 952//952 950//950
f 1087//1087 950//950 948//948
f 942//942 940//940 1092//1092
f 1092//1092 940//940 937//937
f 1092//1092 937//937 1088//1088
f 1088//1088 937//937 938//938
f 1088//1088 938//938 980//980
f 958//958 1089//1089 964//964
f 964//964 1089//1089 1095//1095
f 964//964 1095//1095 966//966
f 966//966 1095//1095 1096//1096
f 966//966 1096//1096 1093//1093
f 1093//1093 1096//1096 1097//1097
f 1093//1093 1097//1097 1098//1098
f 1099//1099 1100//1100 1101//1101
f 1009//1009 1102//1102 1103//1103
f 1023//1023 1025//1025 1104//1104
f 1105//1105 1106//1106 782//782
f 1103//1103 1107//1107 1001//1001
f 1001//1001 1107//1107 999//999
f 1108//1108 1109//1109 1110//1110
f 987//987 989//989 1111//1111
f 1111//1111 989//989 991//991
f 1007//1007 1009//1009 1005//1005
f 1005//1005 1009//1009 1103//1103
f 1005//1005 1103//1103 1003//1003
f 1003//1003 1103//1103 1001//1001
f 995//995 997//997 993//993
f 993//993 997//997 999//999
f 1107//1107 1112//1112 1113//1113
f 1025//1025 982//982 1104//1104
f 1104//1104 982//982 981//981
f 1104//1104 981//981 1111//1111
f 1111//1111 981//981 985//985
f 1111//1111 985//985 987//987
f 999//999 1107//1107 993//993
f 993//993 1107//1107 1113//1113
f 993//993 1113//1113 991//991
f 991//991 1113//1113 1114//1114
f 991//991 1114//1114 1111//1111
f 1115//1115 1013//1013 1015//1015
f 1102//1102 1009//1009 1115//1115
f 1115//1115 1009//1009 1011//1011
f 1115//1115 1011//1011 1013//1013
f 1015//1015 1017//1017 1115//1115
f 1115//1115 1017//1017 1019//1019
f 1115//1115 1019//1019 1104//1104
f 1104//1104 1019//1019 1021//1021
f 1104//1104 1021//1021 1023//1023
f 1112//1112 1107//1107 1106//1106
f 1106//1106 1107//1107 1116//1116
f 1106//1106 1116//1116 1117//1117
f 1117//1117 788//788 786//786
f 1118//1118 1119//1119 1120//1120
f 1120//1120 1119//1119 1121//1121
f 1120//1120 1121//1121 1122//1122
f 1122//1122 1121//1121 794//794
f 1122//1122 794//794 792//792
f 1105//1105 782//782 1123//1123
f 1123//1123 782//782 1124//1124
f 1123//1123 1124//1124 1125//1125
f 1117//1117 786//786 1106//1106
f 1106//1106 786//786 784//784
f 1106//1106 784//784 782//782
f 1108//1108 1110//1110 1126//1126
f 788//788 1117//1117 790//790
f 790//790 1117//1117 1126//1126
f 790//790 1126//1126 792//792
f 792//792 1126//1126 1110//1110
f 792//792 1110//1110 1122//1122
f 1127//1127 1128//1128 1129//1129
f 1129//1129 1128//1128 1130//1130
f 1129//1129 1130//1130 1131//1131
f 1131//1131 1130//1130 1119//1119
f 1131//1131 1119//1119 1099//1099
f 1099//1099 1119//1119 1118//1118
f 1099//1099 1118//1118 1100//1100
f 1100//1100 1118//1118 1132//1132
f 977//977 979//979 1133//1133
f 1134//1134 945//945 947//947
f 967//967 969//969 1135//1135
f 1134//1134 1136//1136 945//945
f 945//945 1136//1136 1137//1137
f 945//945 1137//1137 943//943
f 943//943 1137//1137 941//941
f 969//969 971//971 1135//1135
f 1135//1135 971//971 973//973
f 1135//1135 973//973 1133//1133
f 1133//1133 973//973 975//975
f 1133//1133 975//975 977//977
f 979//979 936//936 1133//1133
f 1133//1133 936//936 935//935
f 1133//1133 935//935 1137//1137
f 1137//1137 935//935 939//939
f 1137//1137 939//939 941//941
f 947//947 949//949 1134//1134
f 1134//1134 949//949 951//951
f 1134//1134 951//951 1138//1138
f 1138//1138 951//951 953//953
f 953//953 955//955 1138//1138
f 1138//1138 955//955 957//957
f 1138//1138 957//957 963//963
f 963//963 957//957 959//959
f 963//963 959//959 961//961
f 1124//1124 1128//1128 1125//1125
f 1125//1125 1128//1128 1127//1127
f 1125//1125 1127//1127 1139//1139
f 1139//1139 1127//1127 1140//1140
f 1139//1139 1140//1140 1141//1141
f 1141//1141 1140//1140 1138//1138
f 1141//1141 1138//1138 1142//1142
f 1142//1142 1138//1138 963//963
f 1142//1142 963//963 1135//1135
f 1135//1135 963//963 965//965
f 1135//1135 965//965 967//967
f 1143//1143 1144//1144 1135//1135
f 1135//1135 1144//1144 1145//1145
f 1135//1135 1145//1145 1142//1142
f 933//933 1146//1146 1147//1147
f 901//901 903//903 1148//1148
f 923//923 925//925 1149//1149
f 1150//1150 911//911 913//913
f 1151//1151 915//915 1152//1152
f 1152//1152 915//915 917//917
f 917//917 919//919 921//921
f 1132//1132 1153//1153 1100//1100
f 1100//1100 1153//1153 1149//1149
f 1100//1100 1149//1149 1101//1101
f 1153//1153 1152//1152 1149//1149
f 1149//1149 1152//1152 917//917
f 1149//1149 917//917 923//923
f 923//923 917//917 921//921
f 933//933 889//889 1154//1154
f 1154//1154 889//889 891//891
f 1154//1154 891//891 893//893
f 903//903 905//905 1148//1148
f 1148//1148 905//905 907//907
f 1148//1148 907//907 1150//1150
f 1150//1150 907//907 909//909
f 1150//1150 909//909 911//911
f 925//925 927//927 1149//1149
f 1149//1149 927//927 929//929
f 1149//1149 929//929 1147//1147
f 1147//1147 929//929 931//931
f 1147//1147 931//931 933//933
f 893//893 895//895 1154//1154
f 1154//1154 895//895 897//897
f 1154//1154 897//897 1148//1148
f 1148//1148 897//897 899//899
f 1148//1148 899//899 901//901
f 933//933 1154//1154 1146//1146
f 1146//1146 1154//1154 1155//1155
f 1146//1146 1155//1155 1156//1156
f 913//913 915//915 1150//1150
f 1150//1150 915//915 1151//1151
f 1150//1150 1151//1151 1157//1157
f 1157//1157 1151//1151 1158//1158
f 1159//1159 1160//1160 1161//1161
f 847//847 1160//1160 843//843
f 843//843 1160//1160 1162//1162
f 843//843 1162//1162 844//844
f 1163//1163 875//875 877//877
f 865//865 867//867 1164//1164
f 865//865 1164//1164 863//863
f 1159//1159 1161//1161 1109//1109
f 1109//1109 1161//1161 1165//1165
f 1109//1109 1165//1165 1110//1110
f 867//867 869//869 1164//1164
f 1164//1164 869//869 871//871
f 1164//1164 871//871 1163//1163
f 1163//1163 871//871 873//873
f 1163//1163 873//873 875//875
f 844//844 1166//1166 887//887
f 887//887 1166//1166 885//885
f 847//847 849//849 1160//1160
f 1160//1160 849//849 851//851
f 1160//1160 851//851 1161//1161
f 1161//1161 851//851 853//853
f 863//863 1164//1164 861//861
f 861//861 1164//1164 1167//1167
f 861//861 1167//1167 1168//1168
f 877//877 879//879 1163//1163
f 1163//1163 879//879 881//881
f 1163//1163 881//881 1166//1166
f 1166//1166 881//881 883//883
f 1166//1166 883//883 885//885
f 853//853 855//855 1161//1161
f 1161//1161 855//855 857//857
f 1161//1161 857//857 1168//1168
f 1168//1168 857//857 859//859
f 1168//1168 859//859 861//861
f 844//844 1162//1162 1166//1166
f 1166//1166 1162//1162 1169//1169
f 1166//1166 1169//1169 1170//1170
f 1115//1115 1104//1104 1033//1033
f 1033//1033 1104//1104 1030//1030
f 1104//1104 1111//1111 1030//1030
f 1030//1030 1111//1111 1034//1034
f 1111//1111 1114//1114 1034//1034
f 1034//1034 1114//1114 1039//1039
f 1114//1114 1113//1113 1039//1039
f 1039//1039 1113//1113 1040//1040
f 1113//1113 1112//1112 1040//1040
f 1040//1040 1112//1112 1041//1041
f 1112//1112 1106//1106 1041//1041
f 1041//1041 1106//1106 1043//1043
f 1106//1106 1105//1105 1043//1043
f 1043//1043 1105//1105 1035//1035
f 1105//1105 1123//1123 1035//1035
f 1035//1035 1123//1123 1055//1055
f 1123//1123 1125//1125 1055//1055
f 1055//1055 1125//1125 1054//1054
f 1054//1054 1125//1125 1090//1090
f 1090//1090 1125//1125 1139//1139
f 1090//1090 1139//1139 1094//1094
f 1094//1094 1139//1139 1141//1141
f 1141//1141 1142//1142 1094//1094
f 1094//1094 1142//1142 1095//1095
f 1095//1095 1142//1142 1096//1096
f 1096//1096 1142//1142 1145//1145
f 1096//1096 1145//1145 1097//1097
f 1097//1097 1145//1145 1144//1144
f 1144//1144 1143//1143 1097//1097
f 1097//1097 1143//1143 1098//1098
f 1098//1098 1143//1143 1093//1093
f 1093//1093 1143//1143 1135//1135
f 1093//1093 1135//1135 1088//1088
f 1088//1088 1135//1135 1133//1133
f 1133//1133 1137//1137 1088//1088
f 1088//1088 1137//1137 1092//1092
f 1137//1137 1136//1136 1092//1092
f 1092//1092 1136//1136 1086//1086
f 1136//1136 1134//1134 1086//1086
f 1086//1086 1134//1134 1087//1087
f 1134//1134 1138//1138 1087//1087
f 1087//1087 1138//1138 1089//1089
f 1138//1138 1140//1140 1089//1089
f 1089//1089 1140//1140 1091//1091
f 1129//1129 1051//1051 1127//1127
f 1127//1127 1051//1051 1052//1052
f 1127//1127 1052//1052 1140//1140
f 1140//1140 1052//1052 1091//1091
f 1129//1129 1131//1131 1051//1051
f 1051//1051 1131//1131 1073//1073
f 1101//1101 1074//1074 1099//1099
f 1099//1099 1074//1074 1073//1073
f 1099//1099 1073//1073 1131//1131
f 1074//1074 1101//1101 1076//1076
f 1076//1076 1101//1101 1149//1149
f 1076//1076 1149//1149 1077//1077
f 1149//1149 1147//1147 1077//1077
f 1077//1077 1147//1147 1084//1084
f 1084//1084 1147//1147 1027//1027
f 1027//1027 1147//1147 1146//1146
f 1027//1027 1146//1146 1028//1028
f 1028//1028 1146//1146 1156//1156
f 1156//1156 1155//1155 1028//1028
f 1028//1028 1155//1155 1029//1029
f 1029//1029 1155//1155 1078//1078
f 1078//1078 1155//1155 1154//1154
f 1078//1078 1154//1154 1071//1071
f 1071//1071 1154//1154 1148//1148
f 1071//1071 1148//1148 1072//1072
f 1072//1072 1148//1148 1150//1150
f 1072//1072 1150//1150 1082//1082
f 1082//1082 1150//1150 1157//1157
f 1157//1157 1158//1158 1082//1082
f 1082//1082 1158//1158 1083//1083
f 1083//1083 1158//1158 1081//1081
f 1081//1081 1158//1158 1151//1151
f 1081//1081 1151//1151 1080//1080
f 1080//1080 1151//1151 1152//1152
f 1152//1152 1153//1153 1080//1080
f 1080//1080 1153//1153 1079//1079
f 1118//1118 1085//1085 1132//1132
f 1132//1132 1085//1085 1079//1079
f 1132//1132 1079//1079 1153//1153
f 1085//1085 1118//1118 1045//1045
f 1045//1045 1118//1118 1120//1120
f 1045//1045 1120//1120 1047//1047
f 1120//1120 1122//1122 1047//1047
f 1047//1047 1122//1122 1048//1048
f 1048//1048 1122//1122 1069//1069
f 1069//1069 1122//1122 1110//1110
f 1069//1069 1110//1110 1067//1067
f 1067//1067 1110//1110 1165//1165
f 1165//1165 1161//1161 1067//1067
f 1067//1067 1161//1161 1061//1061
f 1161//1161 1168//1168 1061//1061
f 1061//1061 1168//1168 1057//1057
f 1168//1168 1167//1167 1057//1057
f 1057//1057 1167//1167 1059//1059
f 1167//1167 1164//1164 1059//1059
f 1059//1059 1164//1164 1058//1058
f 1164//1164 1163//1163 1058//1058
f 1058//1058 1163//1163 1056//1056
f 1056//1056 1163//1163 1060//1060
f 1060//1060 1163//1163 1166//1166
f 1060//1060 1166//1166 1062//1062
f 1062//1062 1166//1166 1170//1170
f 1170//1170 1169//1169 1062//1062
f 1062//1062 1169//1169 1063//1063
f 1063//1063 1169//1169 1064//1064
f 1064//1064 1169//1169 1162//1162
f 1064//1064 1162//1162 1065//1065
f 1065//1065 1162//1162 1160//1160
f 1160//1160 1159//1159 1065//1065
f 1065//1065 1159//1159 1066//1066
f 1066//1066 1159//1159 1068//1068
f 1068//1068 1159//1159 1109//1109
f 1068//1068 1109//1109 1070//1070
f 1070//1070 1109//1109 1108//1108
f 1108//1108 1126//1126 1070//1070
f 1070//1070 1126//1126 1038//1038
f 1126//1126 1117//1117 1038//1038
f 1038//1038 1117//1117 1037//1037
f 1117//1117 1116//1116 1037//1037
f 1037//1037 1116//1116 1042//1042
f 1116//1116 1107//1107 1042//1042
f 1042//1042 1107//1107 1036//1036
f 1107//1107 1103//1103 1036//1036
f 1036//1036 1103//1103 1031//1031
f 1103//1103 1102//1102 1031//1031
f 1031//1031 1102//1102 1032//1032
f 1102//1102 1115//1115 1032//1032
f 1032//1032 1115//1115 1033//1033
f 810//810 826//826 808//808
f 808//808 826//826 827//827
f 808//808 827//827 806//806
f 806//806 827//827 829//829
f 806//806 829//829 804//804
f 804//804 829//829 831//831
f 804//804 831//831 802//802
f 802//802 831//831 833//833
f 802//802 833//833 800//800
f 800//800 833//833 835//835
f 800//800 835//835 799//799
f 799//799 835//835 837//837
f 824//824 825//825 828//828
f 828//828 825//825 1053//1053
f 828//828 1053//1053 830//830
f 830//830 1053//1053 1050//1050
f 830//830 1050//1050 832//832
f 832//832 1050//1050 1049//1049
f 832//832 1049//1049 834//834
f 834//834 1049//1049 1044//1044
f 834//834 1044//1044 836//836
f 836//836 1044//1044 1046//1046
f 836//836 1046//1046 812//812
f 812//812 1046//1046 813//813
f 793//793 794//794 801//801
f 801//801 794//794 1121//1121
f 801//801 1121//1121 803//803
f 803//803 1121//1121 1119//1119
f 803//803 1119//1119 805//805
f 805//805 1119//1119 1130//1130
f 805//805 1130//1130 807//807
f 807//807 1130//1130 1128//1128
f 807//807 1128//1128 809//809
f 809//809 1128//1128 1124//1124
f 809//809 1124//1124 781//781
f 781//781 1124//1124 782//782
f 1171//1171 1172//1172 1173//1173
f 1173//1173 1172//1172 1174//1174
f 1173//1173 1174//1174 1175//1175
f 1175//1175 1174//1174 1176//1176
f 1175//1175 1176//1176 1177//1177
f 1177//1177 1176//1176 1178//1178
f 1177//1177 1178//1178 1179//1179
f 1179//1179 1178//1178 1180//1180
f 1179//1179 1180//1180 1181//1181
f 1181//1181 1180//1180 1182//1182
f 1181//1181 1182//1182 1183//1183
f 1183//1183 1182//1182 1184//1184
f 1185//1185 1175//1175 1186//1186
f 1186//1186 1175//1175 1177//1177
f 1186//1186 1177//1177 1187//1187
f 1187//1187 1177//1177 1179//1179
f 1187//1187 1179//1179 1188//1188
f 1188//1188 1179//1179 1181//1181
f 1188//1188 1181//1181 1189//1189
f 1189//1189 1181//1181 1183//1183
f 1189//1189 1183//1183 1190//1190
f 1190//1190 1183//1183 1191//1191
f 1190//1190 1191//1191 1192//1192
f 1192//1192 1191//1191 1193//1193
f 1192//1192 1193//1193 1194//1194
f 1194//1194 1193//1193 1195//1195
f 1194//1194 1195//1195 1196//1196
f 1196//1196 1195//1195 1197//1197
f 1196//1196 1197//1197 1198//1198
f 1198//1198 1197//1197 1199//1199
f 1198//1198 1199//1199 1200//1200
f 1200//1200 1199//1199 1171//1171
f 1200//1200 1171//1171 1201//1201
f 1201//1201 1171//1171 1173//1173
f 1201//1201 1173//1173 1185//1185
f 1185//1185 1173//1173 1175//1175
f 1202//1202 1203//1203 1204//1204
f 1204//1204 1203//1203 1205//1205
f 1204//1204 1205//1205 1206//1206
f 1206//1206 1205//1205 1207//1207
f 1206//1206 1207//1207 1208//1208
f 1208//1208 1207//1207 1209//1209
f 1208//1208 1209//1209 1210//1210
f 1210//1210 1209//1209 1211//1211
f 1210//1210 1211//1211 1212//1212
f 1212//1212 1211//1211 1213//1213
f 1212//1212 1213//1213 1214//1214
f 1214//1214 1213//1213 1215//1215
f 1216//1216 1214//1214 1217//1217
f 1217//1217 1214//1214 1218//1218
f 1217//1217 1218//1218 1219//1219
f 1219//1219 1218//1218 1220//1220
f 1219//1219 1220//1220 1221//1221
f 1221//1221 1220//1220 1222//1222
f 1221//1221 1222//1222 1223//1223
f 1223//1223 1222//1222 1224//1224
f 1223//1223 1224//1224 1225//1225
f 1225//1225 1224//1224 1226//1226
f 1225//1225 1226//1226 1227//1227
f 1227//1227 1226//1226 1202//1202
f 1227//1227 1202//1202 1228//1228
f 1228//1228 1202//1202 1204//1204
f 1228//1228 1204//1204 1229//1229
f 1229//1229 1204//1204 1206//1206
f 1229//1229 1206//1206 1230//1230
f 1230//1230 1206//1206 1208//1208
f 1230//1230 1208//1208 1231//1231
f 1231//1231 1208//1208 1210//1210
f 1231//1231 1210//1210 1232//1232
f 1232//1232 1210//1210 1212//1212
f 1232//1232 1212//1212 1216//1216
f 1216//1216 1212//1212 1214//1214
f 1233//1233 1234//1234 1235//1235
f 1235//1235 1234//1234 1236//1236
f 1237//1237 1233//1233 1238//1238
f 1238//1238 1233//1233 1235//1235
f 1239//1239 1237//1237 1240//1240
f 1240//1240 1237//1237 1238//1238
f 1239//1239 1240//1240 1241//1241
f 1241//1241 1240//1240 1242//1242
f 1241//1241 1242//1242 1243//1243
f 1243//1243 1242//1242 1244//1244
f 1243//1243 1244//1244 1245//1245
f 1245//1245 1244//1244 1246//1246
f 1245//1245 1246//1246 1247//1247
f 1247//1247 1246//1246 1248//1248
f 1249//1249 1247//1247 1250//1250
f 1250//1250 1247//1247 1248//1248
f 1251//1251 1249//1249 1252//1252
f 1252//1252 1249//1249 1250//1250
f 1253//1253 1251//1251 1254//1254
f 1254//1254 1251//1251 1252//1252
f 1253//1253 1254//1254 1255//1255
f 1255//1255 1254//1254 1256//1256
f 1255//1255 1256//1256 1257//1257
f 1257//1257 1256//1256 1258//1258
f 1257//1257 1258//1258 1259//1259
f 1259//1259 1258//1258 1260//1260
f 1259//1259 1260//1260 1261//1261
f 1261//1261 1260//1260 1262//1262
f 1263//1263 1261//1261 1264//1264
f 1264//1264 1261//1261 1262//1262
f 1263//1263 1264//1264 1265//1265
f 1265//1265 1264//1264 1266//1266
f 1265//1265 1266//1266 1267//1267
f 1267//1267 1266//1266 1268//1268
f 1267//1267 1268//1268 1269//1269
f 1269//1269 1268//1268 1270//1270
f 1271//1271 1269//1269 1272//1272
f 1272//1272 1269//1269 1270//1270
f 1271//1271 1272//1272 1273//1273
f 1273//1273 1272//1272 1274//1274
f 1273//1273 1274//1274 1275//1275
f 1275//1275 1274//1274 1276//1276
f 1275//1275 1276//1276 1277//1277
f 1277//1277 1276//1276 1278//1278
f 1277//1277 1278//1278 1234//1234
f 1234//1234 1278//1278 1236//1236
f 1279//1279 1280//1280 1281//1281
f 1281//1281 1280//1280 1282//1282
f 1281//1281 1282//1282 1283//1283
f 1283//1283 1282//1282 1284//1284
f 1283//1283 1284//1284 1285//1285
f 1285//1285 1284//1284 1286//1286
f 1285//1285 1286//1286 1287//1287
f 1287//1287 1286//1286 1288//1288
f 1289//1289 1287//1287 1290//1290
f 1290//1290 1287//1287 1288//1288
f 1289//1289 1290//1290 1291//1291
f 1291//1291 1290//1290 1292//1292
f 1291//1291 1292//1292 1293//1293
f 1293//1293 1292//1292 1294//1294
f 1293//1293 1294//1294 1295//1295
f 1295//1295 1294//1294 1296//1296
f 1297//1297 1295//1295 1298//1298
f 1298//1298 1295//1295 1296//1296
f 1297//1297 1298//1298 1299//1299
f 1299//1299 1298//1298 1300//1300
f 1299//1299 1300//1300 1301//1301
f 1301//1301 1300//1300 1302//1302
f 1301//1301 1302//1302 1303//1303
f 1303//1303 1302//1302 1304//1304
f 1303//1303 1304//1304 1305//1305
f 1305//1305 1304//1304 1306//1306
f 1307//1307 1305//1305 1308//1308
f 1308//1308 1305//1305 1306//1306
f 1309//1309 1307//1307 1310//1310
f 1310//1310 1307//1307 1308//1308
f 1311//1311 1309//1309 1312//1312
f 1312//1312 1309//1309 1310//1310
f 1311//1311 1312//1312 1313//1313
f 1313//1313 1312//1312 1314//1314
f 1313//1313 1314//1314 1315//1315
f 1315//1315 1314//1314 1316//1316
f 1315//1315 1316//1316 1317//1317
f 1317//1317 1316//1316 1318//1318
f 1317//1317 1318//1318 1319//1319
f 1319//1319 1318//1318 1320//1320
f 1321//1321 1319//1319 1322//1322
f 1322//1322 1319//1319 1320//1320
f 1323//1323 1321//1321 1324//1324
f 1324//1324 1321//1321 1322//1322
f 1279//1279 1323//1323 1280//1280
f 1280//1280 1323//1323 1324//1324
f 1189//1189 1227//1227 1188//1188
f 1188//1188 1227//1227 1228//1228
f 1188//1188 1228//1228 1187//1187
f 1187//1187 1228//1228 1229//1229
f 1187//1187 1229//1229 1186//1186
f 1186//1186 1229//1229 1230//1230
f 1186//1186 1230//1230 1185//1185
f 1185//1185 1230//1230 1231//1231
f 1185//1185 1231//1231 1201//1201
f 1201//1201 1231//1231 1232//1232
f 1201//1201 1232//1232 1200//1200
f 1200//1200 1232//1232 1216//1216
f 1325//1325 1326//1326 1327//1327
f 1327//1327 1326//1326 1328//1328
f 1325//1325 1327//1327 1329//1329
f 1329//1329 1327//1327 1330//1330
f 1329//1329 1330//1330 1331//1331
f 1331//1331 1330//1330 1332//1332
f 1331//1331 1332//1332 1333//1333
f 1333//1333 1332//1332 1334//1334
f 1333//1333 1334//1334 1335//1335
f 1335//1335 1334//1334 1336//1336
f 1337//1337 1335//1335 1338//1338
f 1338//1338 1335//1335 1336//1336
f 1339//1339 1337//1337 1340//1340
f 1340//1340 1337//1337 1338//1338
f 1341//1341 1339//1339 1342//1342
f 1342//1342 1339//1339 1340//1340
f 1341//1341 1342//1342 1343//1343
f 1343//1343 1342//1342 1344//1344
f 1343//1343 1344//1344 1345//1345
f 1345//1345 1344//1344 1346//1346
f 1345//1345 1346//1346 1347//1347
f 1347//1347 1346//1346 1348//1348
f 1347//1347 1348//1348 1349//1349
f 1349//1349 1348//1348 1350//1350
f 1351//1351 1349//1349 1352//1352
f 1352//1352 1349//1349 1350//1350
f 1353//1353 1351//1351 1354//1354
f 1354//1354 1351//1351 1352//1352
f 1355//1355 1353//1353 1356//1356
f 1356//1356 1353//1353 1354//1354
f 1355//1355 1356//1356 1357//1357
f 1357//1357 1356//1356 1358//1358
f 1357//1357 1358//1358 1359//1359
f 1359//1359 1358//1358 1360//1360
f 1359//1359 1360//1360 1361//1361
f 1361//1361 1360//1360 1362//1362
f 1361//1361 1362//1362 1363//1363
f 1363//1363 1362//1362 1364//1364
f 1365//1365 1363//1363 1366//1366
f 1366//1366 1363//1363 1364//1364
f 1365//1365 1366//1366 1367//1367
f 1367//1367 1366//1366 1368//1368
f 1367//1367 1368//1368 1369//1369
f 1369//1369 1368//1368 1370//1370
f 1369//1369 1370//1370 1326//1326
f 1326//1326 1370//1370 1328//1328
f 1371//1371 1372//1372 1373//1373
f 1373//1373 1372//1372 1374//1374
f 1371//1371 1373//1373 1375//1375
f 1375//1375 1373//1373 1376//1376
f 1375//1375 1376//1376 1377//1377
f 1377//1377 1376//1376 1378//1378
f 1377//1377 1378//1378 1379//1379
f 1379//1379 1378//1378 1380//1380
f 1379//1379 1380//1380 1381//1381
f 1381//1381 1380//1380 1382//1382
f 1383//1383 1381//1381 1384//1384
f 1384//1384 1381//1381 1382//1382
f 1385//1385 1383//1383 1386//1386
f 1386//1386 1383//1383 1384//1384
f 1387//1387 1385//1385 1388//1388
f 1388//1388 1385//1385 1386//1386
f 1387//1387 1388//1388 1389//1389
f 1389//1389 1388//1388 1390//1390
f 1389//1389 1390//1390 1391//1391
f 1391//1391 1390//1390 1392//1392
f 1391//1391 1392//1392 1393//1393
f 1393//1393 1392//1392 1394//1394
f 1393//1393 1394//1394 1395//1395
f 1395//1395 1394//1394 1396//1396
f 1397//1397 1395//1395 1398//1398
f 1398//1398 1395//1395 1396//1396
f 1399//1399 1397//1397 1400//1400
f 1400//1400 1397//1397 1398//1398
f 1401//1401 1399//1399 1402//1402
f 1402//1402 1399//1399 1400//1400
f 1401//1401 1402//1402 1403//1403
f 1403//1403 1402//1402 1404//1404
f 1403//1403 1404//1404 1405//1405
f 1405//1405 1404//1404 1406//1406
f 1405//1405 1406//1406 1407//1407
f 1407//1407 1406//1406 1408//1408
f 1407//1407 1408//1408 1409//1409
f 1409//1409 1408//1408 1410//1410
f 1411//1411 1409//1409 1412//1412
f 1412//1412 1409//1409 1410//1410
f 1411//1411 1412//1412 1413//1413
f 1413//1413 1412//1412 1414//1414
f 1413//1413 1414//1414 1415//1415
f 1415//1415 1414//1414 1416//1416
f 1415//1415 1416//1416 1372//1372
f 1372//1372 1416//1416 1374//1374
f 1417//1417 1418//1418 1419//1419
f 1420//1420 1416//1416 1414//1414
f 1421//1421 1422//1422 1400//1400
f 1400//1400 1422//1422 1423//1423
f 1384//1384 1382//1382 1424//1424
f 1424//1424 1382//1382 1380//1380
f 1424//1424 1380//1380 1378//1378
f 1215//1215 1213//1213 1425//1425
f 1378//1378 1376//1376 1424//1424
f 1424//1424 1376//1376 1373//1373
f 1424//1424 1373//1373 1420//1420
f 1420//1420 1373//1373 1374//1374
f 1420//1420 1374//1374 1416//1416
f 1406//1406 1404//1404 1423//1423
f 1423//1423 1404//1404 1402//1402
f 1423//1423 1402//1402 1400//1400
f 1400//1400 1398//1398 1421//1421
f 1421//1421 1398//1398 1396//1396
f 1421//1421 1396//1396 1426//1426
f 1426//1426 1396//1396 1394//1394
f 1414//1414 1412//1412 1420//1420
f 1420//1420 1412//1412 1410//1410
f 1420//1420 1410//1410 1423//1423
f 1423//1423 1410//1410 1408//1408
f 1423//1423 1408//1408 1406//1406
f 1211//1211 1209//1209 1427//1427
f 1394//1394 1392//1392 1426//1426
f 1426//1426 1392//1392 1390//1390
f 1426//1426 1390//1390 1384//1384
f 1384//1384 1390//1390 1388//1388
f 1384//1384 1388//1388 1386//1386
f 1427//1427 1209//1209 1428//1428
f 1424//1424 1429//1429 1384//1384
f 1384//1384 1429//1429 1430//1430
f 1384//1384 1430//1430 1426//1426
f 1426//1426 1430//1430 1431//1431
f 1426//1426 1431//1431 1432//1432
f 1431//1431 1433//1433 1432//1432
f 1432//1432 1433//1433 1425//1425
f 1432//1432 1425//1425 1427//1427
f 1427//1427 1425//1425 1213//1213
f 1427//1427 1213//1213 1211//1211
f 1434//1434 1435//1435 1436//1436
f 1436//1436 1435//1435 1437//1437
f 1436//1436 1437//1437 1203//1203
f 1203//1203 1437//1437 1438//1438
f 1203//1203 1438//1438 1205//1205
f 1205//1205 1438//1438 1207//1207
f 1439//1439 1440//1440 1441//1441
f 1441//1441 1440//1440 1442//1442
f 1440//1440 1443//1443 1444//1444
f 1215//1215 1425//1425 1443//1443
f 1443//1443 1425//1425 1445//1445
f 1443//1443 1445//1445 1444//1444
f 1268//1268 1266//1266 1446//1446
f 1447//1447 1254//1254 1252//1252
f 1266//1266 1264//1264 1446//1446
f 1446//1446 1264//1264 1262//1262
f 1446//1446 1262//1262 1448//1448
f 1448//1448 1262//1262 1260//1260
f 1448//1448 1260//1260 1258//1258
f 1447//1447 1449//1449 1254//1254
f 1254//1254 1449//1449 1448//1448
f 1254//1254 1448//1448 1256//1256
f 1256//1256 1448//1448 1258//1258
f 1235//1235 1236//1236 1450//1450
f 1450//1450 1236//1236 1278//1278
f 1450//1450 1278//1278 1276//1276
f 1252//1252 1250//1250 1447//1447
f 1447//1447 1250//1250 1248//1248
f 1447//1447 1248//1248 1451//1451
f 1451//1451 1248//1248 1246//1246
f 1276//1276 1274//1274 1450//1450
f 1450//1450 1274//1274 1272//1272
f 1450//1450 1272//1272 1446//1446
f 1446//1446 1272//1272 1270//1270
f 1446//1446 1270//1270 1268//1268
f 1246//1246 1244//1244 1451//1451
f 1451//1451 1244//1244 1242//1242
f 1451//1451 1242//1242 1235//1235
f 1235//1235 1242//1242 1240//1240
f 1235//1235 1240//1240 1238//1238
f 1452//1452 1453//1453 1450//1450
f 1450//1450 1453//1453 1454//1454
f 1450//1450 1454//1454 1235//1235
f 1235//1235 1454//1454 1455//1455
f 1235//1235 1455//1455 1451//1451
f 1451//1451 1455//1455 1456//1456
f 1451//1451 1456//1456 1457//1457
f 1457//1457 1456//1456 1458//1458
f 1457//1457 1458//1458 1459//1459
f 1459//1459 1458//1458 1460//1460
f 1459//1459 1460//1460 1438//1438
f 1438//1438 1460//1460 1428//1428
f 1438//1438 1428//1428 1207//1207
f 1207//1207 1428//1428 1209//1209
f 1461//1461 1294//1294 1292//1292
f 1462//1462 1298//1298 1461//1461
f 1461//1461 1298//1298 1296//1296
f 1461//1461 1296//1296 1294//1294
f 1439//1439 1441//1441 1434//1434
f 1434//1434 1441//1441 1463//1463
f 1434//1434 1463//1463 1435//1435
f 1435//1435 1463//1463 1464//1464
f 1435//1435 1464//1464 1465//1465
f 1465//1465 1464//1464 1466//1466
f 1465//1465 1466//1466 1467//1467
f 1306//1306 1304//1304 1462//1462
f 1284//1284 1282//1282 1468//1468
f 1468//1468 1282//1282 1280//1280
f 1306//1306 1462//1462 1308//1308
f 1304//1304 1302//1302 1462//1462
f 1462//1462 1302//1302 1300//1300
f 1462//1462 1300//1300 1298//1298
f 1292//1292 1290//1290 1461//1461
f 1461//1461 1290//1290 1288//1288
f 1461//1461 1288//1288 1468//1468
f 1468//1468 1288//1288 1286//1286
f 1468//1468 1286//1286 1284//1284
f 1322//1322 1320//1320 1324//1324
f 1324//1324 1320//1320 1318//1318
f 1324//1324 1318//1318 1469//1469
f 1469//1469 1318//1318 1316//1316
f 1316//1316 1314//1314 1469//1469
f 1469//1469 1314//1314 1312//1312
f 1469//1469 1312//1312 1470//1470
f 1470//1470 1312//1312 1310//1310
f 1310//1310 1308//1308 1470//1470
f 1470//1470 1308//1308 1462//1462
f 1470//1470 1462//1462 1471//1471
f 1471//1471 1462//1462 1472//1472
f 1471//1471 1472//1472 1473//1473
f 1419//1419 1468//1468 1417//1417
f 1417//1417 1468//1468 1280//1280
f 1417//1417 1280//1280 1474//1474
f 1474//1474 1280//1280 1324//1324
f 1474//1474 1324//1324 1467//1467
f 1467//1467 1324//1324 1469//1469
f 1467//1467 1469//1469 1465//1465
f 1465//1465 1469//1469 1475//1475
f 1465//1465 1475//1475 1435//1435
f 1338//1338 1476//1476 1477//1477
f 1370//1370 1368//1368 1478//1478
f 1348//1348 1346//1346 1479//1479
f 1440//1440 1444//1444 1442//1442
f 1442//1442 1444//1444 1480//1480
f 1442//1442 1480//1480 1481//1481
f 1482//1482 1334//1334 1332//1332
f 1360//1360 1358//1358 1483//1483
f 1483//1483 1358//1358 1356//1356
f 1481//1481 1480//1480 1479//1479
f 1479//1479 1480//1480 1484//1484
f 1479//1479 1484//1484 1485//1485
f 1476//1476 1338//1338 1482//1482
f 1482//1482 1338//1338 1336//1336
f 1482//1482 1336//1336 1334//1334
f 1352//1352 1350//1350 1354//1354
f 1354//1354 1350//1350 1348//1348
f 1368//1368 1366//1366 1478//1478
f 1478//1478 1366//1366 1364//1364
f 1478//1478 1364//1364 1483//1483
f 1483//1483 1364//1364 1362//1362
f 1483//1483 1362//1362 1360//1360
f 1346//1346 1344//1344 1479//1479
f 1479//1479 1344//1344 1342//1342
f 1479//1479 1342//1342 1477//1477
f 1477//1477 1342//1342 1340//1340
f 1477//1477 1340//1340 1338//1338
f 1332//1332 1330//1330 1482//1482
f 1482//1482 1330//1330 1327//1327
f 1482//1482 1327//1327 1478//1478
f 1478//1478 1327//1327 1328//1328
f 1478//1478 1328//1328 1370//1370
f 1348//1348 1479//1479 1354//1354
f 1354//1354 1479//1479 1485//1485
f 1354//1354 1485//1485 1356//1356
f 1356//1356 1485//1485 1486//1486
f 1356//1356 1486//1486 1483//1483
f 1483//1483 1486//1486 1487//1487
f 1483//1483 1487//1487 1488//1488
f 1489//1489 1490//1490 1491//1491
f 1399//1399 1492//1492 1493//1493
f 1413//1413 1415//1415 1494//1494
f 1495//1495 1496//1496 1172//1172
f 1493//1493 1497//1497 1391//1391
f 1391//1391 1497//1497 1389//1389
f 1498//1498 1499//1499 1500//1500
f 1377//1377 1379//1379 1501//1501
f 1501//1501 1379//1379 1381//1381
f 1397//1397 1399//1399 1395//1395
f 1395//1395 1399//1399 1493//1493
f 1395//1395 1493//1493 1393//1393
f 1393//1393 1493//1493 1391//1391
f 1385//1385 1387//1387 1383//1383
f 1383//1383 1387//1387 1389//1389
f 1497//1497 1502//1502 1503//1503
f 1415//1415 1372//1372 1494//1494
f 1494//1494 1372//1372 1371//1371
f 1494//1494 1371//1371 1501//1501
f 1501//1501 1371//1371 1375//1375
f 1501//1501 1375//1375 1377//1377
f 1389//1389 1497//1497 1383//1383
f 1383//1383 1497//1497 1503//1503
f 1383//1383 1503//1503 1381//1381
f 1381//1381 1503//1503 1504//1504
f 1381//1381 1504//1504 1501//1501
f 1505//1505 1403//1403 1405//1405
f 1492//1492 1399//1399 1505//1505
f 1505//1505 1399//1399 1401//1401
f 1505//1505 1401//1401 1403//1403
f 1405//1405 1407//1407 1505//1505
f 1505//1505 1407//1407 1409//1409
f 1505//1505 1409//1409 1494//1494
f 1494//1494 1409//1409 1411//1411
f 1494//1494 1411//1411 1413//1413
f 1502//1502 1497//1497 1496//1496
f 1496//1496 1497//1497 1506//1506
f 1496//1496 1506//1506 1507//1507
f 1507//1507 1178//1178 1176//1176
f 1508//1508 1509//1509 1510//1510
f 1510//1510 1509//1509 1511//1511
f 1510//1510 1511//1511 1512//1512
f 1512//1512 1511//1511 1184//1184
f 1512//1512 1184//1184 1182//1182
f 1495//1495 1172//1172 1513//1513
f 1513//1513 1172//1172 1514//1514
f 1513//1513 1514//1514 1515//1515
f 1507//1507 1176//1176 1496//1496
f 1496//1496 1176//1176 1174//1174
f 1496//1496 1174//1174 1172//1172
f 1498//1498 1500//1500 1516//1516
f 1178//1178 1507//1507 1180//1180
f 1180//1180 1507//1507 1516//1516
f 1180//1180 1516//1516 1182//1182
f 1182//1182 1516//1516 1500//1500
f 1182//1182 1500//1500 1512//1512
f 1517//1517 1518//1518 1519//1519
f 1519//1519 1518//1518 1520//1520
f 1519//1519 1520//1520 1521//1521
f 1521//1521 1520//1520 1509//1509
f 1521//1521 1509//1509 1489//1489
f 1489//1489 1509//1509 1508//1508
f 1489//1489 1508//1508 1490//1490
f 1490//1490 1508//1508 1522//1522
f 1367//1367 1369//1369 1523//1523
f 1524//1524 1335//1335 1337//1337
f 1357//1357 1359//1359 1525//1525
f 1524//1524 1526//1526 1335//1335
f 1335//1335 1526//1526 1527//1527
f 1335//1335 1527//1527 1333//1333
f 1333//1333 1527//1527 1331//1331
f 1359//1359 1361//1361 1525//1525
f 1525//1525 1361//1361 1363//1363
f 1525//1525 1363//1363 1523//1523
f 1523//1523 1363//1363 1365//1365
f 1523//1523 1365//1365 1367//1367
f 1369//1369 1326//1326 1523//1523
f 1523//1523 1326//1326 1325//1325
f 1523//1523 1325//1325 1527//1527
f 1527//1527 1325//1325 1329//1329
f 1527//1527 1329//1329 1331//1331
f 1337//1337 1339//1339 1524//1524
f 1524//1524 1339//1339 1341//1341
f 1524//1524 1341//1341 1528//1528
f 1528//1528 1341//1341 1343//1343
f 1343//1343 1345//1345 1528//1528
f 1528//1528 1345//1345 1347//1347
f 1528//1528 1347//1347 1353//1353
f 1353//1353 1347//1347 1349//1349
f 1353//1353 1349//1349 1351//1351
f 1514//1514 1518//1518 1515//1515
f 1515//1515 1518//1518 1517//1517
f 1515//1515 1517//1517 1529//1529
f 1529//1529 1517//1517 1530//1530
f 1529//1529 1530//1530 1531//1531
f 1531//1531 1530//1530 1528//1528
f 1531//1531 1528//1528 1532//1532
f 1532//1532 1528//1528 1353//1353
f 1532//1532 1353//1353 1525//1525
f 1525//1525 1353//1353 1355//1355
f 1525//1525 1355//1355 1357//1357
f 1533//1533 1534//1534 1525//1525
f 1525//1525 1534//1534 1535//1535
f 1525//1525 1535//1535 1532//1532
f 1323//1323 1536//1536 1537//1537
f 1291//1291 1293//1293 1538//1538
f 1313//1313 1315//1315 1539//1539
f 1540//1540 1301//1301 1303//1303
f 1541//1541 1305//1305 1542//1542
f 1542//1542 1305//1305 1307//1307
f 1307//1307 1309//1309 1311//1311
f 1522//1522 1543//1543 1490//1490
f 1490//1490 1543//1543 1539//1539
f 1490//1490 1539//1539 1491//1491
f 1543//1543 1542//1542 1539//1539
f 1539//1539 1542//1542 1307//1307
f 1539//1539 1307//1307 1313//1313
f 1313//1313 1307//1307 1311//1311
f 1323//1323 1279//1279 1544//1544
f 1544//1544 1279//1279 1281//1281
f 1544//1544 1281//1281 1283//1283
f 1293//1293 1295//1295 1538//1538
f 1538//1538 1295//1295 1297//1297
f 1538//1538 1297//1297 1540//1540
f 1540//1540 1297//1297 1299//1299
f 1540//1540 1299//1299 1301//1301
f 1315//1315 1317//1317 1539//1539
f 1539//1539 1317//1317 1319//1319
f 1539//1539 1319//1319 1537//1537
f 1537//1537 1319//1319 1321//1321
f 1537//1537 1321//1321 1323//1323
f 1283//1283 1285//1285 1544//1544
f 1544//1544 1285//1285 1287//1287
f 1544//1544 1287//1287 1538//1538
f 1538//1538 1287//1287 1289//1289
f 1538//1538 1289//1289 1291//1291
f 1323//1323 1544//1544 1536//1536
f 1536//1536 1544//1544 1545//1545
f 1536//1536 1545//1545 1546//1546
f 1303//1303 1305//1305 1540//1540
f 1540//1540 1305//1305 1541//1541
f 1540//1540 1541//1541 1547//1547
f 1547//1547 1541//1541 1548//1548
f 1549//1549 1550//1550 1551//1551
f 1237//1237 1550//1550 1233//1233
f 1233//1233 1550//1550 1552//1552
f 1233//1233 1552//1552 1234//1234
f 1553//1553 1265//1265 1267//1267
f 1255//1255 1257//1257 1554//1554
f 1255//1255 1554//1554 1253//1253
f 1549//1549 1551//1551 1499//1499
f 1499//1499 1551//1551 1555//1555
f 1499//1499 1555//1555 1500//1500
f 1257//1257 1259//1259 1554//1554
f 1554//1554 1259//1259 1261//1261
f 1554//1554 1261//1261 1553//1553
f 1553//1553 1261//1261 1263//1263
f 1553//1553 1263//1263 1265//1265
f 1234//1234 1556//1556 1277//1277
f 1277//1277 1556//1556 1275//1275
f 1237//1237 1239//1239 1550//1550
f 1550//1550 1239//1239 1241//1241
f 1550//1550 1241//1241 1551//1551
f 1551//1551 1241//1241 1243//1243
f 1253//1253 1554//1554 1251//1251
f 1251//1251 1554//1554 1557//1557
f 1251//1251 1557//1557 1558//1558
f 1267//1267 1269//1269 1553//1553
f 1553//1553 1269//1269 1271//1271
f 1553//1553 1271//1271 1556//1556
f 1556//1556 1271//1271 1273//1273
f 1556//1556 1273//1273 1275//1275
f 1243//1243 1245//1245 1551//1551
f 1551//1551 1245//1245 1247//1247
f 1551//1551 1247//1247 1558//1558
f 1558//1558 1247//1247 1249//1249
f 1558//1558 1249//1249 1251//1251
f 1234//1234 1552//1552 1556//1556
f 1556//1556 1552//1552 1559//1559
f 1556//1556 1559//1559 1560//1560
f 1505//1505 1494//1494 1423//1423
f 1423//1423 1494//1494 1420//1420
f 1494//1494 1501//1501 1420//1420
f 1420//1420 1501//1501 1424//1424
f 1501//1501 1504//1504 1424//1424
f 1424//1424 1504//1504 1429//1429
f 1504//1504 1503//1503 1429//1429
f 1429//1429 1503//1503 1430//1430
f 1503//1503 1502//1502 1430//1430
f 1430//1430 1502//1502 1431//1431
f 1502//1502 1496//1496 1431//1431
f 1431//1431 1496//1496 1433//1433
f 1496//1496 1495//1495 1433//1433
f 1433//1433 1495//1495 1425//1425
f 1495//1495 1513//1513 1425//1425
f 1425//1425 1513//1513 1445//1445
f 1513//1513 1515//1515 1445//1445
f 1445//1445 1515//1515 1444//1444
f 1444//1444 1515//1515 1480//1480
f 1480//1480 1515//1515 1529//1529
f 1480//1480 1529//1529 1484//1484
f 1484//1484 1529//1529 1531//1531
f 1531//1531 1532//1532 1484//1484
f 1484//1484 1532//1532 1485//1485
f 1485//1485 1532//1532 1486//1486
f 1486//1486 1532//1532 1535//1535
f 1486//1486 1535//1535 1487//1487
f 1487//1487 1535//1535 1534//1534
f 1534//1534 1533//1533 1487//1487
f 1487//1487 1533//1533 1488//1488
f 1488//1488 1533//1533 1483//1483
f 1483//1483 1533//1533 1525//1525
f 1483//1483 1525//1525 1478//1478
f 1478//1478 1525//1525 1523//1523
f 1523//1523 1527//1527 1478//1478
f 1478//1478 1527//1527 1482//1482
f 1527//1527 1526//1526 1482//1482
f 1482//1482 1526//1526 1476//1476
f 1526//1526 1524//1524 1476//1476
f 1476//1476 1524//1524 1477//1477
f 1524//1524 1528//1528 1477//1477
f 1477//1477 1528//1528 1479//1479
f 1528//1528 1530//1530 1479//1479
f 1479//1479 1530//1530 1481//1481
f 1519//1519 1441//1441 1517//1517
f 1517//1517 1441//1441 1442//1442
f 1517//1517 1442//1442 1530//1530
f 1530//1530 1442//1442 1481//1481
f 1519//1519 1521//1521 1441//1441
f 1441//1441 1521//1521 1463//1463
f 1491//1491 1464//1464 1489//1489
f 1489//1489 1464//1464 1463//1463
f 1489//1489 1463//1463 1521//1521
f 1464//1464 1491//1491 1466//1466
f 1466//1466 1491//1491 1539//1539
f 1466//1466 1539//1539 1467//1467
f 1539//1539 1537//1537 1467//1467
f 1467//1467 1537//1537 1474//1474
f 1474//1474 1537//1537 1417//1417
f 1417//1417 1537//1537 1536//1536
f 1417//1417 1536//1536 1418//1418
f 1418//1418 1536//1536 1546//1546
f 1546//1546 1545//1545 1418//1418
f 1418//1418 1545//1545 1419//1419
f 1419//1419 1545//1545 1468//1468
f 1468//1468 1545//1545 1544//1544
f 1468//1468 1544//1544 1461//1461
f 1461//1461 1544//1544 1538//1538
f 1461//1461 1538//1538 1462//1462
f 1462//1462 1538//1538 1540//1540
f 1462//1462 1540//1540 1472//1472
f 1472//1472 1540//1540 1547//1547
f 1547//1547 1548//1548 1472//1472
f 1472//1472 1548//1548 1473//1473
f 1473//1473 1548//1548 1471//1471
f 1471//1471 1548//1548 1541//1541
f 1471//1471 1541//1541 1470//1470
f 1470//1470 1541//1541 1542//1542
f 1542//1542 1543//1543 1470//1470
f 1470//1470 1543//1543 1469//1469
f 1508//1508 1475//1475 1522//1522
f 1522//1522 1475//1475 1469//1469
f 1522//1522 1469//1469 1543//1543
f 1475//1475 1508//1508 1435//1435
f 1435//1435 1508//1508 1510//1510
f 1435//1435 1510//1510 1437//1437
f 1510//1510 1512//1512 1437//1437
f 1437//1437 1512//1512 1438//1438
f 1438//1438 1512//1512 1459//1459
f 1459//1459 1512//1512 1500//1500
f 1459//1459 1500//1500 1457//1457
f 1457//1457 1500//1500 1555//1555
f 1555//1555 1551//1551 1457//1457
f 1457//1457 1551//1551 1451//1451
f 1551//1551 1558//1558 1451//1451
f 1451//1451 1558//1558 1447//1447
f 1558//1558 1557//1557 1447//1447
f 1447//1447 1557//1557 1449//1449
f 1557//1557 1554//1554 1449//1449
f 1449//1449 1554//1554 1448//1448
f 1554//1554 1553//1553 1448//1448
f 1448//1448 1553//1553 1446//1446
f 1446//1446 1553//1553 1450//1450
f 1450//1450 1553//1553 1556//1556
f 1450//1450 1556//1556 1452//1452
f 1452//1452 1556//1556 1560//1560
f 1560//1560 1559//1559 1452//1452
f 1452//1452 1559//1559 1453//1453
f 1453//1453 1559//1559 1454//1454
f 1454//1454 1559//1559 1552//1552
f 1454//1454 1552//1552 1455//1455
f 1455//1455 1552//1552 1550//1550
f 1550//1550 1549//1549 1455//1455
f 1455//1455 1549//1549 1456//1456
f 1456//1456 1549//1549 1458//1458
f 1458//1458 1549//1549 1499//1499
f 1458//1458 1499//1499 1460//1460
f 1460//1460 1499//1499 1498//1498
f 1498//1498 1516//1516 1460//1460
f 1460//1460 1516//1516 1428//1428
f 1516//1516 1507//1507 1428//1428
f 1428//1428 1507//1507 1427//1427
f 1507//1507 1506//1506 1427//1427
f 1427//1427 1506//1506 1432//1432
f 1506//1506 1497//1497 1432//1432
f 1432//1432 1497//1497 1426//1426
f 1497//1497 1493//1493 1426//1426
f 1426//1426 1493//1493 1421//1421
f 1493//1493 1492//1492 1421//1421
f 1421//1421 1492//1492 1422//1422
f 1492//1492 1505//1505 1422//1422
f 1422//1422 1505//1505 1423//1423
f 1200//1200 1216//1216 1198//1198
f 1198//1198 1216//1216 1217//1217
f 1198//1198 1217//1217 1196//1196
f 1196//1196 1217//1217 1219//1219
f 1196//1196 1219//1219 1194//1194
f 1194//1194 1219//1219 1221//1221
f 1194//1194 1221//1221 1192//1192
f 1192//1192 1221//1221 1223//1223
f 1192//1192 1223//1223 1190//1190
f 1190//1190 1223//1223 1225//1225
f 1190//1190 1225//1225 1189//1189
f 1189//1189 1225//1225 1227//1227
f 1214//1214 1215//1215 1218//1218
f 1218//1218 1215//1215 1443//1443
f 1218//1218 1443//1443 1220//1220
f 1220//1220 1443//1443 1440//1440
f 1220//1220 1440//1440 1222//1222
f 1222//1222 1440//1440 1439//1439
f 1222//1222 1439//1439 1224//1224
f 1224//1224 1439//1439 1434//1434
f 1224//1224 1434//1434 1226//1226
f 1226//1226 1434//1434 1436//1436
f 1226//1226 1436//1436 1202//1202
f 1202//1202 1436//1436 1203//1203
f 1183//1183 1184//1184 1191//1191
f 1191//1191 1184//1184 1511//1511
f 1191//1191 1511//1511 1193//1193
f 1193//1193 1511//1511 1509//1509
f 1193//1193 1509//1509 1195//1195
f 1195//1195 1509//1509 1520//1520
f 1195//1195 1520//1520 1197//1197
f 1197//1197 1520//1520 1518//1518
f 1197//1197 1518//1518 1199//1199
f 1199//1199 1518//1518 1514//1514
f 1199//1199 1514//1514 1171//1171
f 1171//1171 1514//1514 1172//1172
f 1561//1561 1562//1562 1563//1563
f 1563//1563 1562//1562 1564//1564
f 1563//1563 1564//1564 1565//1565
f 1565//1565 1564//1564 1566//1566
f 1565//1565 1566//1566 1567//1567
f 1567//1567 1566//1566 1568//1568
f 1567//1567 1568//1568 1569//1569
f 1569//1569 1568//1568 1570//1570
f 1569//1569 1570//1570 1571//1571
f 1571//1571 1570//1570 1572//1572
f 1571//1571 1572//1572 1573//1573
f 1573//1573 1572//1572 1574//1574
f 1575//1575 1565//1565 1576//1576
f 1576//1576 1565//1565 1567//1567
f 1576//1576 1567//1567 1577//1577
f 1577//1577 1567//1567 1569//1569
f 1577//1577 1569//1569 1578//1578
f 1578//1578 1569//1569 1571//1571
f 1578//1578 1571//1571 1579//1579
f 1579//1579 1571//1571 1573//1573
f 1579//1579 1573//1573 1580//1580
f 1580//1580 1573//1573 1581//1581
f 1580//1580 1581//1581 1582//1582
f 1582//1582 1581//1581 1583//1583
f 1582//1582 1583//1583 1584//1584
f 1584//1584 1583//1583 1585//1585
f 1584//1584 1585//1585 1586//1586
f 1586//1586 1585//1585 1587//1587
f 1586//1586 1587//1587 1588//1588
f 1588//1588 1587//1587 1589//1589
f 1588//1588 1589//1589 1590//1590
f 1590//1590 1589//1589 1561//1561
f 1590//1590 1561//1561 1591//1591
f 1591//1591 1561//1561 1563//1563
f 1591//1591 1563//1563 1575//1575
f 1575//1575 1563//1563 1565//1565
f 1592//1592 1593//1593 1594//1594
f 1594//1594 1593//1593 1595//1595
f 1594//1594 1595//1595 1596//1596
f 1596//1596 1595//1595 1597//1597
f 1596//1596 1597//1597 1598//1598
f 1598//1598 1597//1597 1599//1599
f 1598//1598 1599//1599 1600//1600
f 1600//1600 1599//1599 1601//1601
f 1600//1600 1601//1601 1602//1602
f 1602//1602 1601//1601 1603//1603
f 1602//1602 1603//1603 1604//1604
f 1604//1604 1603//1603 1605//1605
f 1606//1606 1604//1604 1607//1607
f 1607//1607 1604//1604 1608//1608
f 1607//1607 1608//1608 1609//1609
f 1609//1609 1608//1608 1610//1610
f 1609//1609 1610//1610 1611//1611
f 1611//1611 1610//1610 1612//1612
f 1611//1611 1612//1612 1613//1613
f 1613//1613 1612//1612 1614//1614
f 1613//1613 1614//1614 1615//1615
f 1615//1615 1614//1614 1616//1616
f 1615//1615 1616//1616 1617//1617
f 1617//1617 1616//1616 1592//1592
f 1617//1617 1592//1592 1618//1618
f 1618//1618 1592//1592 1594//1594
f 1618//1618 1594//1594 1619//1619
f 1619//1619 1594//1594 1596//1596
f 1619//1619 1596//1596 1620//1620
f 1620//1620 1596//1596 1598//1598
f 1620//1620 1598//1598 1621//1621
f 1621//1621 1598//1598 1600//1600
f 1621//1621 1600//1600 1622//1622
f 1622//1622 1600//1600 1602//1602
f 1622//1622 1602//1602 1606//1606
f 1606//1606 1602//1602 1604//1604
f 1623//1623 1624//1624 1625//1625
f 1625//1625 1624//1624 1626//1626
f 1627//1627 1623//1623 1628//1628
f 1628//1628 1623//1623 1625//1625
f 1629//1629 1627//1627 1630//1630
f 1630//1630 1627//1627 1628//1628
f 1629//1629 1630//1630 1631//1631
f 1631//1631 1630//1630 1632//1632
f 1631//1631 1632//1632 1633//1633
f 1633//1633 1632//1632 1634//1634
f 1633//1633 1634//1634 1635//1635
f 1635//1635 1634//1634 1636//1636
f 1635//1635 1636//1636 1637//1637
f 1637//1637 1636//1636 1638//1638
f 1639//1639 1637//1637 1640//1640
f 1640//1640 1637//1637 1638//1638
f 1641//1641 1639//1639 1642//1642
f 1642//1642 1639//1639 1640//1640
f 1643//1643 1641//1641 1644//1644
f 1644//1644 1641//1641 1642//1642
f 1643//1643 1644//1644 1645//1645
f 1645//1645 1644//1644 1646//1646
f 1645//1645 1646//1646 1647//1647
f 1647//1647 1646//1646 1648//1648
f 1647//1647 1648//1648 1649//1649
f 1649//1649 1648//1648 1650//1650
f 1649//1649 1650//1650 1651//1651
f 1651//1651 1650//1650 1652//1652
f 1653//1653 1651//1651 1654//1654
f 1654//1654 1651//1651 1652//1652
f 1653//1653 1654//1654 1655//1655
f 1655//1655 1654//1654 1656//1656
f 1655//1655 1656//1656 1657//1657
f 1657//1657 1656//1656 1658//1658
f 1657//1657 1658//1658 1659//1659
f 1659//1659 1658//1658 1660//1660
f 1661//1661 1659//1659 1662//1662
f 1662//1662 1659//1659 1660//1660
f 1661//1661 1662//1662 1663//1663
f 1663//1663 1662//1662 1664//1664
f 1663//1663 1664//1664 1665//1665
f 1665//1665 1664//1664 1666//1666
f 1665//1665 1666//1666 1667//1667
f 1667//1667 1666//1666 1668//1668
f 1667//1667 1668//1668 1624//1624
f 1624//1624 1668//1668 1626//1626
f 1669//1669 1670//1670 1671//1671
f 1671//1671 1670//1670 1672//1672
f 1671//1671 1672//1672 1673//1673
f 1673//1673 1672//1672 1674//1674
f 1673//1673 1674//1674 1675//1675
f 1675//1675 1674//1674 1676//1676
f 1675//1675 1676//1676 1677//1677
f 1677//1677 1676//1676 1678//1678
f 1679//1679 1677//1677 1680//1680
f 1680//1680 1677//1677 1678//1678
f 1679//1679 1680//1680 1681//1681
f 1681//1681 1680//1680 1682//1682
f 1681//1681 1682//1682 1683//1683
f 1683//1683 1682//1682 1684//1684
f 1683//1683 1684//1684 1685//1685
f 1685//1685 1684//1684 1686//1686
f 1687//1687 1685//1685 1688//1688
f 1688//1688 1685//1685 1686//1686
f 1687//1687 1688//1688 1689//1689
f 1689//1689 1688//1688 1690//1690
f 1689//1689 1690//1690 1691//1691
f 1691//1691 1690//1690 1692//1692
f 1691//1691 1692//1692 1693//1693
f 1693//1693 1692//1692 1694//1694
f 1693//1693 1694//1694 1695//1695
f 1695//1695 1694//1694 1696//1696
f 1697//1697 1695//1695 1698//1698
f 1698//1698 1695//1695 1696//1696
f 1699//1699 1697//1697 1700//1700
f 1700//1700 1697//1697 1698//1698
f 1701//1701 1699//1699 1702//1702
f 1702//1702 1699//1699 1700//1700
f 1701//1701 1702//1702 1703//1703
f 1703//1703 1702//1702 1704//1704
f 1703//1703 1704//1704 1705//1705
f 1705//1705 1704//1704 1706//1706
f 1705//1705 1706//1706 1707//1707
f 1707//1707 1706//1706 1708//1708
f 1707//1707 1708//1708 1709//1709
f 1709//1709 1708//1708 1710//1710
f 1711//1711 1709//1709 1712//1712
f 1712//1712 1709//1709 1710//1710
f 1713//1713 1711//1711 1714//1714
f 1714//1714 1711//1711 1712//1712
f 1669//1669 1713//1713 1670//1670
f 1670//1670 1713//1713 1714//1714
f 1579//1579 1617//1617 1578//1578
f 1578//1578 1617//1617 1618//1618
f 1578//1578 1618//1618 1577//1577
f 1577//1577 1618//1618 1619//1619
f 1577//1577 1619//1619 1576//1576
f 1576//1576 1619//1619 1620//1620
f 1576//1576 1620//1620 1575//1575
f 1575//1575 1620//1620 1621//1621
f 1575//1575 1621//1621 1591//1591
f 1591//1591 1621//1621 1622//1622
f 1591//1591 1622//1622 1590//1590
f 1590//1590 1622//1622 1606//1606
f 1715//1715 1716//1716 1717//1717
f 1717//1717 1716//1716 1718//1718
f 1715//1715 1717//1717 1719//1719
f 1719//1719 1717//1717 1720//1720
f 1719//1719 1720//1720 1721//1721
f 1721//1721 1720//1720 1722//1722
f 1721//1721 1722//1722 1723//1723
f 1723//1723 1722//1722 1724//1724
f 1723//1723 1724//1724 1725//1725
f 1725//1725 1724//1724 1726//1726
f 1727//1727 1725//1725 1728//1728
f 1728//1728 1725//1725 1726//1726
f 1729//1729 1727//1727 1730//1730
f 1730//1730 1727//1727 1728//1728
f 1731//1731 1729//1729 1732//1732
f 1732//1732 1729//1729 1730//1730
f 1731//1731 1732//1732 1733//1733
f 1733//1733 1732//1732 1734//1734
f 1733//1733 1734//1734 1735//1735
f 1735//1735 1734//1734 1736//1736
f 1735//1735 1736//1736 1737//1737
f 1737//1737 1736//1736 1738//1738
f 1737//1737 1738//1738 1739//1739
f 1739//1739 1738//1738 1740//1740
f 1741//1741 1739//1739 1742//1742
f 1742//1742 1739//1739 1740//1740
f 1743//1743 1741//1741 1744//1744
f 1744//1744 1741//1741 1742//1742
f 1745//1745 1743//1743 1746//1746
f 1746//1746 1743//1743 1744//1744
f 1745//1745 1746//1746 1747//1747
f 1747//1747 1746//1746 1748//1748
f 1747//1747 1748//1748 1749//1749
f 1749//1749 1748//1748 1750//1750
f 1749//1749 1750//1750 1751//1751
f 1751//1751 1750//1750 1752//1752
f 1751//1751 1752//1752 1753//1753
f 1753//1753 1752//1752 1754//1754
f 1755//1755 1753//1753 1756//1756
f 1756//1756 1753//1753 1754//1754
f 1755//1755 1756//1756 1757//1757
f 1757//1757 1756//1756 1758//1758
f 1757//1757 1758//1758 1759//1759
f 1759//1759 1758//1758 1760//1760
f 1759//1759 1760//1760 1716//1716
f 1716//1716 1760//1760 1718//1718
f 1761//1761 1762//1762 1763//1763
f 1763//1763 1762//1762 1764//1764
f 1761//1761 1763//1763 1765//1765
f 1765//1765 1763//1763 1766//1766
f 1765//1765 1766//1766 1767//1767
f 1767//1767 1766//1766 1768//1768
f 1767//1767 1768//1768 1769//1769
f 1769//1769 1768//1768 1770//1770
f 1769//1769 1770//1770 1771//1771
f 1771//1771 1770//1770 1772//1772
f 1773//1773 1771//1771 1774//1774
f 1774//1774 1771//1771 1772//1772
f 1775//1775 1773//1773 1776//1776
f 1776//1776 1773//1773 1774//1774
f 1777//1777 1775//1775 1778//1778
f 1778//1778 1775//1775 1776//1776
f 1777//1777 1778//1778 1779//1779
f 1779//1779 1778//1778 1780//1780
f 1779//1779 1780//1780 1781//1781
f 1781//1781 1780//1780 1782//1782
f 1781//1781 1782//1782 1783//1783
f 1783//1783 1782//1782 1784//1784
f 1783//1783 1784//1784 1785//1785
f 1785//1785 1784//1784 1786//1786
f 1787//1787 1785//1785 1788//1788
f 1788//1788 1785//1785 1786//1786
f 1789//1789 1787//1787 1790//1790
f 1790//1790 1787//1787 1788//1788
f 1791//1791 1789//1789 1792//1792
f 1792//1792 1789//1789 1790//1790
f 1791//1791 1792//1792 1793//1793
f 1793//1793 1792//1792 1794//1794
f 1793//1793 1794//1794 1795//1795
f 1795//1795 1794//1794 1796//1796
f 1795//1795 1796//1796 1797//1797
f 1797//1797 1796//1796 1798//1798
f 1797//1797 1798//1798 1799//1799
f 1799//1799 1798//1798 1800//1800
f 1801//1801 1799//1799 1802//1802
f 1802//1802 1799//1799 1800//1800
f 1801//1801 1802//1802 1803//1803
f 1803//1803 1802//1802 1804//1804
f 1803//1803 1804//1804 1805//1805
f 1805//1805 1804//1804 1806//1806
f 1805//1805 1806//1806 1762//1762
f 1762//1762 1806//1806 1764//1764
f 1807//1807 1808//1808 1809//1809
f 1810//1810 1806//1806 1804//1804
f 1772//1772 1770//1770 1811//1811
f 1811//1811 1770//1770 1768//1768
f 1812//1812 1780//1780 1778//1778
f 1605//1605 1603//1603 1813//1813
f 1772//1772 1811//1811 1774//1774
f 1774//1774 1811//1811 1814//1814
f 1774//1774 1814//1814 1815//1815
f 1768//1768 1766//1766 1811//1811
f 1811//1811 1766//1766 1763//1763
f 1811//1811 1763//1763 1810//1810
f 1810//1810 1763//1763 1764//1764
f 1810//1810 1764//1764 1806//1806
f 1796//1796 1794//1794 1816//1816
f 1816//1816 1794//1794 1792//1792
f 1816//1816 1792//1792 1790//1790
f 1804//1804 1802//1802 1810//1810
f 1810//1810 1802//1802 1800//1800
f 1810//1810 1800//1800 1816//1816
f 1816//1816 1800//1800 1798//1798
f 1816//1816 1798//1798 1796//1796
f 1812//1812 1778//1778 1815//1815
f 1815//1815 1778//1778 1776//1776
f 1815//1815 1776//1776 1774//1774
f 1788//1788 1786//1786 1790//1790
f 1790//1790 1786//1786 1784//1784
f 1790//1790 1784//1784 1812//1812
f 1812//1812 1784//1784 1782//1782
f 1812//1812 1782//1782 1780//1780
f 1601//1601 1599//1599 1817//1817
f 1817//1817 1599//1599 1818//1818
f 1819//1819 1820//1820 1812//1812
f 1812//1812 1820//1820 1821//1821
f 1812//1812 1821//1821 1790//1790
f 1790//1790 1821//1821 1822//1822
f 1790//1790 1822//1822 1816//1816
f 1812//1812 1823//1823 1819//1819
f 1819//1819 1823//1823 1813//1813
f 1819//1819 1813//1813 1817//1817
f 1817//1817 1813//1813 1603//1603
f 1817//1817 1603//1603 1601//1601
f 1824//1824 1825//1825 1826//1826
f 1826//1826 1825//1825 1827//1827
f 1826//1826 1827//1827 1593//1593
f 1593//1593 1827//1827 1828//1828
f 1593//1593 1828//1828 1595//1595
f 1595//1595 1828//1828 1597//1597
f 1829//1829 1830//1830 1831//1831
f 1831//1831 1830//1830 1832//1832
f 1830//1830 1833//1833 1834//1834
f 1605//1605 1813//1813 1833//1833
f 1833//1833 1813//1813 1835//1835
f 1833//1833 1835//1835 1834//1834
f 1658//1658 1656//1656 1836//1836
f 1837//1837 1644//1644 1642//1642
f 1837//1837 1838//1838 1644//1644
f 1644//1644 1838//1838 1839//1839
f 1644//1644 1839//1839 1646//1646
f 1646//1646 1839//1839 1648//1648
f 1656//1656 1654//1654 1836//1836
f 1836//1836 1654//1654 1652//1652
f 1836//1836 1652//1652 1839//1839
f 1839//1839 1652//1652 1650//1650
f 1839//1839 1650//1650 1648//1648
f 1625//1625 1626//1626 1840//1840
f 1840//1840 1626//1626 1668//1668
f 1840//1840 1668//1668 1666//1666
f 1642//1642 1640//1640 1837//1837
f 1837//1837 1640//1640 1638//1638
f 1837//1837 1638//1638 1841//1841
f 1841//1841 1638//1638 1636//1636
f 1666//1666 1664//1664 1840//1840
f 1840//1840 1664//1664 1662//1662
f 1840//1840 1662//1662 1836//1836
f 1836//1836 1662//1662 1660//1660
f 1836//1836 1660//1660 1658//1658
f 1636//1636 1634//1634 1841//1841
f 1841//1841 1634//1634 1632//1632
f 1841//1841 1632//1632 1625//1625
f 1625//1625 1632//1632 1630//1630
f 1625//1625 1630//1630 1628//1628
f 1842//1842 1843//1843 1840//1840
f 1840//1840 1843//1843 1844//1844
f 1840//1840 1844//1844 1625//1625
f 1625//1625 1844//1844 1845//1845
f 1625//1625 1845//1845 1841//1841
f 1841//1841 1845//1845 1846//1846
f 1841//1841 1846//1846 1847//1847
f 1847//1847 1846//1846 1848//1848
f 1847//1847 1848//1848 1849//1849
f 1849//1849 1848//1848 1850//1850
f 1849//1849 1850//1850 1828//1828
f 1828//1828 1850//1850 1818//1818
f 1828//1828 1818//1818 1597//1597
f 1597//1597 1818//1818 1599//1599
f 1851//1851 1684//1684 1682//1682
f 1852//1852 1688//1688 1851//1851
f 1851//1851 1688//1688 1686//1686
f 1851//1851 1686//1686 1684//1684
f 1829//1829 1831//1831 1824//1824
f 1824//1824 1831//1831 1853//1853
f 1824//1824 1853//1853 1825//1825
f 1825//1825 1853//1853 1854//1854
f 1825//1825 1854//1854 1855//1855
f 1855//1855 1854//1854 1856//1856
f 1855//1855 1856//1856 1857//1857
f 1696//1696 1694//1694 1852//1852
f 1674//1674 1672//1672 1858//1858
f 1858//1858 1672//1672 1670//1670
f 1696//1696 1852//1852 1698//1698
f 1694//1694 1692//1692 1852//1852
f 1852//1852 1692//1692 1690//1690
f 1852//1852 1690//1690 1688//1688
f 1682//1682 1680//1680 1851//1851
f 1851//1851 1680//1680 1678//1678
f 1851//1851 1678//1678 1858//1858
f 1858//1858 1678//1678 1676//1676
f 1858//1858 1676//1676 1674//1674
f 1712//1712 1710//1710 1714//1714
f 1714//1714 1710//1710 1708//1708
f 1714//1714 1708//1708 1859//1859
f 1859//1859 1708//1708 1706//1706
f 1706//1706 1704//1704 1859//1859
f 1859//1859 1704//1704 1702//1702
f 1859//1859 1702//1702 1860//1860
f 1860//1860 1702//1702 1700//1700
f 1700//1700 1698//1698 1860//1860
f 1860//1860 1698//1698 1852//1852
f 1860//1860 1852//1852 1861//1861
f 1861//1861 1852//1852 1862//1862
f 1861//1861 1862//1862 1863//1863
f 1809//1809 1858//1858 1807//1807
f 1807//1807 1858//1858 1670//1670
f 1807//1807 1670//1670 1864//1864
f 1864//1864 1670//1670 1714//1714
f 1864//1864 1714//1714 1857//1857
f 1857//1857 1714//1714 1859//1859
f 1857//1857 1859//1859 1855//1855
f 1855//1855 1859//1859 1865//1865
f 1855//1855 1865//1865 1825//1825
f 1728//1728 1866//1866 1867//1867
f 1760//1760 1758//1758 1868//1868
f 1738//1738 1736//1736 1869//1869
f 1830//1830 1834//1834 1832//1832
f 1832//1832 1834//1834 1870//1870
f 1832//1832 1870//1870 1871//1871
f 1724//1724 1722//1722 1872//1872
f 1750//1750 1748//1748 1873//1873
f 1873//1873 1748//1748 1746//1746
f 1871//1871 1870//1870 1869//1869
f 1869//1869 1870//1870 1874//1874
f 1869//1869 1874//1874 1875//1875
f 1758//1758 1756//1756 1868//1868
f 1868//1868 1756//1756 1754//1754
f 1868//1868 1754//1754 1873//1873
f 1873//1873 1754//1754 1752//1752
f 1873//1873 1752//1752 1750//1750
f 1742//1742 1740//1740 1744//1744
f 1744//1744 1740//1740 1738//1738
f 1722//1722 1720//1720 1872//1872
f 1872//1872 1720//1720 1717//1717
f 1872//1872 1717//1717 1868//1868
f 1868//1868 1717//1717 1718//1718
f 1868//1868 1718//1718 1760//1760
f 1736//1736 1734//1734 1869//1869
f 1869//1869 1734//1734 1732//1732
f 1869//1869 1732//1732 1867//1867
f 1867//1867 1732//1732 1730//1730
f 1867//1867 1730//1730 1728//1728
f 1866//1866 1728//1728 1872//1872
f 1872//1872 1728//1728 1726//1726
f 1872//1872 1726//1726 1724//1724
f 1738//1738 1869//1869 1744//1744
f 1744//1744 1869//1869 1875//1875
f 1744//1744 1875//1875 1746//1746
f 1746//1746 1875//1875 1876//1876
f 1746//1746 1876//1876 1873//1873
f 1873//1873 1876//1876 1877//1877
f 1873//1873 1877//1877 1878//1878
f 1879//1879 1880//1880 1881//1881
f 1789//1789 1882//1882 1883//1883
f 1803//1803 1805//1805 1884//1884
f 1885//1885 1886//1886 1562//1562
f 1773//1773 1775//1775 1777//1777
f 1883//1883 1887//1887 1781//1781
f 1781//1781 1887//1887 1779//1779
f 1888//1888 1889//1889 1890//1890
f 1891//1891 1771//1771 1773//1773
f 1891//1891 1892//1892 1771//1771
f 1771//1771 1892//1892 1893//1893
f 1771//1771 1893//1893 1769//1769
f 1769//1769 1893//1893 1767//1767
f 1787//1787 1789//1789 1785//1785
f 1785//1785 1789//1789 1883//1883
f 1785//1785 1883//1883 1783//1783
f 1783//1783 1883//1883 1781//1781
f 1777//1777 1779//1779 1773//1773
f 1773//1773 1779//1779 1887//1887
f 1773//1773 1887//1887 1891//1891
f 1891//1891 1887//1887 1894//1894
f 1805//1805 1762//1762 1884//1884
f 1884//1884 1762//1762 1761//1761
f 1884//1884 1761//1761 1893//1893
f 1893//1893 1761//1761 1765//1765
f 1893//1893 1765//1765 1767//1767
f 1895//1895 1793//1793 1795//1795
f 1882//1882 1789//1789 1895//1895
f 1895//1895 1789//1789 1791//1791
f 1895//1895 1791//1791 1793//1793
f 1795//1795 1797//1797 1895//1895
f 1895//1895 1797//1797 1799//1799
f 1895//1895 1799//1799 1884//1884
f 1884//1884 1799//1799 1801//1801
f 1884//1884 1801//1801 1803//1803
f 1894//1894 1887//1887 1886//1886
f 1886//1886 1887//1887 1896//1896
f 1886//1886 1896//1896 1897//1897
f 1898//1898 1899//1899 1900//1900
f 1897//1897 1568//1568 1566//1566
f 1898//1898 1900//1900 1901//1901
f 1901//1901 1900//1900 1574//1574
f 1901//1901 1574//1574 1572//1572
f 1885//1885 1562//1562 1902//1902
f 1902//1902 1562//1562 1903//1903
f 1902//1902 1903//1903 1904//1904
f 1897//1897 1566//1566 1886//1886
f 1886//1886 1566//1566 1564//1564
f 1886//1886 1564//1564 1562//1562
f 1888//1888 1890//1890 1905//1905
f 1568//1568 1897//1897 1570//1570
f 1570//1570 1897//1897 1905//1905
f 1570//1570 1905//1905 1572//1572
f 1572//1572 1905//1905 1890//1890
f 1572//1572 1890//1890 1901//1901
f 1906//1906 1907//1907 1908//1908
f 1908//1908 1907//1907 1909//1909
f 1908//1908 1909//1909 1910//1910
f 1910//1910 1909//1909 1899//1899
f 1910//1910 1899//1899 1879//1879
f 1879//1879 1899//1899 1898//1898
f 1879//1879 1898//1898 1880//1880
f 1880//1880 1898//1898 1911//1911
f 1880//1880 1911//1911 1912//1912
f 1739//1739 1741//1741 1743//1743
f 1757//1757 1759//1759 1913//1913
f 1914//1914 1725//1725 1727//1727
f 1915//1915 1753//1753 1913//1913
f 1913//1913 1753//1753 1755//1755
f 1913//1913 1755//1755 1757//1757
f 1759//1759 1716//1716 1913//1913
f 1913//1913 1716//1716 1715//1715
f 1913//1913 1715//1715 1916//1916
f 1916//1916 1715//1715 1719//1719
f 1916//1916 1719//1719 1721//1721
f 1739//1739 1743//1743 1737//1737
f 1737//1737 1743//1743 1917//1917
f 1737//1737 1917//1917 1735//1735
f 1914//1914 1918//1918 1725//1725
f 1725//1725 1918//1918 1916//1916
f 1725//1725 1916//1916 1723//1723
f 1723//1723 1916//1916 1721//1721
f 1747//1747 1749//1749 1915//1915
f 1915//1915 1749//1749 1751//1751
f 1915//1915 1751//1751 1753//1753
f 1903//1903 1907//1907 1904//1904
f 1904//1904 1907//1907 1906//1906
f 1904//1904 1906//1906 1919//1919
f 1919//1919 1906//1906 1920//1920
f 1919//1919 1920//1920 1921//1921
f 1921//1921 1920//1920 1917//1917
f 1921//1921 1917//1917 1922//1922
f 1922//1922 1917//1917 1743//1743
f 1922//1922 1743//1743 1915//1915
f 1915//1915 1743//1743 1745//1745
f 1915//1915 1745//1745 1747//1747
f 1727//1727 1729//1729 1914//1914
f 1914//1914 1729//1729 1731//1731
f 1914//1914 1731//1731 1917//1917
f 1917//1917 1731//1731 1733//1733
f 1917//1917 1733//1733 1735//1735
f 1923//1923 1924//1924 1915//1915
f 1915//1915 1924//1924 1925//1925
f 1915//1915 1925//1925 1922//1922
f 1713//1713 1926//1926 1927//1927
f 1681//1681 1683//1683 1928//1928
f 1691//1691 1693//1693 1929//1929
f 1703//1703 1705//1705 1930//1930
f 1931//1931 1695//1695 1932//1932
f 1932//1932 1695//1695 1697//1697
f 1697//1697 1699//1699 1701//1701
f 1912//1912 1933//1933 1880//1880
f 1880//1880 1933//1933 1930//1930
f 1880//1880 1930//1930 1881//1881
f 1933//1933 1932//1932 1930//1930
f 1930//1930 1932//1932 1697//1697
f 1930//1930 1697//1697 1703//1703
f 1703//1703 1697//1697 1701//1701
f 1713//1713 1669//1669 1934//1934
f 1934//1934 1669//1669 1671//1671
f 1934//1934 1671//1671 1673//1673
f 1705//1705 1707//1707 1930//1930
f 1930//1930 1707//1707 1709//1709
f 1930//1930 1709//1709 1927//1927
f 1927//1927 1709//1709 1711//1711
f 1927//1927 1711//1711 1713//1713
f 1673//1673 1675//1675 1934//1934
f 1934//1934 1675//1675 1677//1677
f 1934//1934 1677//1677 1928//1928
f 1928//1928 1677//1677 1679//1679
f 1928//1928 1679//1679 1681//1681
f 1683//1683 1685//1685 1928//1928
f 1928//1928 1685//1685 1687//1687
f 1928//1928 1687//1687 1929//1929
f 1929//1929 1687//1687 1689//1689
f 1929//1929 1689//1689 1691//1691
f 1713//1713 1934//1934 1926//1926
f 1926//1926 1934//1934 1935//1935
f 1926//1926 1935//1935 1936//1936
f 1693//1693 1695//1695 1929//1929
f 1929//1929 1695//1695 1931//1931
f 1929//1929 1931//1931 1937//1937
f 1937//1937 1931//1931 1938//1938
f 1939//1939 1940//1940 1941//1941
f 1627//1627 1940//1940 1623//1623
f 1623//1623 1940//1940 1942//1942
f 1623//1623 1942//1942 1624//1624
f 1943//1943 1655//1655 1657//1657
f 1643//1643 1645//1645 1944//1944
f 1944//1944 1645//1645 1647//1647
f 1624//1624 1945//1945 1667//1667
f 1667//1667 1945//1945 1665//1665
f 1939//1939 1941//1941 1889//1889
f 1889//1889 1941//1941 1946//1946
f 1889//1889 1946//1946 1890//1890
f 1643//1643 1944//1944 1641//1641
f 1641//1641 1944//1944 1947//1947
f 1641//1641 1947//1947 1948//1948
f 1647//1647 1649//1649 1944//1944
f 1944//1944 1649//1649 1651//1651
f 1944//1944 1651//1651 1943//1943
f 1943//1943 1651//1651 1653//1653
f 1943//1943 1653//1653 1655//1655
f 1633//1633 1941//1941 1631//1631
f 1631//1631 1941//1941 1940//1940
f 1631//1631 1940//1940 1629//1629
f 1629//1629 1940//1940 1627//1627
f 1633//1633 1635//1635 1941//1941
f 1941//1941 1635//1635 1637//1637
f 1941//1941 1637//1637 1948//1948
f 1948//1948 1637//1637 1639//1639
f 1948//1948 1639//1639 1641//1641
f 1657//1657 1659//1659 1943//1943
f 1943//1943 1659//1659 1661//1661
f 1943//1943 1661//1661 1945//1945
f 1945//1945 1661//1661 1663//1663
f 1945//1945 1663//1663 1665//1665
f 1624//1624 1942//1942 1945//1945
f 1945//1945 1942//1942 1949//1949
f 1945//1945 1949//1949 1950//1950
f 1895//1895 1884//1884 1816//1816
f 1816//1816 1884//1884 1810//1810
f 1884//1884 1893//1893 1810//1810
f 1810//1810 1893//1893 1811//1811
f 1893//1893 1892//1892 1811//1811
f 1811//1811 1892//1892 1814//1814
f 1892//1892 1891//1891 1814//1814
f 1814//1814 1891//1891 1815//1815
f 1891//1891 1894//1894 1815//1815
f 1815//1815 1894//1894 1812//1812
f 1894//1894 1886//1886 1812//1812
f 1812//1812 1886//1886 1823//1823
f 1886//1886 1885//1885 1823//1823
f 1823//1823 1885//1885 1813//1813
f 1885//1885 1902//1902 1813//1813
f 1813//1813 1902//1902 1835//1835
f 1902//1902 1904//1904 1835//1835
f 1835//1835 1904//1904 1834//1834
f 1921//1921 1874//1874 1919//1919
f 1919//1919 1874//1874 1870//1870
f 1919//1919 1870//1870 1904//1904
f 1904//1904 1870//1870 1834//1834
f 1921//1921 1922//1922 1874//1874
f 1874//1874 1922//1922 1875//1875
f 1875//1875 1922//1922 1876//1876
f 1876//1876 1922//1922 1925//1925
f 1876//1876 1925//1925 1877//1877
f 1877//1877 1925//1925 1924//1924
f 1924//1924 1923//1923 1877//1877
f 1877//1877 1923//1923 1878//1878
f 1878//1878 1923//1923 1873//1873
f 1873//1873 1923//1923 1915//1915
f 1873//1873 1915//1915 1868//1868
f 1868//1868 1915//1915 1913//1913
f 1913//1913 1916//1916 1868//1868
f 1868//1868 1916//1916 1872//1872
f 1916//1916 1918//1918 1872//1872
f 1872//1872 1918//1918 1866//1866
f 1918//1918 1914//1914 1866//1866
f 1866//1866 1914//1914 1867//1867
f 1914//1914 1917//1917 1867//1867
f 1867//1867 1917//1917 1869//1869
f 1917//1917 1920//1920 1869//1869
f 1869//1869 1920//1920 1871//1871
f 1908//1908 1831//1831 1906//1906
f 1906//1906 1831//1831 1832//1832
f 1906//1906 1832//1832 1920//1920
f 1920//1920 1832//1832 1871//1871
f 1908//1908 1910//1910 1831//1831
f 1831//1831 1910//1910 1853//1853
f 1881//1881 1854//1854 1879//1879
f 1879//1879 1854//1854 1853//1853
f 1879//1879 1853//1853 1910//1910
f 1854//1854 1881//1881 1856//1856
f 1856//1856 1881//1881 1930//1930
f 1856//1856 1930//1930 1857//1857
f 1930//1930 1927//1927 1857//1857
f 1857//1857 1927//1927 1864//1864
f 1864//1864 1927//1927 1807//1807
f 1807//1807 1927//1927 1926//1926
f 1807//1807 1926//1926 1808//1808
f 1808//1808 1926//1926 1936//1936
f 1936//1936 1935//1935 1808//1808
f 1808//1808 1935//1935 1809//1809
f 1809//1809 1935//1935 1858//1858
f 1858//1858 1935//1935 1934//1934
f 1858//1858 1934//1934 1851//1851
f 1851//1851 1934//1934 1928//1928
f 1851//1851 1928//1928 1852//1852
f 1852//1852 1928//1928 1929//1929
f 1852//1852 1929//1929 1862//1862
f 1862//1862 1929//1929 1937//1937
f 1937//1937 1938//1938 1862//1862
f 1862//1862 1938//1938 1863//1863
f 1863//1863 1938//1938 1861//1861
f 1861//1861 1938//1938 1931//1931
f 1861//1861 1931//1931 1860//1860
f 1860//1860 1931//1931 1932//1932
f 1932//1932 1933//1933 1860//1860
f 1860//1860 1933//1933 1859//1859
f 1911//1911 1865//1865 1912//1912
f 1912//1912 1865//1865 1859//1859
f 1912//1912 1859//1859 1933//1933
f 1865//1865 1911//1911 1825//1825
f 1825//1825 1911//1911 1898//1898
f 1825//1825 1898//1898 1827//1827
f 1898//1898 1901//1901 1827//1827
f 1827//1827 1901//1901 1828//1828
f 1946//1946 1847//1847 1890//1890
f 1890//1890 1847//1847 1849//1849
f 1890//1890 1849//1849 1901//1901
f 1901//1901 1849//1849 1828//1828
f 1946//1946 1941//1941 1847//1847
f 1847//1847 1941//1941 1841//1841
f 1941//1941 1948//1948 1841//1841
f 1841//1841 1948//1948 1837//1837
f 1948//1948 1947//1947 1837//1837
f 1837//1837 1947//1947 1838//1838
f 1947//1947 1944//1944 1838//1838
f 1838//1838 1944//1944 1839//1839
f 1944//1944 1943//1943 1839//1839
f 1839//1839 1943//1943 1836//1836
f 1836//1836 1943//1943 1840//1840
f 1840//1840 1943//1943 1945//1945
f 1840//1840 1945//1945 1842//1842
f 1842//1842 1945//1945 1950//1950
f 1950//1950 1949//1949 1842//1842
f 1842//1842 1949//1949 1843//1843
f 1843//1843 1949//1949 1844//1844
f 1844//1844 1949//1949 1942//1942
f 1844//1844 1942//1942 1845//1845
f 1845//1845 1942//1942 1940//1940
f 1940//1940 1939//1939 1845//1845
f 1845//1845 1939//1939 1846//1846
f 1888//1888 1850//1850 1889//1889
f 1889//1889 1850//1850 1848//1848
f 1889//1889 1848//1848 1939//1939
f 1939//1939 1848//1848 1846//1846
f 1888//1888 1905//1905 1850//1850
f 1850//1850 1905//1905 1818//1818
f 1905//1905 1897//1897 1818//1818
f 1818//1818 1897//1897 1817//1817
f 1897//1897 1896//1896 1817//1817
f 1817//1817 1896//1896 1819//1819
f 1896//1896 1887//1887 1819//1819
f 1819//1819 1887//1887 1820//1820
f 1887//1887 1883//1883 1820//1820
f 1820//1820 1883//1883 1821//1821
f 1883//1883 1882//1882 1821//1821
f 1821//1821 1882//1882 1822//1822
f 1882//1882 1895//1895 1822//1822
f 1822//1822 1895//1895 1816//1816
f 1590//1590 1606//1606 1588//1588
f 1588//1588 1606//1606 1607//1607
f 1588//1588 1607//1607 1586//1586
f 1586//1586 1607//1607 1609//1609
f 1586//1586 1609//1609 1584//1584
f 1584//1584 1609//1609 1611//1611
f 1584//1584 1611//1611 1582//1582
f 1582//1582 1611//1611 1613//1613
f 1582//1582 1613//1613 1580//1580
f 1580//1580 1613//1613 1615//1615
f 1580//1580 1615//1615 1579//1579
f 1579//1579 1615//1615 1617//1617
f 1604//1604 1605//1605 1608//1608
f 1608//1608 1605//1605 1833//1833
f 1608//1608 1833//1833 1610//1610
f 1610//1610 1833//1833 1830//1830
f 1610//1610 1830//1830 1612//1612
f 1612//1612 1830//1830 1829//1829
f 1612//1612 1829//1829 1614//1614
f 1614//1614 1829//1829 1824//1824
f 1614//1614 1824//1824 1616//1616
f 1616//1616 1824//1824 1826//1826
f 1616//1616 1826//1826 1592//1592
f 1592//1592 1826//1826 1593//1593
f 1573//1573 1574//1574 1581//1581
f 1581//1581 1574//1574 1900//1900
f 1581//1581 1900//1900 1583//1583
f 1583//1583 1900//1900 1899//1899
f 1583//1583 1899//1899 1585//1585
f 1585//1585 1899//1899 1909//1909
f 1585//1585 1909//1909 1587//1587
f 1587//1587 1909//1909 1907//1907
f 1587//1587 1907//1907 1589//1589
f 1589//1589 1907//1907 1903//1903
f 1589//1589 1903//1903 1561//1561
f 1561//1561 1903//1903 1562//1562
f 1951//1951 1952//1952 1953//1953
f 1953//1953 1952//1952 1954//1954
f 1953//1953 1954//1954 1955//1955
f 1955//1955 1954//1954 1956//1956
f 1955//1955 1956//1956 1957//1957
f 1957//1957 1956//1956 1958//1958
f 1957//1957 1958//1958 1959//1959
f 1959//1959 1958//1958 1960//1960
f 1959//1959 1960//1960 1961//1961
f 1961//1961 1960//1960 1962//1962
f 1961//1961 1962//1962 1963//1963
f 1963//1963 1962//1962 1964//1964
f 1965//1965 1955//1955 1966//1966
f 1966//1966 1955//1955 1957//1957
f 1966//1966 1957//1957 1967//1967
f 1967//1967 1957//1957 1959//1959
f 1967//1967 1959//1959 1968//1968
f 1968//1968 1959//1959 1961//1961
f 1968//1968 1961//1961 1969//1969
f 1969//1969 1961//1961 1963//1963
f 1969//1969 1963//1963 1970//1970
f 1970//1970 1963//1963 1971//1971
f 1970//1970 1971//1971 1972//1972
f 1972//1972 1971//1971 1973//1973
f 1972//1972 1973//1973 1974//1974
f 1974//1974 1973//1973 1975//1975
f 1974//1974 1975//1975 1976//1976
f 1976//1976 1975//1975 1977//1977
f 1976//1976 1977//1977 1978//1978
f 1978//1978 1977//1977 1979//1979
f 1978//1978 1979//1979 1980//1980
f 1980//1980 1979//1979 1951//1951
f 1980//1980 1951//1951 1981//1981
f 1981//1981 1951//1951 1953//1953
f 1981//1981 1953//1953 1965//1965
f 1965//1965 1953//1953 1955//1955
f 1982//1982 1983//1983 1984//1984
f 1984//1984 1983//1983 1985//1985
f 1984//1984 1985//1985 1986//1986
f 1986//1986 1985//1985 1987//1987
f 1986//1986 1987//1987 1988//1988
f 1988//1988 1987//1987 1989//1989
f 1988//1988 1989//1989 1990//1990
f 1990//1990 1989//1989 1991//1991
f 1990//1990 1991//1991 1992//1992
f 1992//1992 1991//1991 1993//1993
f 1992//1992 1993//1993 1994//1994
f 1994//1994 1993//1993 1995//1995
f 1996//1996 1994//1994 1997//1997
f 1997//1997 1994//1994 1998//1998
f 1997//1997 1998//1998 1999//1999
f 1999//1999 1998//1998 2000//2000
f 1999//1999 2000//2000 2001//2001
f 2001//2001 2000//2000 2002//2002
f 2001//2001 2002//2002 2003//2003
f 2003//2003 2002//2002 2004//2004
f 2003//2003 2004//2004 2005//2005
f 2005//2005 2004//2004 2006//2006
f 2005//2005 2006//2006 2007//2007
f 2007//2007 2006//2006 1982//1982
f 2007//2007 1982//1982 2008//2008
f 2008//2008 1982//1982 1984//1984
f 2008//2008 1984//1984 2009//2009
f 2009//2009 1984//1984 1986//1986
f 2009//2009 1986//1986 2010//2010
f 2010//2010 1986//1986 1988//1988
f 2010//2010 1988//1988 2011//2011
f 2011//2011 1988//1988 1990//1990
f 2011//2011 1990//1990 2012//2012
f 2012//2012 1990//1990 1992//1992
f 2012//2012 1992//1992 1996//1996
f 1996//1996 1992//1992 1994//1994
f 2013//2013 2014//2014 2015//2015
f 2015//2015 2014//2014 2016//2016
f 2017//2017 2013//2013 2018//2018
f 2018//2018 2013//2013 2015//2015
f 2019//2019 2017//2017 2020//2020
f 2020//2020 2017//2017 2018//2018
f 2019//2019 2020//2020 2021//2021
f 2021//2021 2020//2020 2022//2022
f 2021//2021 2022//2022 2023//2023
f 2023//2023 2022//2022 2024//2024
f 2023//2023 2024//2024 2025//2025
f 2025//2025 2024//2024 2026//2026
f 2025//2025 2026//2026 2027//2027
f 2027//2027 2026//2026 2028//2028
f 2029//2029 2027//2027 2030//2030
f 2030//2030 2027//2027 2028//2028
f 2031//2031 2029//2029 2032//2032
f 2032//2032 2029//2029 2030//2030
f 2033//2033 2031//2031 2034//2034
f 2034//2034 2031//2031 2032//2032
f 2033//2033 2034//2034 2035//2035
f 2035//2035 2034//2034 2036//2036
f 2035//2035 2036//2036 2037//2037
f 2037//2037 2036//2036 2038//2038
f 2037//2037 2038//2038 2039//2039
f 2039//2039 2038//2038 2040//2040
f 2039//2039 2040//2040 2041//2041
f 2041//2041 2040//2040 2042//2042
f 2043//2043 2041//2041 2044//2044
f 2044//2044 2041//2041 2042//2042
f 2043//2043 2044//2044 2045//2045
f 2045//2045 2044//2044 2046//2046
f 2045//2045 2046//2046 2047//2047
f 2047//2047 2046//2046 2048//2048
f 2047//2047 2048//2048 2049//2049
f 2049//2049 2048//2048 2050//2050
f 2051//2051 2049//2049 2052//2052
f 2052//2052 2049//2049 2050//2050
f 2051//2051 2052//2052 2053//2053
f 2053//2053 2052//2052 2054//2054
f 2053//2053 2054//2054 2055//2055
f 2055//2055 2054//2054 2056//2056
f 2055//2055 2056//2056 2057//2057
f 2057//2057 2056//2056 2058//2058
f 2057//2057 2058//2058 2014//2014
f 2014//2014 2058//2058 2016//2016
f 2059//2059 2060//2060 2061//2061
f 2061//2061 2060//2060 2062//2062
f 2061//2061 2062//2062 2063//2063
f 2063//2063 2062//2062 2064//2064
f 2063//2063 2064//2064 2065//2065
f 2065//2065 2064//2064 2066//2066
f 2065//2065 2066//2066 2067//2067
f 2067//2067 2066//2066 2068//2068
f 2069//2069 2067//2067 2070//2070
f 2070//2070 2067//2067 2068//2068
f 2069//2069 2070//2070 2071//2071
f 2071//2071 2070//2070 2072//2072
f 2071//2071 2072//2072 2073//2073
f 2073//2073 2072//2072 2074//2074
f 2073//2073 2074//2074 2075//2075
f 2075//2075 2074//2074 2076//2076
f 2077//2077 2075//2075 2078//2078
f 2078//2078 2075//2075 2076//2076
f 2077//2077 2078//2078 2079//2079
f 2079//2079 2078//2078 2080//2080
f 2079//2079 2080//2080 2081//2081
f 2081//2081 2080//2080 2082//2082
f 2081//2081 2082//2082 2083//2083
f 2083//2083 2082//2082 2084//2084
f 2083//2083 2084//2084 2085//2085
f 2085//2085 2084//2084 2086//2086
f 2087//2087 2085//2085 2088//2088
f 2088//2088 2085//2085 2086//2086
f 2089//2089 2087//2087 2090//2090
f 2090//2090 2087//2087 2088//2088
f 2091//2091 2089//2089 2092//2092
f 2092//2092 2089//2089 2090//2090
f 2091//2091 2092//2092 2093//2093
f 2093//2093 2092//2092 2094//2094
f 2093//2093 2094//2094 2095//2095
f 2095//2095 2094//2094 2096//2096
f 2095//2095 2096//2096 2097//2097
f 2097//2097 2096//2096 2098//2098
f 2097//2097 2098//2098 2099//2099
f 2099//2099 2098//2098 2100//2100
f 2101//2101 2099//2099 2102//2102
f 2102//2102 2099//2099 2100//2100
f 2103//2103 2101//2101 2104//2104
f 2104//2104 2101//2101 2102//2102
f 2059//2059 2103//2103 2060//2060
f 2060//2060 2103//2103 2104//2104
f 1969//1969 2007//2007 1968//1968
f 1968//1968 2007//2007 2008//2008
f 1968//1968 2008//2008 1967//1967
f 1967//1967 2008//2008 2009//2009
f 1967//1967 2009//2009 1966//1966
f 1966//1966 2009//2009 2010//2010
f 1966//1966 2010//2010 1965//1965
f 1965//1965 2010//2010 2011//2011
f 1965//1965 2011//2011 1981//1981
f 1981//1981 2011//2011 2012//2012
f 1981//1981 2012//2012 1980//1980
f 1980//1980 2012//2012 1996//1996
f 2105//2105 2106//2106 2107//2107
f 2107//2107 2106//2106 2108//2108
f 2105//2105 2107//2107 2109//2109
f 2109//2109 2107//2107 2110//2110
f 2109//2109 2110//2110 2111//2111
f 2111//2111 2110//2110 2112//2112
f 2111//2111 2112//2112 2113//2113
f 2113//2113 2112//2112 2114//2114
f 2113//2113 2114//2114 2115//2115
f 2115//2115 2114//2114 2116//2116
f 2117//2117 2115//2115 2118//2118
f 2118//2118 2115//2115 2116//2116
f 2119//2119 2117//2117 2120//2120
f 2120//2120 2117//2117 2118//2118
f 2121//2121 2119//2119 2122//2122
f 2122//2122 2119//2119 2120//2120
f 2121//2121 2122//2122 2123//2123
f 2123//2123 2122//2122 2124//2124
f 2123//2123 2124//2124 2125//2125
f 2125//2125 2124//2124 2126//2126
f 2125//2125 2126//2126 2127//2127
f 2127//2127 2126//2126 2128//2128
f 2127//2127 2128//2128 2129//2129
f 2129//2129 2128//2128 2130//2130
f 2131//2131 2129//2129 2132//2132
f 2132//2132 2129//2129 2130//2130
f 2133//2133 2131//2131 2134//2134
f 2134//2134 2131//2131 2132//2132
f 2135//2135 2133//2133 2136//2136
f 2136//2136 2133//2133 2134//2134
f 2135//2135 2136//2136 2137//2137
f 2137//2137 2136//2136 2138//2138
f 2137//2137 2138//2138 2139//2139
f 2139//2139 2138//2138 2140//2140
f 2139//2139 2140//2140 2141//2141
f 2141//2141 2140//2140 2142//2142
f 2141//2141 2142//2142 2143//2143
f 2143//2143 2142//2142 2144//2144
f 2145//2145 2143//2143 2146//2146
f 2146//2146 2143//2143 2144//2144
f 2145//2145 2146//2146 2147//2147
f 2147//2147 2146//2146 2148//2148
f 2147//2147 2148//2148 2149//2149
f 2149//2149 2148//2148 2150//2150
f 2149//2149 2150//2150 2106//2106
f 2106//2106 2150//2150 2108//2108
f 2151//2151 2152//2152 2153//2153
f 2153//2153 2152//2152 2154//2154
f 2151//2151 2153//2153 2155//2155
f 2155//2155 2153//2153 2156//2156
f 2155//2155 2156//2156 2157//2157
f 2157//2157 2156//2156 2158//2158
f 2157//2157 2158//2158 2159//2159
f 2159//2159 2158//2158 2160//2160
f 2159//2159 2160//2160 2161//2161
f 2161//2161 2160//2160 2162//2162
f 2163//2163 2161//2161 2164//2164
f 2164//2164 2161//2161 2162//2162
f 2165//2165 2163//2163 2166//2166
f 2166//2166 2163//2163 2164//2164
f 2167//2167 2165//2165 2168//2168
f 2168//2168 2165//2165 2166//2166
f 2167//2167 2168//2168 2169//2169
f 2169//2169 2168//2168 2170//2170
f 2169//2169 2170//2170 2171//2171
f 2171//2171 2170//2170 2172//2172
f 2171//2171 2172//2172 2173//2173
f 2173//2173 2172//2172 2174//2174
f 2173//2173 2174//2174 2175//2175
f 2175//2175 2174//2174 2176//2176
f 2177//2177 2175//2175 2178//2178
f 2178//2178 2175//2175 2176//2176
f 2179//2179 2177//2177 2180//2180
f 2180//2180 2177//2177 2178//2178
f 2181//2181 2179//2179 2182//2182
f 2182//2182 2179//2179 2180//2180
f 2181//2181 2182//2182 2183//2183
f 2183//2183 2182//2182 2184//2184
f 2183//2183 2184//2184 2185//2185
f 2185//2185 2184//2184 2186//2186
f 2185//2185 2186//2186 2187//2187
f 2187//2187 2186//2186 2188//2188
f 2187//2187 2188//2188 2189//2189
f 2189//2189 2188//2188 2190//2190
f 2191//2191 2189//2189 2192//2192
f 2192//2192 2189//2189 2190//2190
f 2191//2191 2192//2192 2193//2193
f 2193//2193 2192//2192 2194//2194
f 2193//2193 2194//2194 2195//2195
f 2195//2195 2194//2194 2196//2196
f 2195//2195 2196//2196 2152//2152
f 2152//2152 2196//2196 2154//2154
f 2197//2197 2198//2198 2199//2199
f 2200//2200 2196//2196 2194//2194
f 2162//2162 2160//2160 2201//2201
f 2201//2201 2160//2160 2158//2158
f 2202//2202 2170//2170 2168//2168
f 1995//1995 1993//1993 2203//2203
f 2162//2162 2201//2201 2164//2164
f 2164//2164 2201//2201 2204//2204
f 2164//2164 2204//2204 2205//2205
f 2158//2158 2156//2156 2201//2201
f 2201//2201 2156//2156 2153//2153
f 2201//2201 2153//2153 2200//2200
f 2200//2200 2153//2153 2154//2154
f 2200//2200 2154//2154 2196//2196
f 2186//2186 2184//2184 2206//2206
f 2206//2206 2184//2184 2182//2182
f 2206//2206 2182//2182 2180//2180
f 2194//2194 2192//2192 2200//2200
f 2200//2200 2192//2192 2190//2190
f 2200//2200 2190//2190 2206//2206
f 2206//2206 2190//2190 2188//2188
f 2206//2206 2188//2188 2186//2186
f 2202//2202 2168//2168 2205//2205
f 2205//2205 2168//2168 2166//2166
f 2205//2205 2166//2166 2164//2164
f 2178//2178 2176//2176 2180//2180
f 2180//2180 2176//2176 2174//2174
f 2180//2180 2174//2174 2202//2202
f 2202//2202 2174//2174 2172//2172
f 2202//2202 2172//2172 2170//2170
f 1991//1991 1989//1989 2207//2207
f 2207//2207 1989//1989 2208//2208
f 2209//2209 2210//2210 2202//2202
f 2202//2202 2210//2210 2211//2211
f 2202//2202 2211//2211 2180//2180
f 2180//2180 2211//2211 2212//2212
f 2180//2180 2212//2212 2206//2206
f 2202//2202 2213//2213 2209//2209
f 2209//2209 2213//2213 2203//2203
f 2209//2209 2203//2203 2207//2207
f 2207//2207 2203//2203 1993//1993
f 2207//2207 1993//1993 1991//1991
f 2214//2214 2215//2215 2216//2216
f 2216//2216 2215//2215 2217//2217
f 2216//2216 2217//2217 1983//1983
f 1983//1983 2217//2217 2218//2218
f 1983//1983 2218//2218 1985//1985
f 1985//1985 2218//2218 1987//1987
f 2219//2219 2220//2220 2221//2221
f 2221//2221 2220//2220 2222//2222
f 2220//2220 2223//2223 2224//2224
f 1995//1995 2203//2203 2223//2223
f 2223//2223 2203//2203 2225//2225
f 2223//2223 2225//2225 2224//2224
f 2048//2048 2046//2046 2226//2226
f 2227//2227 2034//2034 2032//2032
f 2227//2227 2228//2228 2034//2034
f 2034//2034 2228//2228 2229//2229
f 2034//2034 2229//2229 2036//2036
f 2036//2036 2229//2229 2038//2038
f 2046//2046 2044//2044 2226//2226
f 2226//2226 2044//2044 2042//2042
f 2226//2226 2042//2042 2229//2229
f 2229//2229 2042//2042 2040//2040
f 2229//2229 2040//2040 2038//2038
f 2015//2015 2016//2016 2230//2230
f 2230//2230 2016//2016 2058//2058
f 2230//2230 2058//2058 2056//2056
f 2032//2032 2030//2030 2227//2227
f 2227//2227 2030//2030 2028//2028
f 2227//2227 2028//2028 2231//2231
f 2231//2231 2028//2028 2026//2026
f 2056//2056 2054//2054 2230//2230
f 2230//2230 2054//2054 2052//2052
f 2230//2230 2052//2052 2226//2226
f 2226//2226 2052//2052 2050//2050
f 2226//2226 2050//2050 2048//2048
f 2026//2026 2024//2024 2231//2231
f 2231//2231 2024//2024 2022//2022
f 2231//2231 2022//2022 2015//2015
f 2015//2015 2022//2022 2020//2020
f 2015//2015 2020//2020 2018//2018
f 2232//2232 2233//2233 2230//2230
f 2230//2230 2233//2233 2234//2234
f 2230//2230 2234//2234 2015//2015
f 2015//2015 2234//2234 2235//2235
f 2015//2015 2235//2235 2231//2231
f 2231//2231 2235//2235 2236//2236
f 2231//2231 2236//2236 2237//2237
f 2237//2237 2236//2236 2238//2238
f 2237//2237 2238//2238 2239//2239
f 2239//2239 2238//2238 2240//2240
f 2239//2239 2240//2240 2218//2218
f 2218//2218 2240//2240 2208//2208
f 2218//2218 2208//2208 1987//1987
f 1987//1987 2208//2208 1989//1989
f 2241//2241 2074//2074 2072//2072
f 2242//2242 2078//2078 2241//2241
f 2241//2241 2078//2078 2076//2076
f 2241//2241 2076//2076 2074//2074
f 2219//2219 2221//2221 2214//2214
f 2214//2214 2221//2221 2243//2243
f 2214//2214 2243//2243 2215//2215
f 2215//2215 2243//2243 2244//2244
f 2215//2215 2244//2244 2245//2245
f 2245//2245 2244//2244 2246//2246
f 2245//2245 2246//2246 2247//2247
f 2086//2086 2084//2084 2242//2242
f 2064//2064 2062//2062 2248//2248
f 2248//2248 2062//2062 2060//2060
f 2086//2086 2242//2242 2088//2088
f 2084//2084 2082//2082 2242//2242
f 2242//2242 2082//2082 2080//2080
f 2242//2242 2080//2080 2078//2078
f 2072//2072 2070//2070 2241//2241
f 2241//2241 2070//2070 2068//2068
f 2241//2241 2068//2068 2248//2248
f 2248//2248 2068//2068 2066//2066
f 2248//2248 2066//2066 2064//2064
f 2102//2102 2100//2100 2104//2104
f 2104//2104 2100//2100 2098//2098
f 2104//2104 2098//2098 2249//2249
f 2249//2249 2098//2098 2096//2096
f 2096//2096 2094//2094 2249//2249
f 2249//2249 2094//2094 2092//2092
f 2249//2249 2092//2092 2250//2250
f 2250//2250 2092//2092 2090//2090
f 2090//2090 2088//2088 2250//2250
f 2250//2250 2088//2088 2242//2242
f 2250//2250 2242//2242 2251//2251
f 2251//2251 2242//2242 2252//2252
f 2251//2251 2252//2252 2253//2253
f 2199//2199 2248//2248 2197//2197
f 2197//2197 2248//2248 2060//2060
f 2197//2197 2060//2060 2254//2254
f 2254//2254 2060//2060 2104//2104
f 2254//2254 2104//2104 2247//2247
f 2247//2247 2104//2104 2249//2249
f 2247//2247 2249//2249 2245//2245
f 2245//2245 2249//2249 2255//2255
f 2245//2245 2255//2255 2215//2215
f 2118//2118 2256//2256 2257//2257
f 2150//2150 2148//2148 2258//2258
f 2128//2128 2126//2126 2259//2259
f 2220//2220 2224//2224 2222//2222
f 2222//2222 2224//2224 2260//2260
f 2222//2222 2260//2260 2261//2261
f 2114//2114 2112//2112 2262//2262
f 2140//2140 2138//2138 2263//2263
f 2263//2263 2138//2138 2136//2136
f 2261//2261 2260//2260 2259//2259
f 2259//2259 2260//2260 2264//2264
f 2259//2259 2264//2264 2265//2265
f 2148//2148 2146//2146 2258//2258
f 2258//2258 2146//2146 2144//2144
f 2258//2258 2144//2144 2263//2263
f 2263//2263 2144//2144 2142//2142
f 2263//2263 2142//2142 2140//2140
f 2132//2132 2130//2130 2134//2134
f 2134//2134 2130//2130 2128//2128
f 2112//2112 2110//2110 2262//2262
f 2262//2262 2110//2110 2107//2107
f 2262//2262 2107//2107 2258//2258
f 2258//2258 2107//2107 2108//2108
f 2258//2258 2108//2108 2150//2150
f 2126//2126 2124//2124 2259//2259
f 2259//2259 2124//2124 2122//2122
f 2259//2259 2122//2122 2257//2257
f 2257//2257 2122//2122 2120//2120
f 2257//2257 2120//2120 2118//2118
f 2256//2256 2118//2118 2262//2262
f 2262//2262 2118//2118 2116//2116
f 2262//2262 2116//2116 2114//2114
f 2128//2128 2259//2259 2134//2134
f 2134//2134 2259//2259 2265//2265
f 2134//2134 2265//2265 2136//2136
f 2136//2136 2265//2265 2266//2266
f 2136//2136 2266//2266 2263//2263
f 2263//2263 2266//2266 2267//2267
f 2263//2263 2267//2267 2268//2268
f 2269//2269 2270//2270 2271//2271
f 2179//2179 2272//2272 2273//2273
f 2193//2193 2195//2195 2274//2274
f 2275//2275 2276//2276 1952//1952
f 2163//2163 2165//2165 2167//2167
f 2273//2273 2277//2277 2171//2171
f 2171//2171 2277//2277 2169//2169
f 2278//2278 2279//2279 2280//2280
f 2281//2281 2161//2161 2163//2163
f 2281//2281 2282//2282 2161//2161
f 2161//2161 2282//2282 2283//2283
f 2161//2161 2283//2283 2159//2159
f 2159//2159 2283//2283 2157//2157
f 2177//2177 2179//2179 2175//2175
f 2175//2175 2179//2179 2273//2273
f 2175//2175 2273//2273 2173//2173
f 2173//2173 2273//2273 2171//2171
f 2167//2167 2169//2169 2163//2163
f 2163//2163 2169//2169 2277//2277
f 2163//2163 2277//2277 2281//2281
f 2281//2281 2277//2277 2284//2284
f 2195//2195 2152//2152 2274//2274
f 2274//2274 2152//2152 2151//2151
f 2274//2274 2151//2151 2283//2283
f 2283//2283 2151//2151 2155//2155
f 2283//2283 2155//2155 2157//2157
f 2285//2285 2183//2183 2185//2185
f 2272//2272 2179//2179 2285//2285
f 2285//2285 2179//2179 2181//2181
f 2285//2285 2181//2181 2183//2183
f 2185//2185 2187//2187 2285//2285
f 2285//2285 2187//2187 2189//2189
f 2285//2285 2189//2189 2274//2274
f 2274//2274 2189//2189 2191//2191
f 2274//2274 2191//2191 2193//2193
f 2284//2284 2277//2277 2276//2276
f 2276//2276 2277//2277 2286//2286
f 2276//2276 2286//2286 2287//2287
f 2288//2288 2289//2289 2290//2290
f 2287//2287 1958//1958 1956//1956
f 2288//2288 2290//2290 2291//2291
f 2291//2291 2290//2290 1964//1964
f 2291//2291 1964//1964 1962//1962
f 2275//2275 1952//1952 2292//2292
f 2292//2292 1952//1952 2293//2293
f 2292//2292 2293//2293 2294//2294
f 2287//2287 1956//1956 2276//2276
f 2276//2276 1956//1956 1954//1954
f 2276//2276 1954//1954 1952//1952
f 2278//2278 2280//2280 2295//2295
f 1958//1958 2287//2287 1960//1960
f 1960//1960 2287//2287 2295//2295
f 1960//1960 2295//2295 1962//1962
f 1962//1962 2295//2295 2280//2280
f 1962//1962 2280//2280 2291//2291
f 2296//2296 2297//2297 2298//2298
f 2298//2298 2297//2297 2299//2299
f 2298//2298 2299//2299 2300//2300
f 2300//2300 2299//2299 2289//2289
f 2300//2300 2289//2289 2269//2269
f 2269//2269 2289//2289 2288//2288
f 2269//2269 2288//2288 2270//2270
f 2270//2270 2288//2288 2301//2301
f 2270//2270 2301//2301 2302//2302
f 2129//2129 2131//2131 2133//2133
f 2147//2147 2149//2149 2303//2303
f 2304//2304 2115//2115 2117//2117
f 2305//2305 2143//2143 2303//2303
f 2303//2303 2143//2143 2145//2145
f 2303//2303 2145//2145 2147//2147
f 2149//2149 2106//2106 2303//2303
f 2303//2303 2106//2106 2105//2105
f 2303//2303 2105//2105 2306//2306
f 2306//2306 2105//2105 2109//2109
f 2306//2306 2109//2109 2111//2111
f 2129//2129 2133//2133 2127//2127
f 2127//2127 2133//2133 2307//2307
f 2127//2127 2307//2307 2125//2125
f 2304//2304 2308//2308 2115//2115
f 2115//2115 2308//2308 2306//2306
f 2115//2115 2306//2306 2113//2113
f 2113//2113 2306//2306 2111//2111
f 2137//2137 2139//2139 2305//2305
f 2305//2305 2139//2139 2141//2141
f 2305//2305 2141//2141 2143//2143
f 2293//2293 2297//2297 2294//2294
f 2294//2294 2297//2297 2296//2296
f 2294//2294 2296//2296 2309//2309
f 2309//2309 2296//2296 2310//2310
f 2309//2309 2310//2310 2311//2311
f 2311//2311 2310//2310 2307//2307
f 2311//2311 2307//2307 2312//2312
f 2312//2312 2307//2307 2133//2133
f 2312//2312 2133//2133 2305//2305
f 2305//2305 2133//2133 2135//2135
f 2305//2305 2135//2135 2137//2137
f 2117//2117 2119//2119 2304//2304
f 2304//2304 2119//2119 2121//2121
f 2304//2304 2121//2121 2307//2307
f 2307//2307 2121//2121 2123//2123
f 2307//2307 2123//2123 2125//2125
f 2313//2313 2314//2314 2305//2305
f 2305//2305 2314//2314 2315//2315
f 2305//2305 2315//2315 2312//2312
f 2103//2103 2316//2316 2317//2317
f 2071//2071 2073//2073 2318//2318
f 2081//2081 2083//2083 2319//2319
f 2093//2093 2095//2095 2320//2320
f 2321//2321 2085//2085 2322//2322
f 2322//2322 2085//2085 2087//2087
f 2087//2087 2089//2089 2091//2091
f 2302//2302 2323//2323 2270//2270
f 2270//2270 2323//2323 2320//2320
f 2270//2270 2320//2320 2271//2271
f 2323//2323 2322//2322 2320//2320
f 2320//2320 2322//2322 2087//2087
f 2320//2320 2087//2087 2093//2093
f 2093//2093 2087//2087 2091//2091
f 2103//2103 2059//2059 2324//2324
f 2324//2324 2059//2059 2061//2061
f 2324//2324 2061//2061 2063//2063
f 2095//2095 2097//2097 2320//2320
f 2320//2320 2097//2097 2099//2099
f 2320//2320 2099//2099 2317//2317
f 2317//2317 2099//2099 2101//2101
f 2317//2317 2101//2101 2103//2103
f 2063//2063 2065//2065 2324//2324
f 2324//2324 2065//2065 2067//2067
f 2324//2324 2067//2067 2318//2318
f 2318//2318 2067//2067 2069//2069
f 2318//2318 2069//2069 2071//2071
f 2073//2073 2075//2075 2318//2318
f 2318//2318 2075//2075 2077//2077
f 2318//2318 2077//2077 2319//2319
f 2319//2319 2077//2077 2079//2079
f 2319//2319 2079//2079 2081//2081
f 2103//2103 2324//2324 2316//2316
f 2316//2316 2324//2324 2325//2325
f 2316//2316 2325//2325 2326//2326
f 2083//2083 2085//2085 2319//2319
f 2319//2319 2085//2085 2321//2321
f 2319//2319 2321//2321 2327//2327
f 2327//2327 2321//2321 2328//2328
f 2329//2329 2330//2330 2331//2331
f 2017//2017 2330//2330 2013//2013
f 2013//2013 2330//2330 2332//2332
f 2013//2013 2332//2332 2014//2014
f 2333//2333 2045//2045 2047//2047
f 2033//2033 2035//2035 2334//2334
f 2334//2334 2035//2035 2037//2037
f 2014//2014 2335//2335 2057//2057
f 2057//2057 2335//2335 2055//2055
f 2329//2329 2331//2331 2279//2279
f 2279//2279 2331//2331 2336//2336
f 2279//2279 2336//2336 2280//2280
f 2033//2033 2334//2334 2031//2031
f 2031//2031 2334//2334 2337//2337
f 2031//2031 2337//2337 2338//2338
f 2037//2037 2039//2039 2334//2334
f 2334//2334 2039//2039 2041//2041
f 2334//2334 2041//2041 2333//2333
f 2333//2333 2041//2041 2043//2043
f 2333//2333 2043//2043 2045//2045
f 2023//2023 2331//2331 2021//2021
f 2021//2021 2331//2331 2330//2330
f 2021//2021 2330//2330 2019//2019
f 2019//2019 2330//2330 2017//2017
f 2023//2023 2025//2025 2331//2331
f 2331//2331 2025//2025 2027//2027
f 2331//2331 2027//2027 2338//2338
f 2338//2338 2027//2027 2029//2029
f 2338//2338 2029//2029 2031//2031
f 2047//2047 2049//2049 2333//2333
f 2333//2333 2049//2049 2051//2051
f 2333//2333 2051//2051 2335//2335
f 2335//2335 2051//2051 2053//2053
f 2335//2335 2053//2053 2055//2055
f 2014//2014 2332//2332 2335//2335
f 2335//2335 2332//2332 2339//2339
f 2335//2335 2339//2339 2340//2340
f 2285//2285 2274//2274 2206//2206
f 2206//2206 2274//2274 2200//2200
f 2274//2274 2283//2283 2200//2200
f 2200//2200 2283//2283 2201//2201
f 2283//2283 2282//2282 2201//2201
f 2201//2201 2282//2282 2204//2204
f 2282//2282 2281//2281 2204//2204
f 2204//2204 2281//2281 2205//2205
f 2281//2281 2284//2284 2205//2205
f 2205//2205 2284//2284 2202//2202
f 2284//2284 2276//2276 2202//2202
f 2202//2202 2276//2276 2213//2213
f 2276//2276 2275//2275 2213//2213
f 2213//2213 2275//2275 2203//2203
f 2275//2275 2292//2292 2203//2203
f 2203//2203 2292//2292 2225//2225
f 2292//2292 2294//2294 2225//2225
f 2225//2225 2294//2294 2224//2224
f 2311//2311 2264//2264 2309//2309
f 2309//2309 2264//2264 2260//2260
f 2309//2309 2260//2260 2294//2294
f 2294//2294 2260//2260 2224//2224
f 2311//2311 2312//2312 2264//2264
f 2264//2264 2312//2312 2265//2265
f 2265//2265 2312//2312 2266//2266
f 2266//2266 2312//2312 2315//2315
f 2266//2266 2315//2315 2267//2267
f 2267//2267 2315//2315 2314//2314
f 2314//2314 2313//2313 2267//2267
f 2267//2267 2313//2313 2268//2268
f 2268//2268 2313//2313 2263//2263
f 2263//2263 2313//2313 2305//2305
f 2263//2263 2305//2305 2258//2258
f 2258//2258 2305//2305 2303//2303
f 2303//2303 2306//2306 2258//2258
f 2258//2258 2306//2306 2262//2262
f 2306//2306 2308//2308 2262//2262
f 2262//2262 2308//2308 2256//2256
f 2308//2308 2304//2304 2256//2256
f 2256//2256 2304//2304 2257//2257
f 2304//2304 2307//2307 2257//2257
f 2257//2257 2307//2307 2259//2259
f 2307//2307 2310//2310 2259//2259
f 2259//2259 2310//2310 2261//2261
f 2298//2298 2221//2221 2296//2296
f 2296//2296 2221//2221 2222//2222
f 2296//2296 2222//2222 2310//2310
f 2310//2310 2222//2222 2261//2261
f 2298//2298 2300//2300 2221//2221
f 2221//2221 2300//2300 2243//2243
f 2271//2271 2244//2244 2269//2269
f 2269//2269 2244//2244 2243//2243
f 2269//2269 2243//2243 2300//2300
f 2244//2244 2271//2271 2246//2246
f 2246//2246 2271//2271 2320//2320
f 2246//2246 2320//2320 2247//2247
f 2320//2320 2317//2317 2247//2247
f 2247//2247 2317//2317 2254//2254
f 2254//2254 2317//2317 2197//2197
f 2197//2197 2317//2317 2316//2316
f 2197//2197 2316//2316 2198//2198
f 2198//2198 2316//2316 2326//2326
f 2326//2326 2325//2325 2198//2198
f 2198//2198 2325//2325 2199//2199
f 2199//2199 2325//2325 2248//2248
f 2248//2248 2325//2325 2324//2324
f 2248//2248 2324//2324 2241//2241
f 2241//2241 2324//2324 2318//2318
f 2241//2241 2318//2318 2242//2242
f 2242//2242 2318//2318 2319//2319
f 2242//2242 2319//2319 2252//2252
f 2252//2252 2319//2319 2327//2327
f 2327//2327 2328//2328 2252//2252
f 2252//2252 2328//2328 2253//2253
f 2253//2253 2328//2328 2251//2251
f 2251//2251 2328//2328 2321//2321
f 2251//2251 2321//2321 2250//2250
f 2250//2250 2321//2321 2322//2322
f 2322//2322 2323//2323 2250//2250
f 2250//2250 2323//2323 2249//2249
f 2301//2301 2255//2255 2302//2302
f 2302//2302 2255//2255 2249//2249
f 2302//2302 2249//2249 2323//2323
f 2255//2255 2301//2301 2215//2215
f 2215//2215 2301//2301 2288//2288
f 2215//2215 2288//2288 2217//2217
f 2288//2288 2291//2291 2217//2217
f 2217//2217 2291//2291 2218//2218
f 2336//2336 2237//2237 2280//2280
f 2280//2280 2237//2237 2239//2239
f 2280//2280 2239//2239 2291//2291
f 2291//2291 2239//2239 2218//2218
f 2336//2336 2331//2331 2237//2237
f 2237//2237 2331//2331 2231//2231
f 2331//2331 2338//2338 2231//2231
f 2231//2231 2338//2338 2227//2227
f 2338//2338 2337//2337 2227//2227
f 2227//2227 2337//2337 2228//2228
f 2337//2337 2334//2334 2228//2228
f 2228//2228 2334//2334 2229//2229
f 2334//2334 2333//2333 2229//2229
f 2229//2229 2333//2333 2226//2226
f 2226//2226 2333//2333 2230//2230
f 2230//2230 2333//2333 2335//2335
f 2230//2230 2335//2335 2232//2232
f 2232//2232 2335//2335 2340//2340
f 2340//2340 2339//2339 2232//2232
f 2232//2232 2339//2339 2233//2233
f 2233//2233 2339//2339 2234//2234
f 2234//2234 2339//2339 2332//2332
f 2234//2234 2332//2332 2235//2235
f 2235//2235 2332//2332 2330//2330
f 2330//2330 2329//2329 2235//2235
f 2235//2235 2329//2329 2236//2236
f 2278//2278 2240//2240 2279//2279
f 2279//2279 2240//2240 2238//2238
f 2279//2279 2238//2238 2329//2329
f 2329//2329 2238//2238 2236//2236
f 2278//2278 2295//2295 2240//2240
f 2240//2240 2295//2295 2208//2208
f 2295//2295 2287//2287 2208//2208
f 2208//2208 2287//2287 2207//2207
f 2287//2287 2286//2286 2207//2207
f 2207//2207 2286//2286 2209//2209
f 2286//2286 2277//2277 2209//2209
f 2209//2209 2277//2277 2210//2210
f 2277//2277 2273//2273 2210//2210
f 2210//2210 2273//2273 2211//2211
f 2273//2273 2272//2272 2211//2211
f 2211//2211 2272//2272 2212//2212
f 2272//2272 2285//2285 2212//2212
f 2212//2212 2285//2285 2206//2206
f 1980//1980 1996//1996 1978//1978
f 1978//1978 1996//1996 1997//1997
f 1978//1978 1997//1997 1976//1976
f 1976//1976 1997//1997 1999//1999
f 1976//1976 1999//1999 1974//1974
f 1974//1974 1999//1999 2001//2001
f 1974//1974 2001//2001 1972//1972
f 1972//1972 2001//2001 2003//2003
f 1972//1972 2003//2003 1970//1970
f 1970//1970 2003//2003 2005//2005
f 1970//1970 2005//2005 1969//1969
f 1969//1969 2005//2005 2007//2007
f 1994//1994 1995//1995 1998//1998
f 1998//1998 1995//1995 2223//2223
f 1998//1998 2223//2223 2000//2000
f 2000//2000 2223//2223 2220//2220
f 2000//2000 2220//2220 2002//2002
f 2002//2002 2220//2220 2219//2219
f 2002//2002 2219//2219 2004//2004
f 2004//2004 2219//2219 2214//2214
f 2004//2004 2214//2214 2006//2006
f 2006//2006 2214//2214 2216//2216
f 2006//2006 2216//2216 1982//1982
f 1982//1982 2216//2216 1983//1983
f 1963//1963 1964//1964 1971//1971
f 1971//1971 1964//1964 2290//2290
f 1971//1971 2290//2290 1973//1973
f 1973//1973 2290//2290 2289//2289
f 1973//1973 2289//2289 1975//1975
f 1975//1975 2289//2289 2299//2299
f 1975//1975 2299//2299 1977//1977
f 1977//1977 2299//2299 2297//2297
f 1977//1977 2297//2297 1979//1979
f 1979//1979 2297//2297 2293//2293
f 1979//1979 2293//2293 1951//1951
f 1951//1951 2293//2293 1952//1952
f 2341//2341 2342//2342 2343//2343
f 2343//2343 2342//2342 2344//2344
f 2343//2343 2344//2344 2345//2345
f 2345//2345 2344//2344 2346//2346
f 2345//2345 2346//2346 2347//2347
f 2347//2347 2346//2346 2348//2348
f 2347//2347 2348//2348 2349//2349
f 2349//2349 2348//2348 2350//2350
f 2349//2349 2350//2350 2351//2351
f 2351//2351 2350//2350 2352//2352
f 2351//2351 2352//2352 2353//2353
f 2353//2353 2352//2352 2354//2354
f 2355//2355 2345//2345 2356//2356
f 2356//2356 2345//2345 2347//2347
f 2356//2356 2347//2347 2357//2357
f 2357//2357 2347//2347 2349//2349
f 2357//2357 2349//2349 2358//2358
f 2358//2358 2349//2349 2351//2351
f 2358//2358 2351//2351 2359//2359
f 2359//2359 2351//2351 2353//2353
f 2359//2359 2353//2353 2360//2360
f 2360//2360 2353//2353 2361//2361
f 2360//2360 2361//2361 2362//2362
f 2362//2362 2361//2361 2363//2363
f 2362//2362 2363//2363 2364//2364
f 2364//2364 2363//2363 2365//2365
f 2364//2364 2365//2365 2366//2366
f 2366//2366 2365//2365 2367//2367
f 2366//2366 2367//2367 2368//2368
f 2368//2368 2367//2367 2369//2369
f 2368//2368 2369//2369 2370//2370
f 2370//2370 2369//2369 2341//2341
f 2370//2370 2341//2341 2371//2371
f 2371//2371 2341//2341 2343//2343
f 2371//2371 2343//2343 2355//2355
f 2355//2355 2343//2343 2345//2345
f 2372//2372 2373//2373 2374//2374
f 2374//2374 2373//2373 2375//2375
f 2374//2374 2375//2375 2376//2376
f 2376//2376 2375//2375 2377//2377
f 2376//2376 2377//2377 2378//2378
f 2378//2378 2377//2377 2379//2379
f 2378//2378 2379//2379 2380//2380
f 2380//2380 2379//2379 2381//2381
f 2380//2380 2381//2381 2382//2382
f 2382//2382 2381//2381 2383//2383
f 2382//2382 2383//2383 2384//2384
f 2384//2384 2383//2383 2385//2385
f 2386//2386 2384//2384 2387//2387
f 2387//2387 2384//2384 2388//2388
f 2387//2387 2388//2388 2389//2389
f 2389//2389 2388//2388 2390//2390
f 2389//2389 2390//2390 2391//2391
f 2391//2391 2390//2390 2392//2392
f 2391//2391 2392//2392 2393//2393
f 2393//2393 2392//2392 2394//2394
f 2393//2393 2394//2394 2395//2395
f 2395//2395 2394//2394 2396//2396
f 2395//2395 2396//2396 2397//2397
f 2397//2397 2396//2396 2372//2372
f 2397//2397 2372//2372 2398//2398
f 2398//2398 2372//2372 2374//2374
f 2398//2398 2374//2374 2399//2399
f 2399//2399 2374//2374 2376//2376
f 2399//2399 2376//2376 2400//2400
f 2400//2400 2376//2376 2378//2378
f 2400//2400 2378//2378 2401//2401
f 2401//2401 2378//2378 2380//2380
f 2401//2401 2380//2380 2402//2402
f 2402//2402 2380//2380 2382//2382
f 2402//2402 2382//2382 2386//2386
f 2386//2386 2382//2382 2384//2384
f 2403//2403 2404//2404 2405//2405
f 2405//2405 2404//2404 2406//2406
f 2407//2407 2403//2403 2408//2408
f 2408//2408 2403//2403 2405//2405
f 2409//2409 2407//2407 2410//2410
f 2410//2410 2407//2407 2408//2408
f 2409//2409 2410//2410 2411//2411
f 2411//2411 2410//2410 2412//2412
f 2411//2411 2412//2412 2413//2413
f 2413//2413 2412//2412 2414//2414
f 2413//2413 2414//2414 2415//2415
f 2415//2415 2414//2414 2416//2416
f 2415//2415 2416//2416 2417//2417
f 2417//2417 2416//2416 2418//2418
f 2419//2419 2417//2417 2420//2420
f 2420//2420 2417//2417 2418//2418
f 2421//2421 2419//2419 2422//2422
f 2422//2422 2419//2419 2420//2420
f 2423//2423 2421//2421 2424//2424
f 2424//2424 2421//2421 2422//2422
f 2423//2423 2424//2424 2425//2425
f 2425//2425 2424//2424 2426//2426
f 2425//2425 2426//2426 2427//2427
f 2427//2427 2426//2426 2428//2428
f 2427//2427 2428//2428 2429//2429
f 2429//2429 2428//2428 2430//2430
f 2429//2429 2430//2430 2431//2431
f 2431//2431 2430//2430 2432//2432
f 2433//2433 2431//2431 2434//2434
f 2434//2434 2431//2431 2432//2432
f 2433//2433 2434//2434 2435//2435
f 2435//2435 2434//2434 2436//2436
f 2435//2435 2436//2436 2437//2437
f 2437//2437 2436//2436 2438//2438
f 2437//2437 2438//2438 2439//2439
f 2439//2439 2438//2438 2440//2440
f 2441//2441 2439//2439 2442//2442
f 2442//2442 2439//2439 2440//2440
f 2441//2441 2442//2442 2443//2443
f 2443//2443 2442//2442 2444//2444
f 2443//2443 2444//2444 2445//2445
f 2445//2445 2444//2444 2446//2446
f 2445//2445 2446//2446 2447//2447
f 2447//2447 2446//2446 2448//2448
f 2447//2447 2448//2448 2404//2404
f 2404//2404 2448//2448 2406//2406
f 2449//2449 2450//2450 2451//2451
f 2451//2451 2450//2450 2452//2452
f 2451//2451 2452//2452 2453//2453
f 2453//2453 2452//2452 2454//2454
f 2453//2453 2454//2454 2455//2455
f 2455//2455 2454//2454 2456//2456
f 2455//2455 2456//2456 2457//2457
f 2457//2457 2456//2456 2458//2458
f 2459//2459 2457//2457 2460//2460
f 2460//2460 2457//2457 2458//2458
f 2459//2459 2460//2460 2461//2461
f 2461//2461 2460//2460 2462//2462
f 2461//2461 2462//2462 2463//2463
f 2463//2463 2462//2462 2464//2464
f 2463//2463 2464//2464 2465//2465
f 2465//2465 2464//2464 2466//2466
f 2467//2467 2465//2465 2468//2468
f 2468//2468 2465//2465 2466//2466
f 2467//2467 2468//2468 2469//2469
f 2469//2469 2468//2468 2470//2470
f 2469//2469 2470//2470 2471//2471
f 2471//2471 2470//2470 2472//2472
f 2471//2471 2472//2472 2473//2473
f 2473//2473 2472//2472 2474//2474
f 2473//2473 2474//2474 2475//2475
f 2475//2475 2474//2474 2476//2476
f 2477//2477 2475//2475 2478//2478
f 2478//2478 2475//2475 2476//2476
f 2479//2479 2477//2477 2480//2480
f 2480//2480 2477//2477 2478//2478
f 2481//2481 2479//2479 2482//2482
f 2482//2482 2479//2479 2480//2480
f 2481//2481 2482//2482 2483//2483
f 2483//2483 2482//2482 2484//2484
f 2483//2483 2484//2484 2485//2485
f 2485//2485 2484//2484 2486//2486
f 2485//2485 2486//2486 2487//2487
f 2487//2487 2486//2486 2488//2488
f 2487//2487 2488//2488 2489//2489
f 2489//2489 2488//2488 2490//2490
f 2491//2491 2489//2489 2492//2492
f 2492//2492 2489//2489 2490//2490
f 2493//2493 2491//2491 2494//2494
f 2494//2494 2491//2491 2492//2492
f 2449//2449 2493//2493 2450//2450
f 2450//2450 2493//2493 2494//2494
f 2359//2359 2397//2397 2358//2358
f 2358//2358 2397//2397 2398//2398
f 2358//2358 2398//2398 2357//2357
f 2357//2357 2398//2398 2399//2399
f 2357//2357 2399//2399 2356//2356
f 2356//2356 2399//2399 2400//2400
f 2356//2356 2400//2400 2355//2355
f 2355//2355 2400//2400 2401//2401
f 2355//2355 2401//2401 2371//2371
f 2371//2371 2401//2401 2402//2402
f 2371//2371 2402//2402 2370//2370
f 2370//2370 2402//2402 2386//2386
f 2495//2495 2496//2496 2497//2497
f 2497//2497 2496//2496 2498//2498
f 2495//2495 2497//2497 2499//2499
f 2499//2499 2497//2497 2500//2500
f 2499//2499 2500//2500 2501//2501
f 2501//2501 2500//2500 2502//2502
f 2501//2501 2502//2502 2503//2503
f 2503//2503 2502//2502 2504//2504
f 2503//2503 2504//2504 2505//2505
f 2505//2505 2504//2504 2506//2506
f 2507//2507 2505//2505 2508//2508
f 2508//2508 2505//2505 2506//2506
f 2509//2509 2507//2507 2510//2510
f 2510//2510 2507//2507 2508//2508
f 2511//2511 2509//2509 2512//2512
f 2512//2512 2509//2509 2510//2510
f 2511//2511 2512//2512 2513//2513
f 2513//2513 2512//2512 2514//2514
f 2513//2513 2514//2514 2515//2515
f 2515//2515 2514//2514 2516//2516
f 2515//2515 2516//2516 2517//2517
f 2517//2517 2516//2516 2518//2518
f 2517//2517 2518//2518 2519//2519
f 2519//2519 2518//2518 2520//2520
f 2521//2521 2519//2519 2522//2522
f 2522//2522 2519//2519 2520//2520
f 2523//2523 2521//2521 2524//2524
f 2524//2524 2521//2521 2522//2522
f 2525//2525 2523//2523 2526//2526
f 2526//2526 2523//2523 2524//2524
f 2525//2525 2526//2526 2527//2527
f 2527//2527 2526//2526 2528//2528
f 2527//2527 2528//2528 2529//2529
f 2529//2529 2528//2528 2530//2530
f 2529//2529 2530//2530 2531//2531
f 2531//2531 2530//2530 2532//2532
f 2531//2531 2532//2532 2533//2533
f 2533//2533 2532//2532 2534//2534
f 2535//2535 2533//2533 2536//2536
f 2536//2536 2533//2533 2534//2534
f 2535//2535 2536//2536 2537//2537
f 2537//2537 2536//2536 2538//2538
f 2537//2537 2538//2538 2539//2539
f 2539//2539 2538//2538 2540//2540
f 2539//2539 2540//2540 2496//2496
f 2496//2496 2540//2540 2498//2498
f 2541//2541 2542//2542 2543//2543
f 2543//2543 2542//2542 2544//2544
f 2541//2541 2543//2543 2545//2545
f 2545//2545 2543//2543 2546//2546
f 2545//2545 2546//2546 2547//2547
f 2547//2547 2546//2546 2548//2548
f 2547//2547 2548//2548 2549//2549
f 2549//2549 2548//2548 2550//2550
f 2549//2549 2550//2550 2551//2551
f 2551//2551 2550//2550 2552//2552
f 2553//2553 2551//2551 2554//2554
f 2554//2554 2551//2551 2552//2552
f 2555//2555 2553//2553 2556//2556
f 2556//2556 2553//2553 2554//2554
f 2557//2557 2555//2555 2558//2558
f 2558//2558 2555//2555 2556//2556
f 2557//2557 2558//2558 2559//2559
f 2559//2559 2558//2558 2560//2560
f 2559//2559 2560//2560 2561//2561
f 2561//2561 2560//2560 2562//2562
f 2561//2561 2562//2562 2563//2563
f 2563//2563 2562//2562 2564//2564
f 2563//2563 2564//2564 2565//2565
f 2565//2565 2564//2564 2566//2566
f 2567//2567 2565//2565 2568//2568
f 2568//2568 2565//2565 2566//2566
f 2569//2569 2567//2567 2570//2570
f 2570//2570 2567//2567 2568//2568
f 2571//2571 2569//2569 2572//2572
f 2572//2572 2569//2569 2570//2570
f 2571//2571 2572//2572 2573//2573
f 2573//2573 2572//2572 2574//2574
f 2573//2573 2574//2574 2575//2575
f 2575//2575 2574//2574 2576//2576
f 2575//2575 2576//2576 2577//2577
f 2577//2577 2576//2576 2578//2578
f 2577//2577 2578//2578 2579//2579
f 2579//2579 2578//2578 2580//2580
f 2581//2581 2579//2579 2582//2582
f 2582//2582 2579//2579 2580//2580
f 2581//2581 2582//2582 2583//2583
f 2583//2583 2582//2582 2584//2584
f 2583//2583 2584//2584 2585//2585
f 2585//2585 2584//2584 2586//2586
f 2585//2585 2586//2586 2542//2542
f 2542//2542 2586//2586 2544//2544
f 2587//2587 2588//2588 2589//2589
f 2590//2590 2586//2586 2584//2584
f 2576//2576 2574//2574 2591//2591
f 2591//2591 2574//2574 2572//2572
f 2591//2591 2572//2572 2570//2570
f 2552//2552 2550//2550 2592//2592
f 2592//2592 2550//2550 2548//2548
f 2593//2593 2594//2594 2595//2595
f 2595//2595 2594//2594 2596//2596
f 2595//2595 2596//2596 2570//2570
f 2570//2570 2596//2596 2597//2597
f 2570//2570 2597//2597 2591//2591
f 2552//2552 2592//2592 2554//2554
f 2554//2554 2592//2592 2598//2598
f 2554//2554 2598//2598 2599//2599
f 2548//2548 2546//2546 2592//2592
f 2592//2592 2546//2546 2543//2543
f 2592//2592 2543//2543 2590//2590
f 2590//2590 2543//2543 2544//2544
f 2590//2590 2544//2544 2586//2586
f 2568//2568 2566//2566 2570//2570
f 2570//2570 2566//2566 2564//2564
f 2570//2570 2564//2564 2595//2595
f 2595//2595 2564//2564 2562//2562
f 2600//2600 2601//2601 2602//2602
f 2584//2584 2582//2582 2590//2590
f 2590//2590 2582//2582 2580//2580
f 2590//2590 2580//2580 2591//2591
f 2591//2591 2580//2580 2578//2578
f 2591//2591 2578//2578 2576//2576
f 2562//2562 2560//2560 2595//2595
f 2595//2595 2560//2560 2558//2558
f 2595//2595 2558//2558 2599//2599
f 2599//2599 2558//2558 2556//2556
f 2599//2599 2556//2556 2554//2554
f 2381//2381 2379//2379 2603//2603
f 2603//2603 2379//2379 2604//2604
f 2605//2605 2385//2385 2383//2383
f 2600//2600 2602//2602 2606//2606
f 2606//2606 2602//2602 2607//2607
f 2606//2606 2607//2607 2608//2608
f 2377//2377 2375//2375 2609//2609
f 2609//2609 2375//2375 2373//2373
f 2609//2609 2373//2373 2610//2610
f 2610//2610 2373//2373 2601//2601
f 2610//2610 2601//2601 2611//2611
f 2611//2611 2601//2601 2600//2600
f 2611//2611 2600//2600 2612//2612
f 2595//2595 2613//2613 2593//2593
f 2593//2593 2613//2613 2605//2605
f 2593//2593 2605//2605 2603//2603
f 2603//2603 2605//2605 2383//2383
f 2603//2603 2383//2383 2381//2381
f 2385//2385 2605//2605 2614//2614
f 2614//2614 2605//2605 2615//2615
f 2614//2614 2615//2615 2608//2608
f 2608//2608 2615//2615 2616//2616
f 2608//2608 2616//2616 2606//2606
f 2617//2617 2438//2438 2436//2436
f 2428//2428 2426//2426 2618//2618
f 2618//2618 2426//2426 2424//2424
f 2405//2405 2406//2406 2619//2619
f 2619//2619 2406//2406 2448//2448
f 2619//2619 2448//2448 2446//2446
f 2436//2436 2434//2434 2617//2617
f 2617//2617 2434//2434 2432//2432
f 2617//2617 2432//2432 2618//2618
f 2618//2618 2432//2432 2430//2430
f 2618//2618 2430//2430 2428//2428
f 2620//2620 2621//2621 2410//2410
f 2410//2410 2621//2621 2412//2412
f 2379//2379 2377//2377 2604//2604
f 2604//2604 2377//2377 2609//2609
f 2604//2604 2609//2609 2622//2622
f 2622//2622 2609//2609 2623//2623
f 2622//2622 2623//2623 2624//2624
f 2624//2624 2623//2623 2625//2625
f 2624//2624 2625//2625 2621//2621
f 2621//2621 2625//2625 2626//2626
f 2621//2621 2626//2626 2422//2422
f 2422//2422 2626//2626 2627//2627
f 2422//2422 2627//2627 2424//2424
f 2424//2424 2627//2627 2628//2628
f 2424//2424 2628//2628 2618//2618
f 2446//2446 2444//2444 2619//2619
f 2619//2619 2444//2444 2442//2442
f 2619//2619 2442//2442 2617//2617
f 2617//2617 2442//2442 2440//2440
f 2617//2617 2440//2440 2438//2438
f 2420//2420 2418//2418 2422//2422
f 2422//2422 2418//2418 2416//2416
f 2422//2422 2416//2416 2621//2621
f 2621//2621 2416//2416 2414//2414
f 2621//2621 2414//2414 2412//2412
f 2629//2629 2630//2630 2619//2619
f 2619//2619 2630//2630 2631//2631
f 2619//2619 2631//2631 2405//2405
f 2405//2405 2631//2631 2620//2620
f 2405//2405 2620//2620 2408//2408
f 2408//2408 2620//2620 2410//2410
f 2632//2632 2464//2464 2462//2462
f 2472//2472 2470//2470 2633//2633
f 2633//2633 2470//2470 2468//2468
f 2633//2633 2468//2468 2632//2632
f 2632//2632 2468//2468 2466//2466
f 2632//2632 2466//2466 2464//2464
f 2600//2600 2634//2634 2612//2612
f 2612//2612 2634//2634 2635//2635
f 2612//2612 2635//2635 2636//2636
f 2478//2478 2476//2476 2633//2633
f 2633//2633 2476//2476 2474//2474
f 2633//2633 2474//2474 2472//2472
f 2454//2454 2452//2452 2637//2637
f 2637//2637 2452//2452 2450//2450
f 2462//2462 2460//2460 2632//2632
f 2632//2632 2460//2460 2458//2458
f 2632//2632 2458//2458 2637//2637
f 2637//2637 2458//2458 2456//2456
f 2637//2637 2456//2456 2454//2454
f 2492//2492 2490//2490 2494//2494
f 2494//2494 2490//2490 2488//2488
f 2494//2494 2488//2488 2638//2638
f 2638//2638 2488//2488 2486//2486
f 2486//2486 2484//2484 2638//2638
f 2638//2638 2484//2484 2482//2482
f 2638//2638 2482//2482 2639//2639
f 2639//2639 2482//2482 2480//2480
f 2480//2480 2478//2478 2639//2639
f 2639//2639 2478//2478 2633//2633
f 2639//2639 2633//2633 2640//2640
f 2640//2640 2633//2633 2641//2641
f 2640//2640 2641//2641 2642//2642
f 2589//2589 2637//2637 2587//2587
f 2587//2587 2637//2637 2450//2450
f 2587//2587 2450//2450 2643//2643
f 2643//2643 2450//2450 2494//2494
f 2643//2643 2494//2494 2636//2636
f 2636//2636 2494//2494 2638//2638
f 2636//2636 2638//2638 2612//2612
f 2612//2612 2638//2638 2644//2644
f 2612//2612 2644//2644 2611//2611
f 2508//2508 2645//2645 2646//2646
f 2540//2540 2538//2538 2647//2647
f 2504//2504 2502//2502 2648//2648
f 2615//2615 2649//2649 2616//2616
f 2616//2616 2649//2649 2650//2650
f 2616//2616 2650//2650 2651//2651
f 2652//2652 2514//2514 2512//2512
f 2538//2538 2536//2536 2647//2647
f 2647//2647 2536//2536 2534//2534
f 2647//2647 2534//2534 2653//2653
f 2653//2653 2534//2534 2532//2532
f 2532//2532 2530//2530 2653//2653
f 2653//2653 2530//2530 2528//2528
f 2653//2653 2528//2528 2526//2526
f 2645//2645 2508//2508 2648//2648
f 2648//2648 2508//2508 2506//2506
f 2648//2648 2506//2506 2504//2504
f 2652//2652 2512//2512 2646//2646
f 2646//2646 2512//2512 2510//2510
f 2646//2646 2510//2510 2508//2508
f 2502//2502 2500//2500 2648//2648
f 2648//2648 2500//2500 2497//2497
f 2648//2648 2497//2497 2647//2647
f 2647//2647 2497//2497 2498//2498
f 2647//2647 2498//2498 2540//2540
f 2522//2522 2520//2520 2524//2524
f 2524//2524 2520//2520 2518//2518
f 2524//2524 2518//2518 2652//2652
f 2652//2652 2518//2518 2516//2516
f 2652//2652 2516//2516 2514//2514
f 2651//2651 2650//2650 2652//2652
f 2652//2652 2650//2650 2654//2654
f 2652//2652 2654//2654 2524//2524
f 2524//2524 2654//2654 2655//2655
f 2524//2524 2655//2655 2526//2526
f 2526//2526 2655//2655 2656//2656
f 2526//2526 2656//2656 2653//2653
f 2653//2653 2656//2656 2657//2657
f 2653//2653 2657//2657 2658//2658
f 2553//2553 2555//2555 2557//2557
f 2569//2569 2659//2659 2660//2660
f 2661//2661 2583//2583 2585//2585
f 2662//2662 2663//2663 2342//2342
f 2659//2659 2569//2569 2664//2664
f 2585//2585 2542//2542 2661//2661
f 2661//2661 2542//2542 2541//2541
f 2661//2661 2541//2541 2665//2665
f 2665//2665 2541//2541 2545//2545
f 2665//2665 2545//2545 2547//2547
f 2567//2567 2569//2569 2565//2565
f 2565//2565 2569//2569 2660//2660
f 2565//2565 2660//2660 2563//2563
f 2563//2563 2660//2660 2561//2561
f 2569//2569 2571//2571 2664//2664
f 2664//2664 2571//2571 2573//2573
f 2664//2664 2573//2573 2575//2575
f 2666//2666 2667//2667 2668//2668
f 2669//2669 2670//2670 2551//2551
f 2551//2551 2670//2670 2665//2665
f 2551//2551 2665//2665 2549//2549
f 2549//2549 2665//2665 2547//2547
f 2575//2575 2577//2577 2664//2664
f 2664//2664 2577//2577 2579//2579
f 2664//2664 2579//2579 2661//2661
f 2661//2661 2579//2579 2581//2581
f 2661//2661 2581//2581 2583//2583
f 2551//2551 2553//2553 2669//2669
f 2669//2669 2553//2553 2557//2557
f 2669//2669 2557//2557 2671//2671
f 2671//2671 2557//2557 2559//2559
f 2671//2671 2559//2559 2561//2561
f 2561//2561 2660//2660 2671//2671
f 2671//2671 2660//2660 2672//2672
f 2671//2671 2672//2672 2663//2663
f 2663//2663 2672//2672 2673//2673
f 2663//2663 2673//2673 2674//2674
f 2674//2674 2348//2348 2346//2346
f 2675//2675 2676//2676 2677//2677
f 2677//2677 2676//2676 2354//2354
f 2677//2677 2354//2354 2352//2352
f 2666//2666 2668//2668 2678//2678
f 2662//2662 2342//2342 2679//2679
f 2679//2679 2342//2342 2680//2680
f 2679//2679 2680//2680 2681//2681
f 2674//2674 2346//2346 2663//2663
f 2663//2663 2346//2346 2344//2344
f 2663//2663 2344//2344 2342//2342
f 2348//2348 2674//2674 2350//2350
f 2350//2350 2674//2674 2678//2678
f 2350//2350 2678//2678 2352//2352
f 2352//2352 2678//2678 2668//2668
f 2352//2352 2668//2668 2677//2677
f 2675//2675 2682//2682 2683//2683
f 2684//2684 2685//2685 2686//2686
f 2686//2686 2685//2685 2687//2687
f 2686//2686 2687//2687 2688//2688
f 2688//2688 2687//2687 2689//2689
f 2688//2688 2689//2689 2690//2690
f 2537//2537 2539//2539 2691//2691
f 2692//2692 2533//2533 2691//2691
f 2691//2691 2533//2533 2535//2535
f 2691//2691 2535//2535 2537//2537
f 2501//2501 2503//2503 2693//2693
f 2693//2693 2503//2503 2505//2505
f 2527//2527 2529//2529 2692//2692
f 2692//2692 2529//2529 2531//2531
f 2692//2692 2531//2531 2533//2533
f 2694//2694 2523//2523 2692//2692
f 2692//2692 2523//2523 2525//2525
f 2692//2692 2525//2525 2527//2527
f 2539//2539 2496//2496 2691//2691
f 2691//2691 2496//2496 2495//2495
f 2691//2691 2495//2495 2693//2693
f 2693//2693 2495//2495 2499//2499
f 2693//2693 2499//2499 2501//2501
f 2509//2509 2511//2511 2507//2507
f 2507//2507 2511//2511 2513//2513
f 2507//2507 2513//2513 2695//2695
f 2695//2695 2513//2513 2515//2515
f 2680//2680 2685//2685 2681//2681
f 2681//2681 2685//2685 2684//2684
f 2681//2681 2684//2684 2696//2696
f 2696//2696 2684//2684 2697//2697
f 2696//2696 2697//2697 2695//2695
f 2695//2695 2697//2697 2698//2698
f 2695//2695 2698//2698 2507//2507
f 2507//2507 2698//2698 2699//2699
f 2507//2507 2699//2699 2505//2505
f 2505//2505 2699//2699 2700//2700
f 2505//2505 2700//2700 2693//2693
f 2515//2515 2517//2517 2695//2695
f 2695//2695 2517//2517 2519//2519
f 2695//2695 2519//2519 2694//2694
f 2694//2694 2519//2519 2521//2521
f 2694//2694 2521//2521 2523//2523
f 2701//2701 2702//2702 2692//2692
f 2692//2692 2702//2702 2703//2703
f 2692//2692 2703//2703 2694//2694
f 2493//2493 2704//2704 2705//2705
f 2706//2706 2461//2461 2463//2463
f 2707//2707 2475//2475 2708//2708
f 2708//2708 2475//2475 2477//2477
f 2708//2708 2477//2477 2709//2709
f 2493//2493 2449//2449 2710//2710
f 2710//2710 2449//2449 2451//2451
f 2710//2710 2451//2451 2453//2453
f 2711//2711 2471//2471 2473//2473
f 2483//2483 2485//2485 2712//2712
f 2712//2712 2713//2713 2683//2683
f 2683//2683 2713//2713 2690//2690
f 2683//2683 2690//2690 2675//2675
f 2675//2675 2690//2690 2689//2689
f 2675//2675 2689//2689 2676//2676
f 2477//2477 2479//2479 2481//2481
f 2485//2485 2487//2487 2712//2712
f 2712//2712 2487//2487 2489//2489
f 2712//2712 2489//2489 2705//2705
f 2705//2705 2489//2489 2491//2491
f 2705//2705 2491//2491 2493//2493
f 2453//2453 2455//2455 2710//2710
f 2710//2710 2455//2455 2457//2457
f 2710//2710 2457//2457 2706//2706
f 2706//2706 2457//2457 2459//2459
f 2706//2706 2459//2459 2461//2461
f 2463//2463 2465//2465 2706//2706
f 2706//2706 2465//2465 2467//2467
f 2706//2706 2467//2467 2711//2711
f 2711//2711 2467//2467 2469//2469
f 2711//2711 2469//2469 2471//2471
f 2682//2682 2714//2714 2683//2683
f 2683//2683 2714//2714 2709//2709
f 2683//2683 2709//2709 2712//2712
f 2712//2712 2709//2709 2477//2477
f 2712//2712 2477//2477 2483//2483
f 2483//2483 2477//2477 2481//2481
f 2493//2493 2710//2710 2704//2704
f 2704//2704 2710//2710 2715//2715
f 2704//2704 2715//2715 2716//2716
f 2473//2473 2475//2475 2711//2711
f 2711//2711 2475//2475 2707//2707
f 2711//2711 2707//2707 2717//2717
f 2717//2717 2707//2707 2718//2718
f 2719//2719 2720//2720 2721//2721
f 2447//2447 2404//2404 2722//2722
f 2407//2407 2720//2720 2403//2403
f 2403//2403 2720//2720 2723//2723
f 2403//2403 2723//2723 2404//2404
f 2425//2425 2427//2427 2724//2724
f 2725//2725 2435//2435 2437//2437
f 2425//2425 2724//2724 2423//2423
f 2447//2447 2722//2722 2445//2445
f 2413//2413 2721//2721 2411//2411
f 2411//2411 2721//2721 2720//2720
f 2411//2411 2720//2720 2409//2409
f 2409//2409 2720//2720 2407//2407
f 2719//2719 2721//2721 2667//2667
f 2667//2667 2721//2721 2726//2726
f 2667//2667 2726//2726 2668//2668
f 2423//2423 2724//2724 2421//2421
f 2421//2421 2724//2724 2727//2727
f 2421//2421 2727//2727 2728//2728
f 2427//2427 2429//2429 2724//2724
f 2724//2724 2429//2429 2431//2431
f 2724//2724 2431//2431 2725//2725
f 2725//2725 2431//2431 2433//2433
f 2725//2725 2433//2433 2435//2435
f 2413//2413 2415//2415 2721//2721
f 2721//2721 2415//2415 2417//2417
f 2721//2721 2417//2417 2728//2728
f 2728//2728 2417//2417 2419//2419
f 2728//2728 2419//2419 2421//2421
f 2437//2437 2439//2439 2725//2725
f 2725//2725 2439//2439 2441//2441
f 2725//2725 2441//2441 2722//2722
f 2722//2722 2441//2441 2443//2443
f 2722//2722 2443//2443 2445//2445
f 2404//2404 2723//2723 2722//2722
f 2722//2722 2723//2723 2729//2729
f 2722//2722 2729//2729 2730//2730
f 2664//2664 2661//2661 2591//2591
f 2591//2591 2661//2661 2590//2590
f 2661//2661 2665//2665 2590//2590
f 2590//2590 2665//2665 2592//2592
f 2665//2665 2670//2670 2592//2592
f 2592//2592 2670//2670 2598//2598
f 2670//2670 2669//2669 2598//2598
f 2598//2598 2669//2669 2599//2599
f 2669//2669 2671//2671 2599//2599
f 2599//2599 2671//2671 2595//2595
f 2671//2671 2663//2663 2595//2595
f 2595//2595 2663//2663 2613//2613
f 2663//2663 2662//2662 2613//2613
f 2613//2613 2662//2662 2605//2605
f 2662//2662 2679//2679 2605//2605
f 2605//2605 2679//2679 2615//2615
f 2679//2679 2681//2681 2615//2615
f 2615//2615 2681//2681 2649//2649
f 2649//2649 2681//2681 2650//2650
f 2650//2650 2681//2681 2696//2696
f 2650//2650 2696//2696 2654//2654
f 2654//2654 2696//2696 2695//2695
f 2695//2695 2694//2694 2654//2654
f 2654//2654 2694//2694 2655//2655
f 2655//2655 2694//2694 2656//2656
f 2656//2656 2694//2694 2703//2703
f 2656//2656 2703//2703 2657//2657
f 2657//2657 2703//2703 2702//2702
f 2702//2702 2701//2701 2657//2657
f 2657//2657 2701//2701 2658//2658
f 2658//2658 2701//2701 2653//2653
f 2653//2653 2701//2701 2692//2692
f 2653//2653 2692//2692 2647//2647
f 2647//2647 2692//2692 2691//2691
f 2691//2691 2693//2693 2647//2647
f 2647//2647 2693//2693 2648//2648
f 2693//2693 2700//2700 2648//2648
f 2648//2648 2700//2700 2645//2645
f 2700//2700 2699//2699 2645//2645
f 2645//2645 2699//2699 2646//2646
f 2699//2699 2698//2698 2646//2646
f 2646//2646 2698//2698 2652//2652
f 2698//2698 2697//2697 2652//2652
f 2652//2652 2697//2697 2651//2651
f 2686//2686 2606//2606 2684//2684
f 2684//2684 2606//2606 2616//2616
f 2684//2684 2616//2616 2697//2697
f 2697//2697 2616//2616 2651//2651
f 2686//2686 2688//2688 2606//2606
f 2606//2606 2688//2688 2600//2600
f 2713//2713 2634//2634 2690//2690
f 2690//2690 2634//2634 2600//2600
f 2690//2690 2600//2600 2688//2688
f 2634//2634 2713//2713 2635//2635
f 2635//2635 2713//2713 2712//2712
f 2635//2635 2712//2712 2636//2636
f 2712//2712 2705//2705 2636//2636
f 2636//2636 2705//2705 2643//2643
f 2643//2643 2705//2705 2587//2587
f 2587//2587 2705//2705 2704//2704
f 2587//2587 2704//2704 2588//2588
f 2588//2588 2704//2704 2716//2716
f 2716//2716 2715//2715 2588//2588
f 2588//2588 2715//2715 2589//2589
f 2589//2589 2715//2715 2637//2637
f 2637//2637 2715//2715 2710//2710
f 2637//2637 2710//2710 2632//2632
f 2632//2632 2710//2710 2706//2706
f 2632//2632 2706//2706 2633//2633
f 2633//2633 2706//2706 2711//2711
f 2633//2633 2711//2711 2641//2641
f 2641//2641 2711//2711 2717//2717
f 2717//2717 2718//2718 2641//2641
f 2641//2641 2718//2718 2642//2642
f 2642//2642 2718//2718 2640//2640
f 2640//2640 2718//2718 2707//2707
f 2640//2640 2707//2707 2639//2639
f 2639//2639 2707//2707 2708//2708
f 2708//2708 2709//2709 2639//2639
f 2639//2639 2709//2709 2638//2638
f 2682//2682 2644//2644 2714//2714
f 2714//2714 2644//2644 2638//2638
f 2714//2714 2638//2638 2709//2709
f 2644//2644 2682//2682 2611//2611
f 2611//2611 2682//2682 2675//2675
f 2611//2611 2675//2675 2610//2610
f 2675//2675 2677//2677 2610//2610
f 2610//2610 2677//2677 2609//2609
f 2609//2609 2677//2677 2623//2623
f 2623//2623 2677//2677 2668//2668
f 2623//2623 2668//2668 2625//2625
f 2625//2625 2668//2668 2726//2726
f 2726//2726 2721//2721 2625//2625
f 2625//2625 2721//2721 2626//2626
f 2721//2721 2728//2728 2626//2626
f 2626//2626 2728//2728 2627//2627
f 2728//2728 2727//2727 2627//2627
f 2627//2627 2727//2727 2628//2628
f 2727//2727 2724//2724 2628//2628
f 2628//2628 2724//2724 2618//2618
f 2724//2724 2725//2725 2618//2618
f 2618//2618 2725//2725 2617//2617
f 2617//2617 2725//2725 2619//2619
f 2619//2619 2725//2725 2722//2722
f 2619//2619 2722//2722 2629//2629
f 2629//2629 2722//2722 2730//2730
f 2730//2730 2729//2729 2629//2629
f 2629//2629 2729//2729 2630//2630
f 2630//2630 2729//2729 2631//2631
f 2631//2631 2729//2729 2723//2723
f 2631//2631 2723//2723 2620//2620
f 2620//2620 2723//2723 2720//2720
f 2720//2720 2719//2719 2620//2620
f 2620//2620 2719//2719 2621//2621
f 2621//2621 2719//2719 2624//2624
f 2624//2624 2719//2719 2667//2667
f 2624//2624 2667//2667 2622//2622
f 2622//2622 2667//2667 2666//2666
f 2666//2666 2678//2678 2622//2622
f 2622//2622 2678//2678 2604//2604
f 2678//2678 2674//2674 2604//2604
f 2604//2604 2674//2674 2603//2603
f 2674//2674 2673//2673 2603//2603
f 2603//2603 2673//2673 2593//2593
f 2673//2673 2672//2672 2593//2593
f 2593//2593 2672//2672 2594//2594
f 2672//2672 2660//2660 2594//2594
f 2594//2594 2660//2660 2596//2596
f 2660//2660 2659//2659 2596//2596
f 2596//2596 2659//2659 2597//2597
f 2659//2659 2664//2664 2597//2597
f 2597//2597 2664//2664 2591//2591
f 2370//2370 2386//2386 2368//2368
f 2368//2368 2386//2386 2387//2387
f 2368//2368 2387//2387 2366//2366
f 2366//2366 2387//2387 2389//2389
f 2366//2366 2389//2389 2364//2364
f 2364//2364 2389//2389 2391//2391
f 2364//2364 2391//2391 2362//2362
f 2362//2362 2391//2391 2393//2393
f 2362//2362 2393//2393 2360//2360
f 2360//2360 2393//2393 2395//2395
f 2360//2360 2395//2395 2359//2359
f 2359//2359 2395//2395 2397//2397
f 2384//2384 2385//2385 2388//2388
f 2388//2388 2385//2385 2614//2614
f 2388//2388 2614//2614 2390//2390
f 2390//2390 2614//2614 2608//2608
f 2390//2390 2608//2608 2392//2392
f 2392//2392 2608//2608 2607//2607
f 2392//2392 2607//2607 2394//2394
f 2394//2394 2607//2607 2602//2602
f 2394//2394 2602//2602 2396//2396
f 2396//2396 2602//2602 2601//2601
f 2396//2396 2601//2601 2372//2372
f 2372//2372 2601//2601 2373//2373
f 2353//2353 2354//2354 2361//2361
f 2361//2361 2354//2354 2676//2676
f 2361//2361 2676//2676 2363//2363
f 2363//2363 2676//2676 2689//2689
f 2363//2363 2689//2689 2365//2365
f 2365//2365 2689//2689 2687//2687
f 2365//2365 2687//2687 2367//2367
f 2367//2367 2687//2687 2685//2685
f 2367//2367 2685//2685 2369//2369
f 2369//2369 2685//2685 2680//2680
f 2369//2369 2680//2680 2341//2341
f 2341//2341 2680//2680 2342//2342
f 2731//2731 2732//2732 2733//2733
f 2733//2733 2732//2732 2734//2734
f 2733//2733 2734//2734 2735//2735
f 2735//2735 2734//2734 2736//2736
f 2735//2735 2736//2736 2737//2737
f 2737//2737 2736//2736 2738//2738
f 2737//2737 2738//2738 2739//2739
f 2739//2739 2738//2738 2740//2740
f 2739//2739 2740//2740 2741//2741
f 2741//2741 2740//2740 2742//2742
f 2741//2741 2742//2742 2743//2743
f 2743//2743 2742//2742 2744//2744
f 2745//2745 2735//2735 2746//2746
f 2746//2746 2735//2735 2737//2737
f 2746//2746 2737//2737 2747//2747
f 2747//2747 2737//2737 2739//2739
f 2747//2747 2739//2739 2748//2748
f 2748//2748 2739//2739 2741//2741
f 2748//2748 2741//2741 2749//2749
f 2749//2749 2741//2741 2743//2743
f 2749//2749 2743//2743 2750//2750
f 2750//2750 2743//2743 2751//2751
f 2750//2750 2751//2751 2752//2752
f 2752//2752 2751//2751 2753//2753
f 2752//2752 2753//2753 2754//2754
f 2754//2754 2753//2753 2755//2755
f 2754//2754 2755//2755 2756//2756
f 2756//2756 2755//2755 2757//2757
f 2756//2756 2757//2757 2758//2758
f 2758//2758 2757//2757 2759//2759
f 2758//2758 2759//2759 2760//2760
f 2760//2760 2759//2759 2731//2731
f 2760//2760 2731//2731 2761//2761
f 2761//2761 2731//2731 2733//2733
f 2761//2761 2733//2733 2745//2745
f 2745//2745 2733//2733 2735//2735
f 2762//2762 2763//2763 2764//2764
f 2764//2764 2763//2763 2765//2765
f 2764//2764 2765//2765 2766//2766
f 2766//2766 2765//2765 2767//2767
f 2766//2766 2767//2767 2768//2768
f 2768//2768 2767//2767 2769//2769
f 2768//2768 2769//2769 2770//2770
f 2770//2770 2769//2769 2771//2771
f 2770//2770 2771//2771 2772//2772
f 2772//2772 2771//2771 2773//2773
f 2772//2772 2773//2773 2774//2774
f 2774//2774 2773//2773 2775//2775
f 2776//2776 2774//2774 2777//2777
f 2777//2777 2774//2774 2778//2778
f 2777//2777 2778//2778 2779//2779
f 2779//2779 2778//2778 2780//2780
f 2779//2779 2780//2780 2781//2781
f 2781//2781 2780//2780 2782//2782
f 2781//2781 2782//2782 2783//2783
f 2783//2783 2782//2782 2784//2784
f 2783//2783 2784//2784 2785//2785
f 2785//2785 2784//2784 2786//2786
f 2785//2785 2786//2786 2787//2787
f 2787//2787 2786//2786 2762//2762
f 2787//2787 2762//2762 2788//2788
f 2788//2788 2762//2762 2764//2764
f 2788//2788 2764//2764 2789//2789
f 2789//2789 2764//2764 2766//2766
f 2789//2789 2766//2766 2790//2790
f 2790//2790 2766//2766 2768//2768
f 2790//2790 2768//2768 2791//2791
f 2791//2791 2768//2768 2770//2770
f 2791//2791 2770//2770 2792//2792
f 2792//2792 2770//2770 2772//2772
f 2792//2792 2772//2772 2776//2776
f 2776//2776 2772//2772 2774//2774
f 2793//2793 2794//2794 2795//2795
f 2795//2795 2794//2794 2796//2796
f 2797//2797 2793//2793 2798//2798
f 2798//2798 2793//2793 2795//2795
f 2799//2799 2797//2797 2800//2800
f 2800//2800 2797//2797 2798//2798
f 2799//2799 2800//2800 2801//2801
f 2801//2801 2800//2800 2802//2802
f 2801//2801 2802//2802 2803//2803
f 2803//2803 2802//2802 2804//2804
f 2803//2803 2804//2804 2805//2805
f 2805//2805 2804//2804 2806//2806
f 2805//2805 2806//2806 2807//2807
f 2807//2807 2806//2806 2808//2808
f 2809//2809 2807//2807 2810//2810
f 2810//2810 2807//2807 2808//2808
f 2811//2811 2809//2809 2812//2812
f 2812//2812 2809//2809 2810//2810
f 2813//2813 2811//2811 2814//2814
f 2814//2814 2811//2811 2812//2812
f 2813//2813 2814//2814 2815//2815
f 2815//2815 2814//2814 2816//2816
f 2815//2815 2816//2816 2817//2817
f 2817//2817 2816//2816 2818//2818
f 2817//2817 2818//2818 2819//2819
f 2819//2819 2818//2818 2820//2820
f 2819//2819 2820//2820 2821//2821
f 2821//2821 2820//2820 2822//2822
f 2823//2823 2821//2821 2824//2824
f 2824//2824 2821//2821 2822//2822
f 2823//2823 2824//2824 2825//2825
f 2825//2825 2824//2824 2826//2826
f 2825//2825 2826//2826 2827//2827
f 2827//2827 2826//2826 2828//2828
f 2827//2827 2828//2828 2829//2829
f 2829//2829 2828//2828 2830//2830
f 2831//2831 2829//2829 2832//2832
f 2832//2832 2829//2829 2830//2830
f 2831//2831 2832//2832 2833//2833
f 2833//2833 2832//2832 2834//2834
f 2833//2833 2834//2834 2835//2835
f 2835//2835 2834//2834 2836//2836
f 2835//2835 2836//2836 2837//2837
f 2837//2837 2836//2836 2838//2838
f 2837//2837 2838//2838 2794//2794
f 2794//2794 2838//2838 2796//2796
f 2839//2839 2840//2840 2841//2841
f 2841//2841 2840//2840 2842//2842
f 2841//2841 2842//2842 2843//2843
f 2843//2843 2842//2842 2844//2844
f 2843//2843 2844//2844 2845//2845
f 2845//2845 2844//2844 2846//2846
f 2845//2845 2846//2846 2847//2847
f 2847//2847 2846//2846 2848//2848
f 2849//2849 2847//2847 2850//2850
f 2850//2850 2847//2847 2848//2848
f 2849//2849 2850//2850 2851//2851
f 2851//2851 2850//2850 2852//2852
f 2851//2851 2852//2852 2853//2853
f 2853//2853 2852//2852 2854//2854
f 2853//2853 2854//2854 2855//2855
f 2855//2855 2854//2854 2856//2856
f 2857//2857 2855//2855 2858//2858
f 2858//2858 2855//2855 2856//2856
f 2857//2857 2858//2858 2859//2859
f 2859//2859 2858//2858 2860//2860
f 2859//2859 2860//2860 2861//2861
f 2861//2861 2860//2860 2862//2862
f 2861//2861 2862//2862 2863//2863
f 2863//2863 2862//2862 2864//2864
f 2863//2863 2864//2864 2865//2865
f 2865//2865 2864//2864 2866//2866
f 2867//2867 2865//2865 2868//2868
f 2868//2868 2865//2865 2866//2866
f 2869//2869 2867//2867 2870//2870
f 2870//2870 2867//2867 2868//2868
f 2871//2871 2869//2869 2872//2872
f 2872//2872 2869//2869 2870//2870
f 2871//2871 2872//2872 2873//2873
f 2873//2873 2872//2872 2874//2874
f 2873//2873 2874//2874 2875//2875
f 2875//2875 2874//2874 2876//2876
f 2875//2875 2876//2876 2877//2877
f 2877//2877 2876//2876 2878//2878
f 2877//2877 2878//2878 2879//2879
f 2879//2879 2878//2878 2880//2880
f 2881//2881 2879//2879 2882//2882
f 2882//2882 2879//2879 2880//2880
f 2883//2883 2881//2881 2884//2884
f 2884//2884 2881//2881 2882//2882
f 2839//2839 2883//2883 2840//2840
f 2840//2840 2883//2883 2884//2884
f 2749//2749 2787//2787 2748//2748
f 2748//2748 2787//2787 2788//2788
f 2748//2748 2788//2788 2747//2747
f 2747//2747 2788//2788 2789//2789
f 2747//2747 2789//2789 2746//2746
f 2746//2746 2789//2789 2790//2790
f 2746//2746 2790//2790 2745//2745
f 2745//2745 2790//2790 2791//2791
f 2745//2745 2791//2791 2761//2761
f 2761//2761 2791//2791 2792//2792
f 2761//2761 2792//2792 2760//2760
f 2760//2760 2792//2792 2776//2776
f 2885//2885 2886//2886 2887//2887
f 2887//2887 2886//2886 2888//2888
f 2885//2885 2887//2887 2889//2889
f 2889//2889 2887//2887 2890//2890
f 2889//2889 2890//2890 2891//2891
f 2891//2891 2890//2890 2892//2892
f 2891//2891 2892//2892 2893//2893
f 2893//2893 2892//2892 2894//2894
f 2893//2893 2894//2894 2895//2895
f 2895//2895 2894//2894 2896//2896
f 2897//2897 2895//2895 2898//2898
f 2898//2898 2895//2895 2896//2896
f 2899//2899 2897//2897 2900//2900
f 2900//2900 2897//2897 2898//2898
f 2901//2901 2899//2899 2902//2902
f 2902//2902 2899//2899 2900//2900
f 2901//2901 2902//2902 2903//2903
f 2903//2903 2902//2902 2904//2904
f 2903//2903 2904//2904 2905//2905
f 2905//2905 2904//2904 2906//2906
f 2905//2905 2906//2906 2907//2907
f 2907//2907 2906//2906 2908//2908
f 2907//2907 2908//2908 2909//2909
f 2909//2909 2908//2908 2910//2910
f 2911//2911 2909//2909 2912//2912
f 2912//2912 2909//2909 2910//2910
f 2913//2913 2911//2911 2914//2914
f 2914//2914 2911//2911 2912//2912
f 2915//2915 2913//2913 2916//2916
f 2916//2916 2913//2913 2914//2914
f 2915//2915 2916//2916 2917//2917
f 2917//2917 2916//2916 2918//2918
f 2917//2917 2918//2918 2919//2919
f 2919//2919 2918//2918 2920//2920
f 2919//2919 2920//2920 2921//2921
f 2921//2921 2920//2920 2922//2922
f 2921//2921 2922//2922 2923//2923
f 2923//2923 2922//2922 2924//2924
f 2925//2925 2923//2923 2926//2926
f 2926//2926 2923//2923 2924//2924
f 2925//2925 2926//2926 2927//2927
f 2927//2927 2926//2926 2928//2928
f 2927//2927 2928//2928 2929//2929
f 2929//2929 2928//2928 2930//2930
f 2929//2929 2930//2930 2886//2886
f 2886//2886 2930//2930 2888//2888
f 2931//2931 2932//2932 2933//2933
f 2933//2933 2932//2932 2934//2934
f 2931//2931 2933//2933 2935//2935
f 2935//2935 2933//2933 2936//2936
f 2935//2935 2936//2936 2937//2937
f 2937//2937 2936//2936 2938//2938
f 2937//2937 2938//2938 2939//2939
f 2939//2939 2938//2938 2940//2940
f 2939//2939 2940//2940 2941//2941
f 2941//2941 2940//2940 2942//2942
f 2943//2943 2941//2941 2944//2944
f 2944//2944 2941//2941 2942//2942
f 2945//2945 2943//2943 2946//2946
f 2946//2946 2943//2943 2944//2944
f 2947//2947 2945//2945 2948//2948
f 2948//2948 2945//2945 2946//2946
f 2947//2947 2948//2948 2949//2949
f 2949//2949 2948//2948 2950//2950
f 2949//2949 2950//2950 2951//2951
f 2951//2951 2950//2950 2952//2952
f 2951//2951 2952//2952 2953//2953
f 2953//2953 2952//2952 2954//2954
f 2953//2953 2954//2954 2955//2955
f 2955//2955 2954//2954 2956//2956
f 2957//2957 2955//2955 2958//2958
f 2958//2958 2955//2955 2956//2956
f 2959//2959 2957//2957 2960//2960
f 2960//2960 2957//2957 2958//2958
f 2961//2961 2959//2959 2962//2962
f 2962//2962 2959//2959 2960//2960
f 2961//2961 2962//2962 2963//2963
f 2963//2963 2962//2962 2964//2964
f 2963//2963 2964//2964 2965//2965
f 2965//2965 2964//2964 2966//2966
f 2965//2965 2966//2966 2967//2967
f 2967//2967 2966//2966 2968//2968
f 2967//2967 2968//2968 2969//2969
f 2969//2969 2968//2968 2970//2970
f 2971//2971 2969//2969 2972//2972
f 2972//2972 2969//2969 2970//2970
f 2971//2971 2972//2972 2973//2973
f 2973//2973 2972//2972 2974//2974
f 2973//2973 2974//2974 2975//2975
f 2975//2975 2974//2974 2976//2976
f 2975//2975 2976//2976 2932//2932
f 2932//2932 2976//2976 2934//2934
f 2977//2977 2978//2978 2979//2979
f 2980//2980 2976//2976 2974//2974
f 2942//2942 2940//2940 2981//2981
f 2981//2981 2940//2940 2938//2938
f 2982//2982 2950//2950 2948//2948
f 2775//2775 2773//2773 2983//2983
f 2942//2942 2981//2981 2944//2944
f 2944//2944 2981//2981 2984//2984
f 2944//2944 2984//2984 2985//2985
f 2938//2938 2936//2936 2981//2981
f 2981//2981 2936//2936 2933//2933
f 2981//2981 2933//2933 2980//2980
f 2980//2980 2933//2933 2934//2934
f 2980//2980 2934//2934 2976//2976
f 2966//2966 2964//2964 2986//2986
f 2986//2986 2964//2964 2962//2962
f 2986//2986 2962//2962 2960//2960
f 2974//2974 2972//2972 2980//2980
f 2980//2980 2972//2972 2970//2970
f 2980//2980 2970//2970 2986//2986
f 2986//2986 2970//2970 2968//2968
f 2986//2986 2968//2968 2966//2966
f 2982//2982 2948//2948 2985//2985
f 2985//2985 2948//2948 2946//2946
f 2985//2985 2946//2946 2944//2944
f 2958//2958 2956//2956 2960//2960
f 2960//2960 2956//2956 2954//2954
f 2960//2960 2954//2954 2982//2982
f 2982//2982 2954//2954 2952//2952
f 2982//2982 2952//2952 2950//2950
f 2771//2771 2769//2769 2987//2987
f 2987//2987 2769//2769 2988//2988
f 2989//2989 2990//2990 2982//2982
f 2982//2982 2990//2990 2991//2991
f 2982//2982 2991//2991 2960//2960
f 2960//2960 2991//2991 2992//2992
f 2960//2960 2992//2992 2986//2986
f 2982//2982 2993//2993 2989//2989
f 2989//2989 2993//2993 2983//2983
f 2989//2989 2983//2983 2987//2987
f 2987//2987 2983//2983 2773//2773
f 2987//2987 2773//2773 2771//2771
f 2994//2994 2995//2995 2996//2996
f 2996//2996 2995//2995 2997//2997
f 2996//2996 2997//2997 2763//2763
f 2763//2763 2997//2997 2998//2998
f 2763//2763 2998//2998 2765//2765
f 2765//2765 2998//2998 2767//2767
f 2999//2999 3000//3000 3001//3001
f 3001//3001 3000//3000 3002//3002
f 3000//3000 3003//3003 3004//3004
f 2775//2775 2983//2983 3003//3003
f 3003//3003 2983//2983 3005//3005
f 3003//3003 3005//3005 3004//3004
f 2828//2828 2826//2826 3006//3006
f 3007//3007 2814//2814 2812//2812
f 3007//3007 3008//3008 2814//2814
f 2814//2814 3008//3008 3009//3009
f 2814//2814 3009//3009 2816//2816
f 2816//2816 3009//3009 2818//2818
f 2826//2826 2824//2824 3006//3006
f 3006//3006 2824//2824 2822//2822
f 3006//3006 2822//2822 3009//3009
f 3009//3009 2822//2822 2820//2820
f 3009//3009 2820//2820 2818//2818
f 2795//2795 2796//2796 3010//3010
f 3010//3010 2796//2796 2838//2838
f 3010//3010 2838//2838 2836//2836
f 2812//2812 2810//2810 3007//3007
f 3007//3007 2810//2810 2808//2808
f 3007//3007 2808//2808 3011//3011
f 3011//3011 2808//2808 2806//2806
f 2836//2836 2834//2834 3010//3010
f 3010//3010 2834//2834 2832//2832
f 3010//3010 2832//2832 3006//3006
f 3006//3006 2832//2832 2830//2830
f 3006//3006 2830//2830 2828//2828
f 2806//2806 2804//2804 3011//3011
f 3011//3011 2804//2804 2802//2802
f 3011//3011 2802//2802 2795//2795
f 2795//2795 2802//2802 2800//2800
f 2795//2795 2800//2800 2798//2798
f 3012//3012 3013//3013 3010//3010
f 3010//3010 3013//3013 3014//3014
f 3010//3010 3014//3014 2795//2795
f 2795//2795 3014//3014 3015//3015
f 2795//2795 3015//3015 3011//3011
f 3011//3011 3015//3015 3016//3016
f 3011//3011 3016//3016 3017//3017
f 3017//3017 3016//3016 3018//3018
f 3017//3017 3018//3018 3019//3019
f 3019//3019 3018//3018 3020//3020
f 3019//3019 3020//3020 2998//2998
f 2998//2998 3020//3020 2988//2988
f 2998//2998 2988//2988 2767//2767
f 2767//2767 2988//2988 2769//2769
f 3021//3021 2854//2854 2852//2852
f 3022//3022 2858//2858 3021//3021
f 3021//3021 2858//2858 2856//2856
f 3021//3021 2856//2856 2854//2854
f 2999//2999 3001//3001 2994//2994
f 2994//2994 3001//3001 3023//3023
f 2994//2994 3023//3023 2995//2995
f 2995//2995 3023//3023 3024//3024
f 2995//2995 3024//3024 3025//3025
f 3025//3025 3024//3024 3026//3026
f 3025//3025 3026//3026 3027//3027
f 2866//2866 2864//2864 3022//3022
f 2844//2844 2842//2842 3028//3028
f 3028//3028 2842//2842 2840//2840
f 2866//2866 3022//3022 2868//2868
f 2864//2864 2862//2862 3022//3022
f 3022//3022 2862//2862 2860//2860
f 3022//3022 2860//2860 2858//2858
f 2852//2852 2850//2850 3021//3021
f 3021//3021 2850//2850 2848//2848
f 3021//3021 2848//2848 3028//3028
f 3028//3028 2848//2848 2846//2846
f 3028//3028 2846//2846 2844//2844
f 2882//2882 2880//2880 2884//2884
f 2884//2884 2880//2880 2878//2878
f 2884//2884 2878//2878 3029//3029
f 3029//3029 2878//2878 2876//2876
f 2876//2876 2874//2874 3029//3029
f 3029//3029 2874//2874 2872//2872
f 3029//3029 2872//2872 3030//3030
f 3030//3030 2872//2872 2870//2870
f 2870//2870 2868//2868 3030//3030
f 3030//3030 2868//2868 3022//3022
f 3030//3030 3022//3022 3031//3031
f 3031//3031 3022//3022 3032//3032
f 3031//3031 3032//3032 3033//3033
f 2979//2979 3028//3028 2977//2977
f 2977//2977 3028//3028 2840//2840
f 2977//2977 2840//2840 3034//3034
f 3034//3034 2840//2840 2884//2884
f 3034//3034 2884//2884 3027//3027
f 3027//3027 2884//2884 3029//3029
f 3027//3027 3029//3029 3025//3025
f 3025//3025 3029//3029 3035//3035
f 3025//3025 3035//3035 2995//2995
f 2898//2898 3036//3036 3037//3037
f 2930//2930 2928//2928 3038//3038
f 2908//2908 2906//2906 3039//3039
f 3000//3000 3004//3004 3002//3002
f 3002//3002 3004//3004 3040//3040
f 3002//3002 3040//3040 3041//3041
f 2894//2894 2892//2892 3042//3042
f 2920//2920 2918//2918 3043//3043
f 3043//3043 2918//2918 2916//2916
f 3041//3041 3040//3040 3039//3039
f 3039//3039 3040//3040 3044//3044
f 3039//3039 3044//3044 3045//3045
f 2928//2928 2926//2926 3038//3038
f 3038//3038 2926//2926 2924//2924
f 3038//3038 2924//2924 3043//3043
f 3043//3043 2924//2924 2922//2922
f 3043//3043 2922//2922 2920//2920
f 2912//2912 2910//2910 2914//2914
f 2914//2914 2910//2910 2908//2908
f 2892//2892 2890//2890 3042//3042
f 3042//3042 2890//2890 2887//2887
f 3042//3042 2887//2887 3038//3038
f 3038//3038 2887//2887 2888//2888
f 3038//3038 2888//2888 2930//2930
f 2906//2906 2904//2904 3039//3039
f 3039//3039 2904//2904 2902//2902
f 3039//3039 2902//2902 3037//3037
f 3037//3037 2902//2902 2900//2900
f 3037//3037 2900//2900 2898//2898
f 3036//3036 2898//2898 3042//3042
f 3042//3042 2898//2898 2896//2896
f 3042//3042 2896//2896 2894//2894
f 2908//2908 3039//3039 2914//2914
f 2914//2914 3039//3039 3045//3045
f 2914//2914 3045//3045 2916//2916
f 2916//2916 3045//3045 3046//3046
f 2916//2916 3046//3046 3043//3043
f 3043//3043 3046//3046 3047//3047
f 3043//3043 3047//3047 3048//3048
f 3049//3049 3050//3050 3051//3051
f 2959//2959 3052//3052 3053//3053
f 2973//2973 2975//2975 3054//3054
f 3055//3055 3056//3056 2732//2732
f 2943//2943 2945//2945 2947//2947
f 3053//3053 3057//3057 2951//2951
f 2951//2951 3057//3057 2949//2949
f 3058//3058 3059//3059 3060//3060
f 3061//3061 2941//2941 2943//2943
f 3061//3061 3062//3062 2941//2941
f 2941//2941 3062//3062 3063//3063
f 2941//2941 3063//3063 2939//2939
f 2939//2939 3063//3063 2937//2937
f 2957//2957 2959//2959 2955//2955
f 2955//2955 2959//2959 3053//3053
f 2955//2955 3053//3053 2953//2953
f 2953//2953 3053//3053 2951//2951
f 2947//2947 2949//2949 2943//2943
f 2943//2943 2949//2949 3057//3057
f 2943//2943 3057//3057 3061//3061
f 3061//3061 3057//3057 3064//3064
f 2975//2975 2932//2932 3054//3054
f 3054//3054 2932//2932 2931//2931
f 3054//3054 2931//2931 3063//3063
f 3063//3063 2931//2931 2935//2935
f 3063//3063 2935//2935 2937//2937
f 3065//3065 2963//2963 2965//2965
f 3052//3052 2959//2959 3065//3065
f 3065//3065 2959//2959 2961//2961
f 3065//3065 2961//2961 2963//2963
f 2965//2965 2967//2967 3065//3065
f 3065//3065 2967//2967 2969//2969
f 3065//3065 2969//2969 3054//3054
f 3054//3054 2969//2969 2971//2971
f 3054//3054 2971//2971 2973//2973
f 3064//3064 3057//3057 3056//3056
f 3056//3056 3057//3057 3066//3066
f 3056//3056 3066//3066 3067//3067
f 3068//3068 3069//3069 3070//3070
f 3067//3067 2738//2738 2736//2736
f 3068//3068 3070//3070 3071//3071
f 3071//3071 3070//3070 2744//2744
f 3071//3071 2744//2744 2742//2742
f 3055//3055 2732//2732 3072//3072
f 3072//3072 2732//2732 3073//3073
f 3072//3072 3073//3073 3074//3074
f 3067//3067 2736//2736 3056//3056
f 3056//3056 2736//2736 2734//2734
f 3056//3056 2734//2734 2732//2732
f 3058//3058 3060//3060 3075//3075
f 2738//2738 3067//3067 2740//2740
f 2740//2740 3067//3067 3075//3075
f 2740//2740 3075//3075 2742//2742
f 2742//2742 3075//3075 3060//3060
f 2742//2742 3060//3060 3071//3071
f 3076//3076 3077//3077 3078//3078
f 3078//3078 3077//3077 3079//3079
f 3078//3078 3079//3079 3080//3080
f 3080//3080 3079//3079 3069//3069
f 3080//3080 3069//3069 3049//3049
f 3049//3049 3069//3069 3068//3068
f 3049//3049 3068//3068 3050//3050
f 3050//3050 3068//3068 3081//3081
f 3050//3050 3081//3081 3082//3082
f 2909//2909 2911//2911 2913//2913
f 2927//2927 2929//2929 3083//3083
f 3084//3084 2895//2895 2897//2897
f 3085//3085 2923//2923 3083//3083
f 3083//3083 2923//2923 2925//2925
f 3083//3083 2925//2925 2927//2927
f 2929//2929 2886//2886 3083//3083
f 3083//3083 2886//2886 2885//2885
f 3083//3083 2885//2885 3086//3086
f 3086//3086 2885//2885 2889//2889
f 3086//3086 2889//2889 2891//2891
f 2909//2909 2913//2913 2907//2907
f 2907//2907 2913//2913 3087//3087
f 2907//2907 3087//3087 2905//2905
f 3084//3084 3088//3088 2895//2895
f 2895//2895 3088//3088 3086//3086
f 2895//2895 3086//3086 2893//2893
f 2893//2893 3086//3086 2891//2891
f 2917//2917 2919//2919 3085//3085
f 3085//3085 2919//2919 2921//2921
f 3085//3085 2921//2921 2923//2923
f 3073//3073 3077//3077 3074//3074
f 3074//3074 3077//3077 3076//3076
f 3074//3074 3076//3076 3089//3089
f 3089//3089 3076//3076 3090//3090
f 3089//3089 3090//3090 3091//3091
f 3091//3091 3090//3090 3087//3087
f 3091//3091 3087//3087 3092//3092
f 3092//3092 3087//3087 2913//2913
f 3092//3092 2913//2913 3085//3085
f 3085//3085 2913//2913 2915//2915
f 3085//3085 2915//2915 2917//2917
f 2897//2897 2899//2899 3084//3084
f 3084//3084 2899//2899 2901//2901
f 3084//3084 2901//2901 3087//3087
f 3087//3087 2901//2901 2903//2903
f 3087//3087 2903//2903 2905//2905
f 3093//3093 3094//3094 3085//3085
f 3085//3085 3094//3094 3095//3095
f 3085//3085 3095//3095 3092//3092
f 2883//2883 3096//3096 3097//3097
f 2851//2851 2853//2853 3098//3098
f 2861//2861 2863//2863 3099//3099
f 2873//2873 2875//2875 3100//3100
f 3101//3101 2865//2865 3102//3102
f 3102//3102 2865//2865 2867//2867
f 2867//2867 2869//2869 2871//2871
f 3082//3082 3103//3103 3050//3050
f 3050//3050 3103//3103 3100//3100
f 3050//3050 3100//3100 3051//3051
f 3103//3103 3102//3102 3100//3100
f 3100//3100 3102//3102 2867//2867
f 3100//3100 2867//2867 2873//2873
f 2873//2873 2867//2867 2871//2871
f 2883//2883 2839//2839 3104//3104
f 3104//3104 2839//2839 2841//2841
f 3104//3104 2841//2841 2843//2843
f 2875//2875 2877//2877 3100//3100
f 3100//3100 2877//2877 2879//2879
f 3100//3100 2879//2879 3097//3097
f 3097//3097 2879//2879 2881//2881
f 3097//3097 2881//2881 2883//2883
f 2843//2843 2845//2845 3104//3104
f 3104//3104 2845//2845 2847//2847
f 3104//3104 2847//2847 3098//3098
f 3098//3098 2847//2847 2849//2849
f 3098//3098 2849//2849 2851//2851
f 2853//2853 2855//2855 3098//3098
f 3098//3098 2855//2855 2857//2857
f 3098//3098 2857//2857 3099//3099
f 3099//3099 2857//2857 2859//2859
f 3099//3099 2859//2859 2861//2861
f 2883//2883 3104//3104 3096//3096
f 3096//3096 3104//3104 3105//3105
f 3096//3096 3105//3105 3106//3106
f 2863//2863 2865//2865 3099//3099
f 3099//3099 2865//2865 3101//3101
f 3099//3099 3101//3101 3107//3107
f 3107//3107 3101//3101 3108//3108
f 3109//3109 3110//3110 3111//3111
f 2797//2797 3110//3110 2793//2793
f 2793//2793 3110//3110 3112//3112
f 2793//2793 3112//3112 2794//2794
f 3113//3113 2825//2825 2827//2827
f 2813//2813 2815//2815 3114//3114
f 3114//3114 2815//2815 2817//2817
f 2794//2794 3115//3115 2837//2837
f 2837//2837 3115//3115 2835//2835
f 3109//3109 3111//3111 3059//3059
f 3059//3059 3111//3111 3116//3116
f 3059//3059 3116//3116 3060//3060
f 2813//2813 3114//3114 2811//2811
f 2811//2811 3114//3114 3117//3117
f 2811//2811 3117//3117 3118//3118
f 2817//2817 2819//2819 3114//3114
f 3114//3114 2819//2819 2821//2821
f 3114//3114 2821//2821 3113//3113
f 3113//3113 2821//2821 2823//2823
f 3113//3113 2823//2823 2825//2825
f 2803//2803 3111//3111 2801//2801
f 2801//2801 3111//3111 3110//3110
f 2801//2801 3110//3110 2799//2799
f 2799//2799 3110//3110 2797//2797
f 2803//2803 2805//2805 3111//3111
f 3111//3111 2805//2805 2807//2807
f 3111//3111 2807//2807 3118//3118
f 3118//3118 2807//2807 2809//2809
f 3118//3118 2809//2809 2811//2811
f 2827//2827 2829//2829 3113//3113
f 3113//3113 2829//2829 2831//2831
f 3113//3113 2831//2831 3115//3115
f 3115//3115 2831//2831 2833//2833
f 3115//3115 2833//2833 2835//2835
f 2794//2794 3112//3112 3115//3115
f 3115//3115 3112//3112 3119//3119
f 3115//3115 3119//3119 3120//3120
f 3065//3065 3054//3054 2986//2986
f 2986//2986 3054//3054 2980//2980
f 3054//3054 3063//3063 2980//2980
f 2980//2980 3063//3063 2981//2981
f 3063//3063 3062//3062 2981//2981
f 2981//2981 3062//3062 2984//2984
f 3062//3062 3061//3061 2984//2984
f 2984//2984 3061//3061 2985//2985
f 3061//3061 3064//3064 2985//2985
f 2985//2985 3064//3064 2982//2982
f 3064//3064 3056//3056 2982//2982
f 2982//2982 3056//3056 2993//2993
f 3056//3056 3055//3055 2993//2993
f 2993//2993 3055//3055 2983//2983
f 3055//3055 3072//3072 2983//2983
f 2983//2983 3072//3072 3005//3005
f 3072//3072 3074//3074 3005//3005
f 3005//3005 3074//3074 3004//3004
f 3091//3091 3044//3044 3089//3089
f 3089//3089 3044//3044 3040//3040
f 3089//3089 3040//3040 3074//3074
f 3074//3074 3040//3040 3004//3004
f 3091//3091 3092//3092 3044//3044
f 3044//3044 3092//3092 3045//3045
f 3045//3045 3092//3092 3046//3046
f 3046//3046 3092//3092 3095//3095
f 3046//3046 3095//3095 3047//3047
f 3047//3047 3095//3095 3094//3094
f 3094//3094 3093//3093 3047//3047
f 3047//3047 3093//3093 3048//3048
f 3048//3048 3093//3093 3043//3043
f 3043//3043 3093//3093 3085//3085
f 3043//3043 3085//3085 3038//3038
f 3038//3038 3085//3085 3083//3083
f 3083//3083 3086//3086 3038//3038
f 3038//3038 3086//3086 3042//3042
f 3086//3086 3088//3088 3042//3042
f 3042//3042 3088//3088 3036//3036
f 3088//3088 3084//3084 3036//3036
f 3036//3036 3084//3084 3037//3037
f 3084//3084 3087//3087 3037//3037
f 3037//3037 3087//3087 3039//3039
f 3087//3087 3090//3090 3039//3039
f 3039//3039 3090//3090 3041//3041
f 3078//3078 3001//3001 3076//3076
f 3076//3076 3001//3001 3002//3002
f 3076//3076 3002//3002 3090//3090
f 3090//3090 3002//3002 3041//3041
f 3078//3078 3080//3080 3001//3001
f 3001//3001 3080//3080 3023//3023
f 3051//3051 3024//3024 3049//3049
f 3049//3049 3024//3024 3023//3023
f 3049//3049 3023//3023 3080//3080
f 3024//3024 3051//3051 3026//3026
f 3026//3026 3051//3051 3100//3100
f 3026//3026 3100//3100 3027//3027
f 3100//3100 3097//3097 3027//3027
f 3027//3027 3097//3097 3034//3034
f 3034//3034 3097//3097 2977//2977
f 2977//2977 3097//3097 3096//3096
f 2977//2977 3096//3096 2978//2978
f 2978//2978 3096//3096 3106//3106
f 3106//3106 3105//3105 2978//2978
f 2978//2978 3105//3105 2979//2979
f 2979//2979 3105//3105 3028//3028
f 3028//3028 3105//3105 3104//3104
f 3028//3028 3104//3104 3021//3021
f 3021//3021 3104//3104 3098//3098
f 3021//3021 3098//3098 3022//3022
f 3022//3022 3098//3098 3099//3099
f 3022//3022 3099//3099 3032//3032
f 3032//3032 3099//3099 3107//3107
f 3107//3107 3108//3108 3032//3032
f 3032//3032 3108//3108 3033//3033
f 3033//3033 3108//3108 3031//3031
f 3031//3031 3108//3108 3101//3101
f 3031//3031 3101//3101 3030//3030
f 3030//3030 3101//3101 3102//3102
f 3102//3102 3103//3103 3030//3030
f 3030//3030 3103//3103 3029//3029
f 3081//3081 3035//3035 3082//3082
f 3082//3082 3035//3035 3029//3029
f 3082//3082 3029//3029 3103//3103
f 3035//3035 3081//3081 2995//2995
f 2995//2995 3081//3081 3068//3068
f 2995//2995 3068//3068 2997//2997
f 3068//3068 3071//3071 2997//2997
f 2997//2997 3071//3071 2998//2998
f 3116//3116 3017//3017 3060//3060
f 3060//3060 3017//3017 3019//3019
f 3060//3060 3019//3019 3071//3071
f 3071//3071 3019//3019 2998//2998
f 3116//3116 3111//3111 3017//3017
f 3017//3017 3111//3111 3011//3011
f 3111//3111 3118//3118 3011//3011
f 3011//3011 3118//3118 3007//3007
f 3118//3118 3117//3117 3007//3007
f 3007//3007 3117//3117 3008//3008
f 3117//3117 3114//3114 3008//3008
f 3008//3008 3114//3114 3009//3009
f 3114//3114 3113//3113 3009//3009
f 3009//3009 3113//3113 3006//3006
f 3006//3006 3113//3113 3010//3010
f 3010//3010 3113//3113 3115//3115
f 3010//3010 3115//3115 3012//3012
f 3012//3012 3115//3115 3120//3120
f 3120//3120 3119//3119 3012//3012
f 3012//3012 3119//3119 3013//3013
f 3013//3013 3119//3119 3014//3014
f 3014//3014 3119//3119 3112//3112
f 3014//3014 3112//3112 3015//3015
f 3015//3015 3112//3112 3110//3110
f 3110//3110 3109//3109 3015//3015
f 3015//3015 3109//3109 3016//3016
f 3058//3058 3020//3020 3059//3059
f 3059//3059 3020//3020 3018//3018
f 3059//3059 3018//3018 3109//3109
f 3109//3109 3018//3018 3016//3016
f 3058//3058 3075//3075 3020//3020
f 3020//3020 3075//3075 2988//2988
f 3075//3075 3067//3067 2988//2988
f 2988//2988 3067//3067 2987//2987
f 3067//3067 3066//3066 2987//2987
f 2987//2987 3066//3066 2989//2989
f 3066//3066 3057//3057 2989//2989
f 2989//2989 3057//3057 2990//2990
f 3057//3057 3053//3053 2990//2990
f 2990//2990 3053//3053 2991//2991
f 3053//3053 3052//3052 2991//2991
f 2991//2991 3052//3052 2992//2992
f 3052//3052 3065//3065 2992//2992
f 2992//2992 3065//3065 2986//2986
f 2760//2760 2776//2776 2758//2758
f 2758//2758 2776//2776 2777//2777
f 2758//2758 2777//2777 2756//2756
f 2756//2756 2777//2777 2779//2779
f 2756//2756 2779//2779 2754//2754
f 2754//2754 2779//2779 2781//2781
f 2754//2754 2781//2781 2752//2752
f 2752//2752 2781//2781 2783//2783
f 2752//2752 2783//2783 2750//2750
f 2750//2750 2783//2783 2785//2785
f 2750//2750 2785//2785 2749//2749
f 2749//2749 2785//2785 2787//2787
f 2774//2774 2775//2775 2778//2778
f 2778//2778 2775//2775 3003//3003
f 2778//2778 3003//3003 2780//2780
f 2780//2780 3003//3003 3000//3000
f 2780//2780 3000//3000 2782//2782
f 2782//2782 3000//3000 2999//2999
f 2782//2782 2999//2999 2784//2784
f 2784//2784 2999//2999 2994//2994
f 2784//2784 2994//2994 2786//2786
f 2786//2786 2994//2994 2996//2996
f 2786//2786 2996//2996 2762//2762
f 2762//2762 2996//2996 2763//2763
f 2743//2743 2744//2744 2751//2751
f 2751//2751 2744//2744 3070//3070
f 2751//2751 3070//3070 2753//2753
f 2753//2753 3070//3070 3069//3069
f 2753//2753 3069//3069 2755//2755
f 2755//2755 3069//3069 3079//3079
f 2755//2755 3079//3079 2757//2757
f 2757//2757 3079//3079 3077//3077
f 2757//2757 3077//3077 2759//2759
f 2759//2759 3077//3077 3073//3073
f 2759//2759 3073//3073 2731//2731
f 2731//2731 3073//3073 2732//2732
f 3121//3121 3122//3122 3123//3123
f 3123//3123 3122//3122 3124//3124
f 3123//3123 3124//3124 3125//3125
f 3125//3125 3124//3124 3126//3126
f 3125//3125 3126//3126 3127//3127
f 3127//3127 3126//3126 3128//3128
f 3127//3127 3128//3128 3129//3129
f 3129//3129 3128//3128 3130//3130
f 3129//3129 3130//3130 3131//3131
f 3131//3131 3130//3130 3132//3132
f 3131//3131 3132//3132 3133//3133
f 3133//3133 3132//3132 3134//3134
f 3135//3135 3125//3125 3136//3136
f 3136//3136 3125//3125 3127//3127
f 3136//3136 3127//3127 3137//3137
f 3137//3137 3127//3127 3129//3129
f 3137//3137 3129//3129 3138//3138
f 3138//3138 3129//3129 3131//3131
f 3138//3138 3131//3131 3139//3139
f 3139//3139 3131//3131 3133//3133
f 3139//3139 3133//3133 3140//3140
f 3140//3140 3133//3133 3141//3141
f 3140//3140 3141//3141 3142//3142
f 3142//3142 3141//3141 3143//3143
f 3142//3142 3143//3143 3144//3144
f 3144//3144 3143//3143 3145//3145
f 3144//3144 3145//3145 3146//3146
f 3146//3146 3145//3145 3147//3147
f 3146//3146 3147//3147 3148//3148
f 3148//3148 3147//3147 3149//3149
f 3148//3148 3149//3149 3150//3150
f 3150//3150 3149//3149 3121//3121
f 3150//3150 3121//3121 3151//3151
f 3151//3151 3121//3121 3123//3123
f 3151//3151 3123//3123 3135//3135
f 3135//3135 3123//3123 3125//3125
f 3152//3152 3153//3153 3154//3154
f 3154//3154 3153//3153 3155//3155
f 3154//3154 3155//3155 3156//3156
f 3156//3156 3155//3155 3157//3157
f 3156//3156 3157//3157 3158//3158
f 3158//3158 3157//3157 3159//3159
f 3158//3158 3159//3159 3160//3160
f 3160//3160 3159//3159 3161//3161
f 3160//3160 3161//3161 3162//3162
f 3162//3162 3161//3161 3163//3163
f 3162//3162 3163//3163 3164//3164
f 3164//3164 3163//3163 3165//3165
f 3166//3166 3164//3164 3167//3167
f 3167//3167 3164//3164 3168//3168
f 3167//3167 3168//3168 3169//3169
f 3169//3169 3168//3168 3170//3170
f 3169//3169 3170//3170 3171//3171
f 3171//3171 3170//3170 3172//3172
f 3171//3171 3172//3172 3173//3173
f 3173//3173 3172//3172 3174//3174
f 3173//3173 3174//3174 3175//3175
f 3175//3175 3174//3174 3176//3176
f 3175//3175 3176//3176 3177//3177
f 3177//3177 3176//3176 3152//3152
f 3177//3177 3152//3152 3178//3178
f 3178//3178 3152//3152 3154//3154
f 3178//3178 3154//3154 3179//3179
f 3179//3179 3154//3154 3156//3156
f 3179//3179 3156//3156 3180//3180
f 3180//3180 3156//3156 3158//3158
f 3180//3180 3158//3158 3181//3181
f 3181//3181 3158//3158 3160//3160
f 3181//3181 3160//3160 3182//3182
f 3182//3182 3160//3160 3162//3162
f 3182//3182 3162//3162 3166//3166
f 3166//3166 3162//3162 3164//3164
f 3183//3183 3184//3184 3185//3185
f 3185//3185 3184//3184 3186//3186
f 3187//3187 3183//3183 3188//3188
f 3188//3188 3183//3183 3185//3185
f 3189//3189 3187//3187 3190//3190
f 3190//3190 3187//3187 3188//3188
f 3189//3189 3190//3190 3191//3191
f 3191//3191 3190//3190 3192//3192
f 3191//3191 3192//3192 3193//3193
f 3193//3193 3192//3192 3194//3194
f 3193//3193 3194//3194 3195//3195
f 3195//3195 3194//3194 3196//3196
f 3195//3195 3196//3196 3197//3197
f 3197//3197 3196//3196 3198//3198
f 3199//3199 3197//3197 3200//3200
f 3200//3200 3197//3197 3198//3198
f 3201//3201 3199//3199 3202//3202
f 3202//3202 3199//3199 3200//3200
f 3203//3203 3201//3201 3204//3204
f 3204//3204 3201//3201 3202//3202
f 3203//3203 3204//3204 3205//3205
f 3205//3205 3204//3204 3206//3206
f 3205//3205 3206//3206 3207//3207
f 3207//3207 3206//3206 3208//3208
f 3207//3207 3208//3208 3209//3209
f 3209//3209 3208//3208 3210//3210
f 3209//3209 3210//3210 3211//3211
f 3211//3211 3210//3210 3212//3212
f 3213//3213 3211//3211 3214//3214
f 3214//3214 3211//3211 3212//3212
f 3213//3213 3214//3214 3215//3215
f 3215//3215 3214//3214 3216//3216
f 3215//3215 3216//3216 3217//3217
f 3217//3217 3216//3216 3218//3218
f 3217//3217 3218//3218 3219//3219
f 3219//3219 3218//3218 3220//3220
f 3221//3221 3219//3219 3222//3222
f 3222//3222 3219//3219 3220//3220
f 3221//3221 3222//3222 3223//3223
f 3223//3223 3222//3222 3224//3224
f 3223//3223 3224//3224 3225//3225
f 3225//3225 3224//3224 3226//3226
f 3225//3225 3226//3226 3227//3227
f 3227//3227 3226//3226 3228//3228
f 3227//3227 3228//3228 3184//3184
f 3184//3184 3228//3228 3186//3186
f 3229//3229 3230//3230 3231//3231
f 3231//3231 3230//3230 3232//3232
f 3231//3231 3232//3232 3233//3233
f 3233//3233 3232//3232 3234//3234
f 3233//3233 3234//3234 3235//3235
f 3235//3235 3234//3234 3236//3236
f 3235//3235 3236//3236 3237//3237
f 3237//3237 3236//3236 3238//3238
f 3239//3239 3237//3237 3240//3240
f 3240//3240 3237//3237 3238//3238
f 3239//3239 3240//3240 3241//3241
f 3241//3241 3240//3240 3242//3242
f 3241//3241 3242//3242 3243//3243
f 3243//3243 3242//3242 3244//3244
f 3243//3243 3244//3244 3245//3245
f 3245//3245 3244//3244 3246//3246
f 3247//3247 3245//3245 3248//3248
f 3248//3248 3245//3245 3246//3246
f 3247//3247 3248//3248 3249//3249
f 3249//3249 3248//3248 3250//3250
f 3249//3249 3250//3250 3251//3251
f 3251//3251 3250//3250 3252//3252
f 3251//3251 3252//3252 3253//3253
f 3253//3253 3252//3252 3254//3254
f 3253//3253 3254//3254 3255//3255
f 3255//3255 3254//3254 3256//3256
f 3257//3257 3255//3255 3258//3258
f 3258//3258 3255//3255 3256//3256
f 3259//3259 3257//3257 3260//3260
f 3260//3260 3257//3257 3258//3258
f 3261//3261 3259//3259 3262//3262
f 3262//3262 3259//3259 3260//3260
f 3261//3261 3262//3262 3263//3263
f 3263//3263 3262//3262 3264//3264
f 3263//3263 3264//3264 3265//3265
f 3265//3265 3264//3264 3266//3266
f 3265//3265 3266//3266 3267//3267
f 3267//3267 3266//3266 3268//3268
f 3267//3267 3268//3268 3269//3269
f 3269//3269 3268//3268 3270//3270
f 3271//3271 3269//3269 3272//3272
f 3272//3272 3269//3269 3270//3270
f 3273//3273 3271//3271 3274//3274
f 3274//3274 3271//3271 3272//3272
f 3229//3229 3273//3273 3230//3230
f 3230//3230 3273//3273 3274//3274
f 3139//3139 3177//3177 3138//3138
f 3138//3138 3177//3177 3178//3178
f 3138//3138 3178//3178 3137//3137
f 3137//3137 3178//3178 3179//3179
f 3137//3137 3179//3179 3136//3136
f 3136//3136 3179//3179 3180//3180
f 3136//3136 3180//3180 3135//3135
f 3135//3135 3180//3180 3181//3181
f 3135//3135 3181//3181 3151//3151
f 3151//3151 3181//3181 3182//3182
f 3151//3151 3182//3182 3150//3150
f 3150//3150 3182//3182 3166//3166
f 3275//3275 3276//3276 3277//3277
f 3277//3277 3276//3276 3278//3278
f 3275//3275 3277//3277 3279//3279
f 3279//3279 3277//3277 3280//3280
f 3279//3279 3280//3280 3281//3281
f 3281//3281 3280//3280 3282//3282
f 3281//3281 3282//3282 3283//3283
f 3283//3283 3282//3282 3284//3284
f 3283//3283 3284//3284 3285//3285
f 3285//3285 3284//3284 3286//3286
f 3287//3287 3285//3285 3288//3288
f 3288//3288 3285//3285 3286//3286
f 3289//3289 3287//3287 3290//3290
f 3290//3290 3287//3287 3288//3288
f 3291//3291 3289//3289 3292//3292
f 3292//3292 3289//3289 3290//3290
f 3291//3291 3292//3292 3293//3293
f 3293//3293 3292//3292 3294//3294
f 3293//3293 3294//3294 3295//3295
f 3295//3295 3294//3294 3296//3296
f 3295//3295 3296//3296 3297//3297
f 3297//3297 3296//3296 3298//3298
f 3297//3297 3298//3298 3299//3299
f 3299//3299 3298//3298 3300//3300
f 3301//3301 3299//3299 3302//3302
f 3302//3302 3299//3299 3300//3300
f 3303//3303 3301//3301 3304//3304
f 3304//3304 3301//3301 3302//3302
f 3305//3305 3303//3303 3306//3306
f 3306//3306 3303//3303 3304//3304
f 3305//3305 3306//3306 3307//3307
f 3307//3307 3306//3306 3308//3308
f 3307//3307 3308//3308 3309//3309
f 3309//3309 3308//3308 3310//3310
f 3309//3309 3310//3310 3311//3311
f 3311//3311 3310//3310 3312//3312
f 3311//3311 3312//3312 3313//3313
f 3313//3313 3312//3312 3314//3314
f 3315//3315 3313//3313 3316//3316
f 3316//3316 3313//3313 3314//3314
f 3315//3315 3316//3316 3317//3317
f 3317//3317 3316//3316 3318//3318
f 3317//3317 3318//3318 3319//3319
f 3319//3319 3318//3318 3320//3320
f 3319//3319 3320//3320 3276//3276
f 3276//3276 3320//3320 3278//3278
f 3321//3321 3322//3322 3323//3323
f 3323//3323 3322//3322 3324//3324
f 3321//3321 3323//3323 3325//3325
f 3325//3325 3323//3323 3326//3326
f 3325//3325 3326//3326 3327//3327
f 3327//3327 3326//3326 3328//3328
f 3327//3327 3328//3328 3329//3329
f 3329//3329 3328//3328 3330//3330
f 3329//3329 3330//3330 3331//3331
f 3331//3331 3330//3330 3332//3332
f 3333//3333 3331//3331 3334//3334
f 3334//3334 3331//3331 3332//3332
f 3335//3335 3333//3333 3336//3336
f 3336//3336 3333//3333 3334//3334
f 3337//3337 3335//3335 3338//3338
f 3338//3338 3335//3335 3336//3336
f 3337//3337 3338//3338 3339//3339
f 3339//3339 3338//3338 3340//3340
f 3339//3339 3340//3340 3341//3341
f 3341//3341 3340//3340 3342//3342
f 3341//3341 3342//3342 3343//3343
f 3343//3343 3342//3342 3344//3344
f 3343//3343 3344//3344 3345//3345
f 3345//3345 3344//3344 3346//3346
f 3347//3347 3345//3345 3348//3348
f 3348//3348 3345//3345 3346//3346
f 3349//3349 3347//3347 3350//3350
f 3350//3350 3347//3347 3348//3348
f 3351//3351 3349//3349 3352//3352
f 3352//3352 3349//3349 3350//3350
f 3351//3351 3352//3352 3353//3353
f 3353//3353 3352//3352 3354//3354
f 3353//3353 3354//3354 3355//3355
f 3355//3355 3354//3354 3356//3356
f 3355//3355 3356//3356 3357//3357
f 3357//3357 3356//3356 3358//3358
f 3357//3357 3358//3358 3359//3359
f 3359//3359 3358//3358 3360//3360
f 3361//3361 3359//3359 3362//3362
f 3362//3362 3359//3359 3360//3360
f 3361//3361 3362//3362 3363//3363
f 3363//3363 3362//3362 3364//3364
f 3363//3363 3364//3364 3365//3365
f 3365//3365 3364//3364 3366//3366
f 3365//3365 3366//3366 3322//3322
f 3322//3322 3366//3366 3324//3324
f 3367//3367 3368//3368 3369//3369
f 3370//3370 3366//3366 3364//3364
f 3356//3356 3354//3354 3371//3371
f 3371//3371 3354//3354 3352//3352
f 3371//3371 3352//3352 3350//3350
f 3332//3332 3330//3330 3372//3372
f 3372//3372 3330//3330 3328//3328
f 3373//3373 3374//3374 3375//3375
f 3375//3375 3374//3374 3376//3376
f 3375//3375 3376//3376 3350//3350
f 3350//3350 3376//3376 3377//3377
f 3350//3350 3377//3377 3371//3371
f 3332//3332 3372//3372 3334//3334
f 3334//3334 3372//3372 3378//3378
f 3334//3334 3378//3378 3379//3379
f 3328//3328 3326//3326 3372//3372
f 3372//3372 3326//3326 3323//3323
f 3372//3372 3323//3323 3370//3370
f 3370//3370 3323//3323 3324//3324
f 3370//3370 3324//3324 3366//3366
f 3348//3348 3346//3346 3350//3350
f 3350//3350 3346//3346 3344//3344
f 3350//3350 3344//3344 3375//3375
f 3375//3375 3344//3344 3342//3342
f 3380//3380 3381//3381 3382//3382
f 3364//3364 3362//3362 3370//3370
f 3370//3370 3362//3362 3360//3360
f 3370//3370 3360//3360 3371//3371
f 3371//3371 3360//3360 3358//3358
f 3371//3371 3358//3358 3356//3356
f 3342//3342 3340//3340 3375//3375
f 3375//3375 3340//3340 3338//3338
f 3375//3375 3338//3338 3379//3379
f 3379//3379 3338//3338 3336//3336
f 3379//3379 3336//3336 3334//3334
f 3161//3161 3159//3159 3383//3383
f 3383//3383 3159//3159 3384//3384
f 3385//3385 3165//3165 3163//3163
f 3380//3380 3382//3382 3386//3386
f 3386//3386 3382//3382 3387//3387
f 3386//3386 3387//3387 3388//3388
f 3157//3157 3155//3155 3389//3389
f 3389//3389 3155//3155 3153//3153
f 3389//3389 3153//3153 3390//3390
f 3390//3390 3153//3153 3381//3381
f 3390//3390 3381//3381 3391//3391
f 3391//3391 3381//3381 3380//3380
f 3391//3391 3380//3380 3392//3392
f 3375//3375 3393//3393 3373//3373
f 3373//3373 3393//3393 3385//3385
f 3373//3373 3385//3385 3383//3383
f 3383//3383 3385//3385 3163//3163
f 3383//3383 3163//3163 3161//3161
f 3165//3165 3385//3385 3394//3394
f 3394//3394 3385//3385 3395//3395
f 3394//3394 3395//3395 3388//3388
f 3388//3388 3395//3395 3396//3396
f 3388//3388 3396//3396 3386//3386
f 3397//3397 3218//3218 3216//3216
f 3208//3208 3206//3206 3398//3398
f 3398//3398 3206//3206 3204//3204
f 3185//3185 3186//3186 3399//3399
f 3399//3399 3186//3186 3228//3228
f 3399//3399 3228//3228 3226//3226
f 3216//3216 3214//3214 3397//3397
f 3397//3397 3214//3214 3212//3212
f 3397//3397 3212//3212 3398//3398
f 3398//3398 3212//3212 3210//3210
f 3398//3398 3210//3210 3208//3208
f 3400//3400 3401//3401 3190//3190
f 3190//3190 3401//3401 3192//3192
f 3159//3159 3157//3157 3384//3384
f 3384//3384 3157//3157 3389//3389
f 3384//3384 3389//3389 3402//3402
f 3402//3402 3389//3389 3403//3403
f 3402//3402 3403//3403 3404//3404
f 3404//3404 3403//3403 3405//3405
f 3404//3404 3405//3405 3401//3401
f 3401//3401 3405//3405 3406//3406
f 3401//3401 3406//3406 3202//3202
f 3202//3202 3406//3406 3407//3407
f 3202//3202 3407//3407 3204//3204
f 3204//3204 3407//3407 3408//3408
f 3204//3204 3408//3408 3398//3398
f 3226//3226 3224//3224 3399//3399
f 3399//3399 3224//3224 3222//3222
f 3399//3399 3222//3222 3397//3397
f 3397//3397 3222//3222 3220//3220
f 3397//3397 3220//3220 3218//3218
f 3200//3200 3198//3198 3202//3202
f 3202//3202 3198//3198 3196//3196
f 3202//3202 3196//3196 3401//3401
f 3401//3401 3196//3196 3194//3194
f 3401//3401 3194//3194 3192//3192
f 3409//3409 3410//3410 3399//3399
f 3399//3399 3410//3410 3411//3411
f 3399//3399 3411//3411 3185//3185
f 3185//3185 3411//3411 3400//3400
f 3185//3185 3400//3400 3188//3188
f 3188//3188 3400//3400 3190//3190
f 3412//3412 3244//3244 3242//3242
f 3252//3252 3250//3250 3413//3413
f 3413//3413 3250//3250 3248//3248
f 3413//3413 3248//3248 3412//3412
f 3412//3412 3248//3248 3246//3246
f 3412//3412 3246//3246 3244//3244
f 3380//3380 3414//3414 3392//3392
f 3392//3392 3414//3414 3415//3415
f 3392//3392 3415//3415 3416//3416
f 3258//3258 3256//3256 3413//3413
f 3413//3413 3256//3256 3254//3254
f 3413//3413 3254//3254 3252//3252
f 3234//3234 3232//3232 3417//3417
f 3417//3417 3232//3232 3230//3230
f 3242//3242 3240//3240 3412//3412
f 3412//3412 3240//3240 3238//3238
f 3412//3412 3238//3238 3417//3417
f 3417//3417 3238//3238 3236//3236
f 3417//3417 3236//3236 3234//3234
f 3272//3272 3270//3270 3274//3274
f 3274//3274 3270//3270 3268//3268
f 3274//3274 3268//3268 3418//3418
f 3418//3418 3268//3268 3266//3266
f 3266//3266 3264//3264 3418//3418
f 3418//3418 3264//3264 3262//3262
f 3418//3418 3262//3262 3419//3419
f 3419//3419 3262//3262 3260//3260
f 3260//3260 3258//3258 3419//3419
f 3419//3419 3258//3258 3413//3413
f 3419//3419 3413//3413 3420//3420
f 3420//3420 3413//3413 3421//3421
f 3420//3420 3421//3421 3422//3422
f 3369//3369 3417//3417 3367//3367
f 3367//3367 3417//3417 3230//3230
f 3367//3367 3230//3230 3423//3423
f 3423//3423 3230//3230 3274//3274
f 3423//3423 3274//3274 3416//3416
f 3416//3416 3274//3274 3418//3418
f 3416//3416 3418//3418 3392//3392
f 3392//3392 3418//3418 3424//3424
f 3392//3392 3424//3424 3391//3391
f 3288//3288 3425//3425 3426//3426
f 3320//3320 3318//3318 3427//3427
f 3284//3284 3282//3282 3428//3428
f 3395//3395 3429//3429 3396//3396
f 3396//3396 3429//3429 3430//3430
f 3396//3396 3430//3430 3431//3431
f 3432//3432 3294//3294 3292//3292
f 3318//3318 3316//3316 3427//3427
f 3427//3427 3316//3316 3314//3314
f 3427//3427 3314//3314 3433//3433
f 3433//3433 3314//3314 3312//3312
f 3312//3312 3310//3310 3433//3433
f 3433//3433 3310//3310 3308//3308
f 3433//3433 3308//3308 3306//3306
f 3425//3425 3288//3288 3428//3428
f 3428//3428 3288//3288 3286//3286
f 3428//3428 3286//3286 3284//3284
f 3432//3432 3292//3292 3426//3426
f 3426//3426 3292//3292 3290//3290
f 3426//3426 3290//3290 3288//3288
f 3282//3282 3280//3280 3428//3428
f 3428//3428 3280//3280 3277//3277
f 3428//3428 3277//3277 3427//3427
f 3427//3427 3277//3277 3278//3278
f 3427//3427 3278//3278 3320//3320
f 3302//3302 3300//3300 3304//3304
f 3304//3304 3300//3300 3298//3298
f 3304//3304 3298//3298 3432//3432
f 3432//3432 3298//3298 3296//3296
f 3432//3432 3296//3296 3294//3294
f 3431//3431 3430//3430 3432//3432
f 3432//3432 3430//3430 3434//3434
f 3432//3432 3434//3434 3304//3304
f 3304//3304 3434//3434 3435//3435
f 3304//3304 3435//3435 3306//3306
f 3306//3306 3435//3435 3436//3436
f 3306//3306 3436//3436 3433//3433
f 3433//3433 3436//3436 3437//3437
f 3433//3433 3437//3437 3438//3438
f 3333//3333 3335//3335 3337//3337
f 3349//3349 3439//3439 3440//3440
f 3441//3441 3363//3363 3365//3365
f 3442//3442 3443//3443 3122//3122
f 3439//3439 3349//3349 3444//3444
f 3365//3365 3322//3322 3441//3441
f 3441//3441 3322//3322 3321//3321
f 3441//3441 3321//3321 3445//3445
f 3445//3445 3321//3321 3325//3325
f 3445//3445 3325//3325 3327//3327
f 3347//3347 3349//3349 3345//3345
f 3345//3345 3349//3349 3440//3440
f 3345//3345 3440//3440 3343//3343
f 3343//3343 3440//3440 3341//3341
f 3349//3349 3351//3351 3444//3444
f 3444//3444 3351//3351 3353//3353
f 3444//3444 3353//3353 3355//3355
f 3446//3446 3447//3447 3448//3448
f 3449//3449 3450//3450 3331//3331
f 3331//3331 3450//3450 3445//3445
f 3331//3331 3445//3445 3329//3329
f 3329//3329 3445//3445 3327//3327
f 3355//3355 3357//3357 3444//3444
f 3444//3444 3357//3357 3359//3359
f 3444//3444 3359//3359 3441//3441
f 3441//3441 3359//3359 3361//3361
f 3441//3441 3361//3361 3363//3363
f 3331//3331 3333//3333 3449//3449
f 3449//3449 3333//3333 3337//3337
f 3449//3449 3337//3337 3451//3451
f 3451//3451 3337//3337 3339//3339
f 3451//3451 3339//3339 3341//3341
f 3341//3341 3440//3440 3451//3451
f 3451//3451 3440//3440 3452//3452
f 3451//3451 3452//3452 3443//3443
f 3443//3443 3452//3452 3453//3453
f 3443//3443 3453//3453 3454//3454
f 3454//3454 3128//3128 3126//3126
f 3455//3455 3456//3456 3457//3457
f 3457//3457 3456//3456 3134//3134
f 3457//3457 3134//3134 3132//3132
f 3446//3446 3448//3448 3458//3458
f 3442//3442 3122//3122 3459//3459
f 3459//3459 3122//3122 3460//3460
f 3459//3459 3460//3460 3461//3461
f 3454//3454 3126//3126 3443//3443
f 3443//3443 3126//3126 3124//3124
f 3443//3443 3124//3124 3122//3122
f 3128//3128 3454//3454 3130//3130
f 3130//3130 3454//3454 3458//3458
f 3130//3130 3458//3458 3132//3132
f 3132//3132 3458//3458 3448//3448
f 3132//3132 3448//3448 3457//3457
f 3455//3455 3462//3462 3463//3463
f 3464//3464 3465//3465 3466//3466
f 3466//3466 3465//3465 3467//3467
f 3466//3466 3467//3467 3468//3468
f 3468//3468 3467//3467 3469//3469
f 3468//3468 3469//3469 3470//3470
f 3317//3317 3319//3319 3471//3471
f 3472//3472 3313//3313 3471//3471
f 3471//3471 3313//3313 3315//3315
f 3471//3471 3315//3315 3317//3317
f 3281//3281 3283//3283 3473//3473
f 3473//3473 3283//3283 3285//3285
f 3307//3307 3309//3309 3472//3472
f 3472//3472 3309//3309 3311//3311
f 3472//3472 3311//3311 3313//3313
f 3474//3474 3303//3303 3472//3472
f 3472//3472 3303//3303 3305//3305
f 3472//3472 3305//3305 3307//3307
f 3319//3319 3276//3276 3471//3471
f 3471//3471 3276//3276 3275//3275
f 3471//3471 3275//3275 3473//3473
f 3473//3473 3275//3275 3279//3279
f 3473//3473 3279//3279 3281//3281
f 3289//3289 3291//3291 3287//3287
f 3287//3287 3291//3291 3293//3293
f 3287//3287 3293//3293 3475//3475
f 3475//3475 3293//3293 3295//3295
f 3460//3460 3465//3465 3461//3461
f 3461//3461 3465//3465 3464//3464
f 3461//3461 3464//3464 3476//3476
f 3476//3476 3464//3464 3477//3477
f 3476//3476 3477//3477 3475//3475
f 3475//3475 3477//3477 3478//3478
f 3475//3475 3478//3478 3287//3287
f 3287//3287 3478//3478 3479//3479
f 3287//3287 3479//3479 3285//3285
f 3285//3285 3479//3479 3480//3480
f 3285//3285 3480//3480 3473//3473
f 3295//3295 3297//3297 3475//3475
f 3475//3475 3297//3297 3299//3299
f 3475//3475 3299//3299 3474//3474
f 3474//3474 3299//3299 3301//3301
f 3474//3474 3301//3301 3303//3303
f 3481//3481 3482//3482 3472//3472
f 3472//3472 3482//3482 3483//3483
f 3472//3472 3483//3483 3474//3474
f 3273//3273 3484//3484 3485//3485
f 3486//3486 3241//3241 3243//3243
f 3487//3487 3255//3255 3488//3488
f 3488//3488 3255//3255 3257//3257
f 3488//3488 3257//3257 3489//3489
f 3273//3273 3229//3229 3490//3490
f 3490//3490 3229//3229 3231//3231
f 3490//3490 3231//3231 3233//3233
f 3491//3491 3251//3251 3253//3253
f 3263//3263 3265//3265 3492//3492
f 3492//3492 3493//3493 3463//3463
f 3463//3463 3493//3493 3470//3470
f 3463//3463 3470//3470 3455//3455
f 3455//3455 3470//3470 3469//3469
f 3455//3455 3469//3469 3456//3456
f 3257//3257 3259//3259 3261//3261
f 3265//3265 3267//3267 3492//3492
f 3492//3492 3267//3267 3269//3269
f 3492//3492 3269//3269 3485//3485
f 3485//3485 3269//3269 3271//3271
f 3485//3485 3271//3271 3273//3273
f 3233//3233 3235//3235 3490//3490
f 3490//3490 3235//3235 3237//3237
f 3490//3490 3237//3237 3486//3486
f 3486//3486 3237//3237 3239//3239
f 3486//3486 3239//3239 3241//3241
f 3243//3243 3245//3245 3486//3486
f 3486//3486 3245//3245 3247//3247
f 3486//3486 3247//3247 3491//3491
f 3491//3491 3247//3247 3249//3249
f 3491//3491 3249//3249 3251//3251
f 3462//3462 3494//3494 3463//3463
f 3463//3463 3494//3494 3489//3489
f 3463//3463 3489//3489 3492//3492
f 3492//3492 3489//3489 3257//3257
f 3492//3492 3257//3257 3263//3263
f 3263//3263 3257//3257 3261//3261
f 3273//3273 3490//3490 3484//3484
f 3484//3484 3490//3490 3495//3495
f 3484//3484 3495//3495 3496//3496
f 3253//3253 3255//3255 3491//3491
f 3491//3491 3255//3255 3487//3487
f 3491//3491 3487//3487 3497//3497
f 3497//3497 3487//3487 3498//3498
f 3499//3499 3500//3500 3501//3501
f 3227//3227 3184//3184 3502//3502
f 3187//3187 3500//3500 3183//3183
f 3183//3183 3500//3500 3503//3503
f 3183//3183 3503//3503 3184//3184
f 3205//3205 3207//3207 3504//3504
f 3505//3505 3215//3215 3217//3217
f 3205//3205 3504//3504 3203//3203
f 3227//3227 3502//3502 3225//3225
f 3193//3193 3501//3501 3191//3191
f 3191//3191 3501//3501 3500//3500
f 3191//3191 3500//3500 3189//3189
f 3189//3189 3500//3500 3187//3187
f 3499//3499 3501//3501 3447//3447
f 3447//3447 3501//3501 3506//3506
f 3447//3447 3506//3506 3448//3448
f 3203//3203 3504//3504 3201//3201
f 3201//3201 3504//3504 3507//3507
f 3201//3201 3507//3507 3508//3508
f 3207//3207 3209//3209 3504//3504
f 3504//3504 3209//3209 3211//3211
f 3504//3504 3211//3211 3505//3505
f 3505//3505 3211//3211 3213//3213
f 3505//3505 3213//3213 3215//3215
f 3193//3193 3195//3195 3501//3501
f 3501//3501 3195//3195 3197//3197
f 3501//3501 3197//3197 3508//3508
f 3508//3508 3197//3197 3199//3199
f 3508//3508 3199//3199 3201//3201
f 3217//3217 3219//3219 3505//3505
f 3505//3505 3219//3219 3221//3221
f 3505//3505 3221//3221 3502//3502
f 3502//3502 3221//3221 3223//3223
f 3502//3502 3223//3223 3225//3225
f 3184//3184 3503//3503 3502//3502
f 3502//3502 3503//3503 3509//3509
f 3502//3502 3509//3509 3510//3510
f 3444//3444 3441//3441 3371//3371
f 3371//3371 3441//3441 3370//3370
f 3441//3441 3445//3445 3370//3370
f 3370//3370 3445//3445 3372//3372
f 3445//3445 3450//3450 3372//3372
f 3372//3372 3450//3450 3378//3378
f 3450//3450 3449//3449 3378//3378
f 3378//3378 3449//3449 3379//3379
f 3449//3449 3451//3451 3379//3379
f 3379//3379 3451//3451 3375//3375
f 3451//3451 3443//3443 3375//3375
f 3375//3375 3443//3443 3393//3393
f 3443//3443 3442//3442 3393//3393
f 3393//3393 3442//3442 3385//3385
f 3442//3442 3459//3459 3385//3385
f 3385//3385 3459//3459 3395//3395
f 3459//3459 3461//3461 3395//3395
f 3395//3395 3461//3461 3429//3429
f 3429//3429 3461//3461 3430//3430
f 3430//3430 3461//3461 3476//3476
f 3430//3430 3476//3476 3434//3434
f 3434//3434 3476//3476 3475//3475
f 3475//3475 3474//3474 3434//3434
f 3434//3434 3474//3474 3435//3435
f 3435//3435 3474//3474 3436//3436
f 3436//3436 3474//3474 3483//3483
f 3436//3436 3483//3483 3437//3437
f 3437//3437 3483//3483 3482//3482
f 3482//3482 3481//3481 3437//3437
f 3437//3437 3481//3481 3438//3438
f 3438//3438 3481//3481 3433//3433
f 3433//3433 3481//3481 3472//3472
f 3433//3433 3472//3472 3427//3427
f 3427//3427 3472//3472 3471//3471
f 3471//3471 3473//3473 3427//3427
f 3427//3427 3473//3473 3428//3428
f 3473//3473 3480//3480 3428//3428
f 3428//3428 3480//3480 3425//3425
f 3480//3480 3479//3479 3425//3425
f 3425//3425 3479//3479 3426//3426
f 3479//3479 3478//3478 3426//3426
f 3426//3426 3478//3478 3432//3432
f 3478//3478 3477//3477 3432//3432
f 3432//3432 3477//3477 3431//3431
f 3466//3466 3386//3386 3464//3464
f 3464//3464 3386//3386 3396//3396
f 3464//3464 3396//3396 3477//3477
f 3477//3477 3396//3396 3431//3431
f 3466//3466 3468//3468 3386//3386
f 3386//3386 3468//3468 3380//3380
f 3493//3493 3414//3414 3470//3470
f 3470//3470 3414//3414 3380//3380
f 3470//3470 3380//3380 3468//3468
f 3414//3414 3493//3493 3415//3415
f 3415//3415 3493//3493 3492//3492
f 3415//3415 3492//3492 3416//3416
f 3492//3492 3485//3485 3416//3416
f 3416//3416 3485//3485 3423//3423
f 3423//3423 3485//3485 3367//3367
f 3367//3367 3485//3485 3484//3484
f 3367//3367 3484//3484 3368//3368
f 3368//3368 3484//3484 3496//3496
f 3496//3496 3495//3495 3368//3368
f 3368//3368 3495//3495 3369//3369
f 3369//3369 3495//3495 3417//3417
f 3417//3417 3495//3495 3490//3490
f 3417//3417 3490//3490 3412//3412
f 3412//3412 3490//3490 3486//3486
f 3412//3412 3486//3486 3413//3413
f 3413//3413 3486//3486 3491//3491
f 3413//3413 3491//3491 3421//3421
f 3421//3421 3491//3491 3497//3497
f 3497//3497 3498//3498 3421//3421
f 3421//3421 3498//3498 3422//3422
f 3422//3422 3498//3498 3420//3420
f 3420//3420 3498//3498 3487//3487
f 3420//3420 3487//3487 3419//3419
f 3419//3419 3487//3487 3488//3488
f 3488//3488 3489//3489 3419//3419
f 3419//3419 3489//3489 3418//3418
f 3462//3462 3424//3424 3494//3494
f 3494//3494 3424//3424 3418//3418
f 3494//3494 3418//3418 3489//3489
f 3424//3424 3462//3462 3391//3391
f 3391//3391 3462//3462 3455//3455
f 3391//3391 3455//3455 3390//3390
f 3455//3455 3457//3457 3390//3390
f 3390//3390 3457//3457 3389//3389
f 3389//3389 3457//3457 3403//3403
f 3403//3403 3457//3457 3448//3448
f 3403//3403 3448//3448 3405//3405
f 3405//3405 3448//3448 3506//3506
f 3506//3506 3501//3501 3405//3405
f 3405//3405 3501//3501 3406//3406
f 3501//3501 3508//3508 3406//3406
f 3406//3406 3508//3508 3407//3407
f 3508//3508 3507//3507 3407//3407
f 3407//3407 3507//3507 3408//3408
f 3507//3507 3504//3504 3408//3408
f 3408//3408 3504//3504 3398//3398
f 3504//3504 3505//3505 3398//3398
f 3398//3398 3505//3505 3397//3397
f 3397//3397 3505//3505 3399//3399
f 3399//3399 3505//3505 3502//3502
f 3399//3399 3502//3502 3409//3409
f 3409//3409 3502//3502 3510//3510
f 3510//3510 3509//3509 3409//3409
f 3409//3409 3509//3509 3410//3410
f 3410//3410 3509//3509 3411//3411
f 3411//3411 3509//3509 3503//3503
f 3411//3411 3503//3503 3400//3400
f 3400//3400 3503//3503 3500//3500
f 3500//3500 3499//3499 3400//3400
f 3400//3400 3499//3499 3401//3401
f 3401//3401 3499//3499 3404//3404
f 3404//3404 3499//3499 3447//3447
f 3404//3404 3447//3447 3402//3402
f 3402//3402 3447//3447 3446//3446
f 3446//3446 3458//3458 3402//3402
f 3402//3402 3458//3458 3384//3384
f 3458//3458 3454//3454 3384//3384
f 3384//3384 3454//3454 3383//3383
f 3454//3454 3453//3453 3383//3383
f 3383//3383 3453//3453 3373//3373
f 3453//3453 3452//3452 3373//3373
f 3373//3373 3452//3452 3374//3374
f 3452//3452 3440//3440 3374//3374
f 3374//3374 3440//3440 3376//3376
f 3440//3440 3439//3439 3376//3376
f 3376//3376 3439//3439 3377//3377
f 3439//3439 3444//3444 3377//3377
f 3377//3377 3444//3444 3371//3371
f 3150//3150 3166//3166 3148//3148
f 3148//3148 3166//3166 3167//3167
f 3148//3148 3167//3167 3146//3146
f 3146//3146 3167//3167 3169//3169
f 3146//3146 3169//3169 3144//3144
f 3144//3144 3169//3169 3171//3171
f 3144//3144 3171//3171 3142//3142
f 3142//3142 3171//3171 3173//3173
f 3142//3142 3173//3173 3140//3140
f 3140//3140 3173//3173 3175//3175
f 3140//3140 3175//3175 3139//3139
f 3139//3139 3175//3175 3177//3177
f 3164//3164 3165//3165 3168//3168
f 3168//3168 3165//3165 3394//3394
f 3168//3168 3394//3394 3170//3170
f 3170//3170 3394//3394 3388//3388
f 3170//3170 3388//3388 3172//3172
f 3172//3172 3388//3388 3387//3387
f 3172//3172 3387//3387 3174//3174
f 3174//3174 3387//3387 3382//3382
f 3174//3174 3382//3382 3176//3176
f 3176//3176 3382//3382 3381//3381
f 3176//3176 3381//3381 3152//3152
f 3152//3152 3381//3381 3153//3153
f 3133//3133 3134//3134 3141//3141
f 3141//3141 3134//3134 3456//3456
f 3141//3141 3456//3456 3143//3143
f 3143//3143 3456//3456 3469//3469
f 3143//3143 3469//3469 3145//3145
f 3145//3145 3469//3469 3467//3467
f 3145//3145 3467//3467 3147//3147
f 3147//3147 3467//3467 3465//3465
f 3147//3147 3465//3465 3149//3149
f 3149//3149 3465//3465 3460//3460
f 3149//3149 3460//3460 3121//3121
f 3121//3121 3460//3460 3122//3122
f 3511//3511 3512//3512 3513//3513
f 3513//3513 3512//3512 3514//3514
f 3515//3515 3516//3516 3517//3517
f 3517//3517 3516//3516 3518//3518
f 3518//3518 3516//3516 3513//3513
f 3513//3513 3516//3516 3511//3511
f 3516//3516 3515//3515 3511//3511
f 3511//3511 3515//3515 3512//3512
f 3515//3515 3517//3517 3512//3512
f 3512//3512 3517//3517 3514//3514
f 3517//3517 3518//3518 3514//3514
f 3514//3514 3518//3518 3513//3513
f 640//640 3519//3519 3520//3520
f 3520//3520 3519//3519 3521//3521
f 3522//3522 3523//3523 3524//3524
f 3524//3524 3523//3523 3525//3525
f 3525//3525 3523//3523 3520//3520
f 3520//3520 3523//3523 640//640
f 3523//3523 3522//3522 640//640
f 640//640 3522//3522 3519//3519
f 3522//3522 3524//3524 3519//3519
f 3519//3519 3524//3524 3521//3521
f 3524//3524 3525//3525 3521//3521
f 3521//3521 3525//3525 3520//3520
f 3526//3526 3527//3527 3528//3528
f 3528//3528 3527//3527 3529//3529
f 3528//3528 3529//3529 3530//3530
f 3530//3530 3529//3529 3531//3531
f 3530//3530 3531//3531 3532//3532
f 3532//3532 3531//3531 3533//3533
f 3532//3532 3533//3533 3534//3534
f 3534//3534 3533//3533 3535//3535
f 3534//3534 3535//3535 3536//3536
f 3536//3536 3535//3535 3537//3537
f 3536//3536 3537//3537 3538//3538
f 3538//3538 3537//3537 3539//3539
f 3540//3540 3530//3530 3541//3541
f 3541//3541 3530//3530 3532//3532
f 3541//3541 3532//3532 3542//3542
f 3542//3542 3532//3532 3534//3534
f 3542//3542 3534//3534 3543//3543
f 3543//3543 3534//3534 3536//3536
f 3543//3543 3536//3536 3544//3544
f 3544//3544 3536//3536 3538//3538
f 3544//3544 3538//3538 3545//3545
f 3545//3545 3538//3538 3546//3546
f 3545//3545 3546//3546 3547//3547
f 3547//3547 3546//3546 3548//3548
f 3547//3547 3548//3548 3549//3549
f 3549//3549 3548//3548 3550//3550
f 3549//3549 3550//3550 3551//3551
f 3551//3551 3550//3550 3552//3552
f 3551//3551 3552//3552 3553//3553
f 3553//3553 3552//3552 3554//3554
f 3553//3553 3554//3554 3555//3555
f 3555//3555 3554//3554 3526//3526
f 3555//3555 3526//3526 3556//3556
f 3556//3556 3526//3526 3528//3528
f 3556//3556 3528//3528 3540//3540
f 3540//3540 3528//3528 3530//3530
f 3557//3557 3558//3558 3559//3559
f 3559//3559 3558//3558 3560//3560
f 3559//3559 3560//3560 3561//3561
f 3561//3561 3560//3560 3562//3562
f 3561//3561 3562//3562 3563//3563
f 3563//3563 3562//3562 3564//3564
f 3563//3563 3564//3564 3565//3565
f 3565//3565 3564//3564 3566//3566
f 3565//3565 3566//3566 3567//3567
f 3567//3567 3566//3566 3568//3568
f 3567//3567 3568//3568 3569//3569
f 3569//3569 3568//3568 3570//3570
f 3571//3571 3569//3569 3572//3572
f 3572//3572 3569//3569 3573//3573
f 3572//3572 3573//3573 3574//3574
f 3574//3574 3573//3573 3575//3575
f 3574//3574 3575//3575 3576//3576
f 3576//3576 3575//3575 3577//3577
f 3576//3576 3577//3577 3578//3578
f 3578//3578 3577//3577 3579//3579
f 3578//3578 3579//3579 3580//3580
f 3580//3580 3579//3579 3581//3581
f 3580//3580 3581//3581 3582//3582
f 3582//3582 3581//3581 3557//3557
f 3582//3582 3557//3557 3583//3583
f 3583//3583 3557//3557 3559//3559
f 3583//3583 3559//3559 3584//3584
f 3584//3584 3559//3559 3561//3561
f 3584//3584 3561//3561 3585//3585
f 3585//3585 3561//3561 3563//3563
f 3585//3585 3563//3563 3586//3586
f 3586//3586 3563//3563 3565//3565
f 3586//3586 3565//3565 3587//3587
f 3587//3587 3565//3565 3567//3567
f 3587//3587 3567//3567 3571//3571
f 3571//3571 3567//3567 3569//3569
f 3588//3588 3589//3589 3590//3590
f 3590//3590 3589//3589 3591//3591
f 3592//3592 3588//3588 3593//3593
f 3593//3593 3588//3588 3590//3590
f 3594//3594 3592//3592 3595//3595
f 3595//3595 3592//3592 3593//3593
f 3594//3594 3595//3595 3596//3596
f 3596//3596 3595//3595 3597//3597
f 3596//3596 3597//3597 3598//3598
f 3598//3598 3597//3597 3599//3599
f 3598//3598 3599//3599 3600//3600
f 3600//3600 3599//3599 3601//3601
f 3600//3600 3601//3601 3602//3602
f 3602//3602 3601//3601 3603//3603
f 3604//3604 3602//3602 3605//3605
f 3605//3605 3602//3602 3603//3603
f 3606//3606 3604//3604 3607//3607
f 3607//3607 3604//3604 3605//3605
f 3608//3608 3606//3606 3609//3609
f 3609//3609 3606//3606 3607//3607
f 3608//3608 3609//3609 3610//3610
f 3610//3610 3609//3609 3611//3611
f 3610//3610 3611//3611 3612//3612
f 3612//3612 3611//3611 3613//3613
f 3612//3612 3613//3613 3614//3614
f 3614//3614 3613//3613 3615//3615
f 3614//3614 3615//3615 3616//3616
f 3616//3616 3615//3615 3617//3617
f 3618//3618 3616//3616 3619//3619
f 3619//3619 3616//3616 3617//3617
f 3618//3618 3619//3619 3620//3620
f 3620//3620 3619//3619 3621//3621
f 3620//3620 3621//3621 3622//3622
f 3622//3622 3621//3621 3623//3623
f 3622//3622 3623//3623 3624//3624
f 3624//3624 3623//3623 3625//3625
f 3626//3626 3624//3624 3627//3627
f 3627//3627 3624//3624 3625//3625
f 3626//3626 3627//3627 3628//3628
f 3628//3628 3627//3627 3629//3629
f 3628//3628 3629//3629 3630//3630
f 3630//3630 3629//3629 3631//3631
f 3630//3630 3631//3631 3632//3632
f 3632//3632 3631//3631 3633//3633
f 3632//3632 3633//3633 3589//3589
f 3589//3589 3633//3633 3591//3591
f 3634//3634 3635//3635 3636//3636
f 3636//3636 3635//3635 3637//3637
f 3636//3636 3637//3637 3638//3638
f 3638//3638 3637//3637 3639//3639
f 3638//3638 3639//3639 3640//3640
f 3640//3640 3639//3639 3641//3641
f 3640//3640 3641//3641 3642//3642
f 3642//3642 3641//3641 3643//3643
f 3644//3644 3642//3642 3645//3645
f 3645//3645 3642//3642 3643//3643
f 3644//3644 3645//3645 3646//3646
f 3646//3646 3645//3645 3647//3647
f 3646//3646 3647//3647 3648//3648
f 3648//3648 3647//3647 3649//3649
f 3648//3648 3649//3649 3650//3650
f 3650//3650 3649//3649 3651//3651
f 3652//3652 3650//3650 3653//3653
f 3653//3653 3650//3650 3651//3651
f 3652//3652 3653//3653 3654//3654
f 3654//3654 3653//3653 3655//3655
f 3654//3654 3655//3655 3656//3656
f 3656//3656 3655//3655 3657//3657
f 3656//3656 3657//3657 3658//3658
f 3658//3658 3657//3657 3659//3659
f 3658//3658 3659//3659 3660//3660
f 3660//3660 3659//3659 3661//3661
f 3662//3662 3660//3660 3663//3663
f 3663//3663 3660//3660 3661//3661
f 3664//3664 3662//3662 3665//3665
f 3665//3665 3662//3662 3663//3663
f 3666//3666 3664//3664 3667//3667
f 3667//3667 3664//3664 3665//3665
f 3666//3666 3667//3667 3668//3668
f 3668//3668 3667//3667 3669//3669
f 3668//3668 3669//3669 3670//3670
f 3670//3670 3669//3669 3671//3671
f 3670//3670 3671//3671 3672//3672
f 3672//3672 3671//3671 3673//3673
f 3672//3672 3673//3673 3674//3674
f 3674//3674 3673//3673 3675//3675
f 3676//3676 3674//3674 3677//3677
f 3677//3677 3674//3674 3675//3675
f 3678//3678 3676//3676 3679//3679
f 3679//3679 3676//3676 3677//3677
f 3634//3634 3678//3678 3635//3635
f 3635//3635 3678//3678 3679//3679
f 3544//3544 3582//3582 3543//3543
f 3543//3543 3582//3582 3583//3583
f 3543//3543 3583//3583 3542//3542
f 3542//3542 3583//3583 3584//3584
f 3542//3542 3584//3584 3541//3541
f 3541//3541 3584//3584 3585//3585
f 3541//3541 3585//3585 3540//3540
f 3540//3540 3585//3585 3586//3586
f 3540//3540 3586//3586 3556//3556
f 3556//3556 3586//3586 3587//3587
f 3556//3556 3587//3587 3555//3555
f 3555//3555 3587//3587 3571//3571
f 3680//3680 3681//3681 3682//3682
f 3682//3682 3681//3681 3683//3683
f 3680//3680 3682//3682 3684//3684
f 3684//3684 3682//3682 3685//3685
f 3684//3684 3685//3685 3686//3686
f 3686//3686 3685//3685 3687//3687
f 3686//3686 3687//3687 3688//3688
f 3688//3688 3687//3687 3689//3689
f 3688//3688 3689//3689 3690//3690
f 3690//3690 3689//3689 3691//3691
f 3692//3692 3690//3690 3693//3693
f 3693//3693 3690//3690 3691//3691
f 3694//3694 3692//3692 3695//3695
f 3695//3695 3692//3692 3693//3693
f 3696//3696 3694//3694 3697//3697
f 3697//3697 3694//3694 3695//3695
f 3696//3696 3697//3697 3698//3698
f 3698//3698 3697//3697 3699//3699
f 3698//3698 3699//3699 3700//3700
f 3700//3700 3699//3699 3701//3701
f 3700//3700 3701//3701 3702//3702
f 3702//3702 3701//3701 3703//3703
f 3702//3702 3703//3703 3704//3704
f 3704//3704 3703//3703 3705//3705
f 3706//3706 3704//3704 3707//3707
f 3707//3707 3704//3704 3705//3705
f 3708//3708 3706//3706 3709//3709
f 3709//3709 3706//3706 3707//3707
f 3710//3710 3708//3708 3711//3711
f 3711//3711 3708//3708 3709//3709
f 3710//3710 3711//3711 3712//3712
f 3712//3712 3711//3711 3713//3713
f 3712//3712 3713//3713 3714//3714
f 3714//3714 3713//3713 3715//3715
f 3714//3714 3715//3715 3716//3716
f 3716//3716 3715//3715 3717//3717
f 3716//3716 3717//3717 3718//3718
f 3718//3718 3717//3717 3719//3719
f 3720//3720 3718//3718 3721//3721
f 3721//3721 3718//3718 3719//3719
f 3720//3720 3721//3721 3722//3722
f 3722//3722 3721//3721 3723//3723
f 3722//3722 3723//3723 3724//3724
f 3724//3724 3723//3723 3725//3725
f 3724//3724 3725//3725 3681//3681
f 3681//3681 3725//3725 3683//3683
f 3726//3726 3727//3727 3728//3728
f 3728//3728 3727//3727 3729//3729
f 3726//3726 3728//3728 3730//3730
f 3730//3730 3728//3728 3731//3731
f 3730//3730 3731//3731 3732//3732
f 3732//3732 3731//3731 3733//3733
f 3732//3732 3733//3733 3734//3734
f 3734//3734 3733//3733 3735//3735
f 3734//3734 3735//3735 3736//3736
f 3736//3736 3735//3735 3737//3737
f 3738//3738 3736//3736 3739//3739
f 3739//3739 3736//3736 3737//3737
f 3740//3740 3738//3738 3741//3741
f 3741//3741 3738//3738 3739//3739
f 3742//3742 3740//3740 3743//3743
f 3743//3743 3740//3740 3741//3741
f 3742//3742 3743//3743 3744//3744
f 3744//3744 3743//3743 3745//3745
f 3744//3744 3745//3745 3746//3746
f 3746//3746 3745//3745 3747//3747
f 3746//3746 3747//3747 3748//3748
f 3748//3748 3747//3747 3749//3749
f 3748//3748 3749//3749 3750//3750
f 3750//3750 3749//3749 3751//3751
f 3752//3752 3750//3750 3753//3753
f 3753//3753 3750//3750 3751//3751
f 3754//3754 3752//3752 3755//3755
f 3755//3755 3752//3752 3753//3753
f 3756//3756 3754//3754 3757//3757
f 3757//3757 3754//3754 3755//3755
f 3756//3756 3757//3757 3758//3758
f 3758//3758 3757//3757 3759//3759
f 3758//3758 3759//3759 3760//3760
f 3760//3760 3759//3759 3761//3761
f 3760//3760 3761//3761 3762//3762
f 3762//3762 3761//3761 3763//3763
f 3762//3762 3763//3763 3764//3764
f 3764//3764 3763//3763 3765//3765
f 3766//3766 3764//3764 3767//3767
f 3767//3767 3764//3764 3765//3765
f 3766//3766 3767//3767 3768//3768
f 3768//3768 3767//3767 3769//3769
f 3768//3768 3769//3769 3770//3770
f 3770//3770 3769//3769 3771//3771
f 3770//3770 3771//3771 3727//3727
f 3727//3727 3771//3771 3729//3729
f 3772//3772 3773//3773 3774//3774
f 3743//3743 3741//3741 3739//3739
f 3775//3775 3771//3771 3769//3769
f 3776//3776 3777//3777 3755//3755
f 3755//3755 3777//3777 3778//3778
f 3739//3739 3737//3737 3779//3779
f 3779//3779 3737//3737 3735//3735
f 3779//3779 3735//3735 3733//3733
f 3733//3733 3731//3731 3779//3779
f 3779//3779 3731//3731 3728//3728
f 3779//3779 3728//3728 3775//3775
f 3775//3775 3728//3728 3729//3729
f 3775//3775 3729//3729 3771//3771
f 3761//3761 3759//3759 3778//3778
f 3778//3778 3759//3759 3757//3757
f 3778//3778 3757//3757 3755//3755
f 3566//3566 3780//3780 3781//3781
f 3743//3743 3739//3739 3745//3745
f 3745//3745 3739//3739 3782//3782
f 3745//3745 3782//3782 3747//3747
f 3769//3769 3767//3767 3775//3775
f 3775//3775 3767//3767 3765//3765
f 3775//3775 3765//3765 3778//3778
f 3778//3778 3765//3765 3763//3763
f 3778//3778 3763//3763 3761//3761
f 3570//3570 3568//3568 3783//3783
f 3566//3566 3564//3564 3780//3780
f 3780//3780 3564//3564 3562//3562
f 3780//3780 3562//3562 3784//3784
f 3755//3755 3753//3753 3776//3776
f 3776//3776 3753//3753 3751//3751
f 3776//3776 3751//3751 3782//3782
f 3782//3782 3751//3751 3749//3749
f 3782//3782 3749//3749 3747//3747
f 3779//3779 3785//3785 3739//3739
f 3739//3739 3785//3785 3786//3786
f 3739//3739 3786//3786 3782//3782
f 3782//3782 3786//3786 3787//3787
f 3782//3782 3787//3787 3788//3788
f 3789//3789 3560//3560 3790//3790
f 3790//3790 3560//3560 3558//3558
f 3790//3790 3558//3558 3791//3791
f 3791//3791 3558//3558 3792//3792
f 3791//3791 3792//3792 3793//3793
f 3787//3787 3794//3794 3788//3788
f 3788//3788 3794//3794 3783//3783
f 3788//3788 3783//3783 3781//3781
f 3781//3781 3783//3783 3568//3568
f 3781//3781 3568//3568 3566//3566
f 3795//3795 3793//3793 3796//3796
f 3793//3793 3792//3792 3796//3796
f 3796//3796 3792//3792 3797//3797
f 3796//3796 3797//3797 3798//3798
f 3797//3797 3799//3799 3798//3798
f 3798//3798 3799//3799 3800//3800
f 3798//3798 3800//3800 3801//3801
f 3800//3800 3802//3802 3803//3803
f 3570//3570 3783//3783 3802//3802
f 3802//3802 3783//3783 3804//3804
f 3802//3802 3804//3804 3803//3803
f 3623//3623 3621//3621 3805//3805
f 3806//3806 3609//3609 3607//3607
f 3806//3806 3807//3807 3609//3609
f 3609//3609 3807//3807 3808//3808
f 3609//3609 3808//3808 3611//3611
f 3611//3611 3808//3808 3613//3613
f 3621//3621 3619//3619 3805//3805
f 3805//3805 3619//3619 3617//3617
f 3805//3805 3617//3617 3808//3808
f 3808//3808 3617//3617 3615//3615
f 3808//3808 3615//3615 3613//3613
f 3590//3590 3591//3591 3809//3809
f 3809//3809 3591//3591 3633//3633
f 3809//3809 3633//3633 3631//3631
f 3631//3631 3629//3629 3809//3809
f 3809//3809 3629//3629 3627//3627
f 3809//3809 3627//3627 3805//3805
f 3805//3805 3627//3627 3625//3625
f 3805//3805 3625//3625 3623//3623
f 3607//3607 3605//3605 3806//3806
f 3806//3806 3605//3605 3603//3603
f 3806//3806 3603//3603 3810//3810
f 3810//3810 3603//3603 3601//3601
f 3601//3601 3599//3599 3810//3810
f 3810//3810 3599//3599 3597//3597
f 3810//3810 3597//3597 3590//3590
f 3590//3590 3597//3597 3595//3595
f 3590//3590 3595//3595 3593//3593
f 3811//3811 3812//3812 3809//3809
f 3809//3809 3812//3812 3813//3813
f 3809//3809 3813//3813 3590//3590
f 3590//3590 3813//3813 3814//3814
f 3590//3590 3814//3814 3810//3810
f 3810//3810 3814//3814 3815//3815
f 3810//3810 3815//3815 3816//3816
f 3816//3816 3815//3815 3817//3817
f 3816//3816 3817//3817 3789//3789
f 3789//3789 3817//3817 3784//3784
f 3789//3789 3784//3784 3560//3560
f 3560//3560 3784//3784 3562//3562
f 3818//3818 3649//3649 3647//3647
f 3819//3819 3653//3653 3818//3818
f 3818//3818 3653//3653 3651//3651
f 3818//3818 3651//3651 3649//3649
f 3796//3796 3820//3820 3795//3795
f 3795//3795 3820//3820 3821//3821
f 3795//3795 3821//3821 3822//3822
f 3661//3661 3659//3659 3819//3819
f 3639//3639 3637//3637 3823//3823
f 3823//3823 3637//3637 3635//3635
f 3661//3661 3819//3819 3663//3663
f 3659//3659 3657//3657 3819//3819
f 3819//3819 3657//3657 3655//3655
f 3819//3819 3655//3655 3653//3653
f 3647//3647 3645//3645 3818//3818
f 3818//3818 3645//3645 3643//3643
f 3818//3818 3643//3643 3823//3823
f 3823//3823 3643//3643 3641//3641
f 3823//3823 3641//3641 3639//3639
f 3665//3665 3824//3824 3667//3667
f 3667//3667 3824//3824 3825//3825
f 3667//3667 3825//3825 3669//3669
f 3677//3677 3675//3675 3679//3679
f 3679//3679 3675//3675 3673//3673
f 3679//3679 3673//3673 3825//3825
f 3825//3825 3673//3673 3671//3671
f 3825//3825 3671//3671 3669//3669
f 3665//3665 3663//3663 3824//3824
f 3824//3824 3663//3663 3819//3819
f 3824//3824 3819//3819 3826//3826
f 3826//3826 3819//3819 3827//3827
f 3826//3826 3827//3827 3828//3828
f 3774//3774 3823//3823 3772//3772
f 3772//3772 3823//3823 3635//3635
f 3772//3772 3635//3635 3829//3829
f 3829//3829 3635//3635 3679//3679
f 3829//3829 3679//3679 3822//3822
f 3822//3822 3679//3679 3825//3825
f 3822//3822 3825//3825 3795//3795
f 3795//3795 3825//3825 3830//3830
f 3795//3795 3830//3830 3793//3793
f 3693//3693 3831//3831 3832//3832
f 3725//3725 3723//3723 3833//3833
f 3703//3703 3701//3701 3834//3834
f 3800//3800 3803//3803 3801//3801
f 3801//3801 3803//3803 3835//3835
f 3801//3801 3835//3835 3836//3836
f 3689//3689 3687//3687 3837//3837
f 3715//3715 3713//3713 3838//3838
f 3838//3838 3713//3713 3711//3711
f 3836//3836 3835//3835 3834//3834
f 3834//3834 3835//3835 3839//3839
f 3834//3834 3839//3839 3840//3840
f 3707//3707 3705//3705 3709//3709
f 3709//3709 3705//3705 3703//3703
f 3831//3831 3693//3693 3837//3837
f 3837//3837 3693//3693 3691//3691
f 3837//3837 3691//3691 3689//3689
f 3701//3701 3699//3699 3834//3834
f 3834//3834 3699//3699 3697//3697
f 3834//3834 3697//3697 3832//3832
f 3832//3832 3697//3697 3695//3695
f 3832//3832 3695//3695 3693//3693
f 3687//3687 3685//3685 3837//3837
f 3837//3837 3685//3685 3682//3682
f 3837//3837 3682//3682 3833//3833
f 3833//3833 3682//3682 3683//3683
f 3833//3833 3683//3683 3725//3725
f 3723//3723 3721//3721 3833//3833
f 3833//3833 3721//3721 3719//3719
f 3833//3833 3719//3719 3838//3838
f 3838//3838 3719//3719 3717//3717
f 3838//3838 3717//3717 3715//3715
f 3703//3703 3834//3834 3709//3709
f 3709//3709 3834//3834 3840//3840
f 3709//3709 3840//3840 3711//3711
f 3711//3711 3840//3840 3841//3841
f 3711//3711 3841//3841 3838//3838
f 3838//3838 3841//3841 3842//3842
f 3838//3838 3842//3842 3843//3843
f 3844//3844 3845//3845 3846//3846
f 3754//3754 3847//3847 3848//3848
f 3768//3768 3770//3770 3849//3849
f 3850//3850 3851//3851 3527//3527
f 3738//3738 3740//3740 3742//3742
f 3848//3848 3852//3852 3746//3746
f 3746//3746 3852//3852 3744//3744
f 3853//3853 3854//3854 3855//3855
f 3856//3856 3736//3736 3738//3738
f 3856//3856 3857//3857 3736//3736
f 3736//3736 3857//3857 3858//3858
f 3736//3736 3858//3858 3734//3734
f 3734//3734 3858//3858 3732//3732
f 3752//3752 3754//3754 3750//3750
f 3750//3750 3754//3754 3848//3848
f 3750//3750 3848//3848 3748//3748
f 3748//3748 3848//3848 3746//3746
f 3742//3742 3744//3744 3738//3738
f 3738//3738 3744//3744 3852//3852
f 3738//3738 3852//3852 3856//3856
f 3856//3856 3852//3852 3859//3859
f 3770//3770 3727//3727 3849//3849
f 3849//3849 3727//3727 3726//3726
f 3849//3849 3726//3726 3858//3858
f 3858//3858 3726//3726 3730//3730
f 3858//3858 3730//3730 3732//3732
f 3860//3860 3758//3758 3760//3760
f 3847//3847 3754//3754 3860//3860
f 3860//3860 3754//3754 3756//3756
f 3860//3860 3756//3756 3758//3758
f 3760//3760 3762//3762 3860//3860
f 3860//3860 3762//3762 3764//3764
f 3860//3860 3764//3764 3849//3849
f 3849//3849 3764//3764 3766//3766
f 3849//3849 3766//3766 3768//3768
f 3859//3859 3852//3852 3851//3851
f 3851//3851 3852//3852 3861//3861
f 3851//3851 3861//3861 3862//3862
f 3863//3863 3864//3864 3865//3865
f 3862//3862 3533//3533 3531//3531
f 3863//3863 3865//3865 3866//3866
f 3866//3866 3865//3865 3539//3539
f 3866//3866 3539//3539 3537//3537
f 3850//3850 3527//3527 3867//3867
f 3867//3867 3527//3527 3868//3868
f 3867//3867 3868//3868 3869//3869
f 3862//3862 3531//3531 3851//3851
f 3851//3851 3531//3531 3529//3529
f 3851//3851 3529//3529 3527//3527
f 3853//3853 3855//3855 3870//3870
f 3533//3533 3862//3862 3535//3535
f 3535//3535 3862//3862 3870//3870
f 3535//3535 3870//3870 3537//3537
f 3537//3537 3870//3870 3855//3855
f 3537//3537 3855//3855 3866//3866
f 3871//3871 3872//3872 3873//3873
f 3873//3873 3872//3872 3874//3874
f 3873//3873 3874//3874 3875//3875
f 3875//3875 3874//3874 3864//3864
f 3875//3875 3864//3864 3844//3844
f 3844//3844 3864//3864 3863//3863
f 3844//3844 3863//3863 3845//3845
f 3845//3845 3863//3863 3876//3876
f 3845//3845 3876//3876 3877//3877
f 3704//3704 3706//3706 3708//3708
f 3722//3722 3724//3724 3878//3878
f 3879//3879 3690//3690 3692//3692
f 3879//3879 3880//3880 3690//3690
f 3690//3690 3880//3880 3881//3881
f 3690//3690 3881//3881 3688//3688
f 3688//3688 3881//3881 3686//3686
f 3882//3882 3712//3712 3714//3714
f 3704//3704 3708//3708 3702//3702
f 3702//3702 3708//3708 3883//3883
f 3702//3702 3883//3883 3700//3700
f 3724//3724 3681//3681 3878//3878
f 3878//3878 3681//3681 3680//3680
f 3878//3878 3680//3680 3881//3881
f 3881//3881 3680//3680 3684//3684
f 3881//3881 3684//3684 3686//3686
f 3868//3868 3872//3872 3869//3869
f 3869//3869 3872//3872 3871//3871
f 3869//3869 3871//3871 3884//3884
f 3884//3884 3871//3871 3885//3885
f 3884//3884 3885//3885 3886//3886
f 3886//3886 3885//3885 3883//3883
f 3886//3886 3883//3883 3887//3887
f 3887//3887 3883//3883 3708//3708
f 3887//3887 3708//3708 3882//3882
f 3882//3882 3708//3708 3710//3710
f 3882//3882 3710//3710 3712//3712
f 3714//3714 3716//3716 3882//3882
f 3882//3882 3716//3716 3718//3718
f 3882//3882 3718//3718 3878//3878
f 3878//3878 3718//3718 3720//3720
f 3878//3878 3720//3720 3722//3722
f 3692//3692 3694//3694 3879//3879
f 3879//3879 3694//3694 3696//3696
f 3879//3879 3696//3696 3883//3883
f 3883//3883 3696//3696 3698//3698
f 3883//3883 3698//3698 3700//3700
f 3888//3888 3889//3889 3882//3882
f 3882//3882 3889//3889 3890//3890
f 3882//3882 3890//3890 3887//3887
f 3678//3678 3891//3891 3892//3892
f 3646//3646 3648//3648 3893//3893
f 3656//3656 3658//3658 3894//3894
f 3668//3668 3670//3670 3895//3895
f 3896//3896 3660//3660 3897//3897
f 3897//3897 3660//3660 3662//3662
f 3662//3662 3664//3664 3666//3666
f 3877//3877 3898//3898 3845//3845
f 3845//3845 3898//3898 3895//3895
f 3845//3845 3895//3895 3846//3846
f 3898//3898 3897//3897 3895//3895
f 3895//3895 3897//3897 3662//3662
f 3895//3895 3662//3662 3668//3668
f 3668//3668 3662//3662 3666//3666
f 3678//3678 3634//3634 3899//3899
f 3899//3899 3634//3634 3636//3636
f 3899//3899 3636//3636 3638//3638
f 3670//3670 3672//3672 3895//3895
f 3895//3895 3672//3672 3674//3674
f 3895//3895 3674//3674 3892//3892
f 3892//3892 3674//3674 3676//3676
f 3892//3892 3676//3676 3678//3678
f 3638//3638 3640//3640 3899//3899
f 3899//3899 3640//3640 3642//3642
f 3899//3899 3642//3642 3893//3893
f 3893//3893 3642//3642 3644//3644
f 3893//3893 3644//3644 3646//3646
f 3648//3648 3650//3650 3893//3893
f 3893//3893 3650//3650 3652//3652
f 3893//3893 3652//3652 3894//3894
f 3894//3894 3652//3652 3654//3654
f 3894//3894 3654//3654 3656//3656
f 3678//3678 3899//3899 3891//3891
f 3891//3891 3899//3899 3900//3900
f 3891//3891 3900//3900 3901//3901
f 3658//3658 3660//3660 3894//3894
f 3894//3894 3660//3660 3896//3896
f 3894//3894 3896//3896 3902//3902
f 3902//3902 3896//3896 3903//3903
f 3904//3904 3905//3905 3906//3906
f 3592//3592 3905//3905 3588//3588
f 3588//3588 3905//3905 3907//3907
f 3588//3588 3907//3907 3589//3589
f 3908//3908 3620//3620 3622//3622
f 3608//3608 3610//3610 3909//3909
f 3909//3909 3610//3610 3612//3612
f 3904//3904 3906//3906 3854//3854
f 3854//3854 3906//3906 3910//3910
f 3854//3854 3910//3910 3855//3855
f 3608//3608 3909//3909 3606//3606
f 3606//3606 3909//3909 3911//3911
f 3606//3606 3911//3911 3912//3912
f 3612//3612 3614//3614 3909//3909
f 3909//3909 3614//3614 3616//3616
f 3909//3909 3616//3616 3908//3908
f 3908//3908 3616//3616 3618//3618
f 3908//3908 3618//3618 3620//3620
f 3589//3589 3913//3913 3632//3632
f 3632//3632 3913//3913 3630//3630
f 3598//3598 3906//3906 3596//3596
f 3596//3596 3906//3906 3905//3905
f 3596//3596 3905//3905 3594//3594
f 3594//3594 3905//3905 3592//3592
f 3598//3598 3600//3600 3906//3906
f 3906//3906 3600//3600 3602//3602
f 3906//3906 3602//3602 3912//3912
f 3912//3912 3602//3602 3604//3604
f 3912//3912 3604//3604 3606//3606
f 3622//3622 3624//3624 3908//3908
f 3908//3908 3624//3624 3626//3626
f 3908//3908 3626//3626 3913//3913
f 3913//3913 3626//3626 3628//3628
f 3913//3913 3628//3628 3630//3630
f 3589//3589 3907//3907 3913//3913
f 3913//3913 3907//3907 3914//3914
f 3913//3913 3914//3914 3915//3915
f 3860//3860 3849//3849 3778//3778
f 3778//3778 3849//3849 3775//3775
f 3849//3849 3858//3858 3775//3775
f 3775//3775 3858//3858 3779//3779
f 3858//3858 3857//3857 3779//3779
f 3779//3779 3857//3857 3785//3785
f 3857//3857 3856//3856 3785//3785
f 3785//3785 3856//3856 3786//3786
f 3856//3856 3859//3859 3786//3786
f 3786//3786 3859//3859 3787//3787
f 3859//3859 3851//3851 3787//3787
f 3787//3787 3851//3851 3794//3794
f 3851//3851 3850//3850 3794//3794
f 3794//3794 3850//3850 3783//3783
f 3850//3850 3867//3867 3783//3783
f 3783//3783 3867//3867 3804//3804
f 3867//3867 3869//3869 3804//3804
f 3804//3804 3869//3869 3803//3803
f 3886//3886 3839//3839 3884//3884
f 3884//3884 3839//3839 3835//3835
f 3884//3884 3835//3835 3869//3869
f 3869//3869 3835//3835 3803//3803
f 3886//3886 3887//3887 3839//3839
f 3839//3839 3887//3887 3840//3840
f 3840//3840 3887//3887 3841//3841
f 3841//3841 3887//3887 3890//3890
f 3841//3841 3890//3890 3842//3842
f 3842//3842 3890//3890 3889//3889
f 3889//3889 3888//3888 3842//3842
f 3842//3842 3888//3888 3843//3843
f 3843//3843 3888//3888 3838//3838
f 3838//3838 3888//3888 3882//3882
f 3838//3838 3882//3882 3833//3833
f 3833//3833 3882//3882 3878//3878
f 3878//3878 3881//3881 3833//3833
f 3833//3833 3881//3881 3837//3837
f 3881//3881 3880//3880 3837//3837
f 3837//3837 3880//3880 3831//3831
f 3880//3880 3879//3879 3831//3831
f 3831//3831 3879//3879 3832//3832
f 3879//3879 3883//3883 3832//3832
f 3832//3832 3883//3883 3834//3834
f 3883//3883 3885//3885 3834//3834
f 3834//3834 3885//3885 3836//3836
f 3873//3873 3798//3798 3871//3871
f 3871//3871 3798//3798 3801//3801
f 3871//3871 3801//3801 3885//3885
f 3885//3885 3801//3801 3836//3836
f 3873//3873 3875//3875 3798//3798
f 3798//3798 3875//3875 3796//3796
f 3846//3846 3820//3820 3844//3844
f 3844//3844 3820//3820 3796//3796
f 3844//3844 3796//3796 3875//3875
f 3820//3820 3846//3846 3821//3821
f 3821//3821 3846//3846 3895//3895
f 3821//3821 3895//3895 3822//3822
f 3895//3895 3892//3892 3822//3822
f 3822//3822 3892//3892 3829//3829
f 3829//3829 3892//3892 3772//3772
f 3772//3772 3892//3892 3891//3891
f 3772//3772 3891//3891 3773//3773
f 3773//3773 3891//3891 3901//3901
f 3901//3901 3900//3900 3773//3773
f 3773//3773 3900//3900 3774//3774
f 3774//3774 3900//3900 3823//3823
f 3823//3823 3900//3900 3899//3899
f 3823//3823 3899//3899 3818//3818
f 3818//3818 3899//3899 3893//3893
f 3818//3818 3893//3893 3819//3819
f 3819//3819 3893//3893 3894//3894
f 3819//3819 3894//3894 3827//3827
f 3827//3827 3894//3894 3902//3902
f 3902//3902 3903//3903 3827//3827
f 3827//3827 3903//3903 3828//3828
f 3828//3828 3903//3903 3826//3826
f 3826//3826 3903//3903 3896//3896
f 3826//3826 3896//3896 3824//3824
f 3824//3824 3896//3896 3897//3897
f 3897//3897 3898//3898 3824//3824
f 3824//3824 3898//3898 3825//3825
f 3876//3876 3830//3830 3877//3877
f 3877//3877 3830//3830 3825//3825
f 3877//3877 3825//3825 3898//3898
f 3830//3830 3876//3876 3793//3793
f 3793//3793 3876//3876 3863//3863
f 3793//3793 3863//3863 3791//3791
f 3863//3863 3866//3866 3791//3791
f 3791//3791 3866//3866 3790//3790
f 3910//3910 3816//3816 3855//3855
f 3855//3855 3816//3816 3789//3789
f 3855//3855 3789//3789 3866//3866
f 3866//3866 3789//3789 3790//3790
f 3910//3910 3906//3906 3816//3816
f 3816//3816 3906//3906 3810//3810
f 3906//3906 3912//3912 3810//3810
f 3810//3810 3912//3912 3806//3806
f 3912//3912 3911//3911 3806//3806
f 3806//3806 3911//3911 3807//3807
f 3911//3911 3909//3909 3807//3807
f 3807//3807 3909//3909 3808//3808
f 3909//3909 3908//3908 3808//3808
f 3808//3808 3908//3908 3805//3805
f 3805//3805 3908//3908 3809//3809
f 3809//3809 3908//3908 3913//3913
f 3809//3809 3913//3913 3811//3811
f 3811//3811 3913//3913 3915//3915
f 3915//3915 3914//3914 3811//3811
f 3811//3811 3914//3914 3812//3812
f 3812//3812 3914//3914 3813//3813
f 3813//3813 3914//3914 3907//3907
f 3813//3813 3907//3907 3814//3814
f 3814//3814 3907//3907 3905//3905
f 3905//3905 3904//3904 3814//3814
f 3814//3814 3904//3904 3815//3815
f 3853//3853 3784//3784 3854//3854
f 3854//3854 3784//3784 3817//3817
f 3854//3854 3817//3817 3904//3904
f 3904//3904 3817//3817 3815//3815
f 3853//3853 3870//3870 3784//3784
f 3784//3784 3870//3870 3780//3780
f 3870//3870 3862//3862 3780//3780
f 3780//3780 3862//3862 3781//3781
f 3862//3862 3861//3861 3781//3781
f 3781//3781 3861//3861 3788//3788
f 3861//3861 3852//3852 3788//3788
f 3788//3788 3852//3852 3782//3782
f 3852//3852 3848//3848 3782//3782
f 3782//3782 3848//3848 3776//3776
f 3848//3848 3847//3847 3776//3776
f 3776//3776 3847//3847 3777//3777
f 3847//3847 3860//3860 3777//3777
f 3777//3777 3860//3860 3778//3778
f 3555//3555 3571//3571 3553//3553
f 3553//3553 3571//3571 3572//3572
f 3553//3553 3572//3572 3551//3551
f 3551//3551 3572//3572 3574//3574
f 3551//3551 3574//3574 3549//3549
f 3549//3549 3574//3574 3576//3576
f 3549//3549 3576//3576 3547//3547
f 3547//3547 3576//3576 3578//3578
f 3547//3547 3578//3578 3545//3545
f 3545//3545 3578//3578 3580//3580
f 3545//3545 3580//3580 3544//3544
f 3544//3544 3580//3580 3582//3582
f 3569//3569 3570//3570 3573//3573
f 3573//3573 3570//3570 3802//3802
f 3573//3573 3802//3802 3575//3575
f 3575//3575 3802//3802 3800//3800
f 3575//3575 3800//3800 3577//3577
f 3577//3577 3800//3800 3799//3799
f 3577//3577 3799//3799 3579//3579
f 3579//3579 3799//3799 3797//3797
f 3579//3579 3797//3797 3581//3581
f 3581//3581 3797//3797 3792//3792
f 3581//3581 3792//3792 3557//3557
f 3557//3557 3792//3792 3558//3558
f 3538//3538 3539//3539 3546//3546
f 3546//3546 3539//3539 3865//3865
f 3546//3546 3865//3865 3548//3548
f 3548//3548 3865//3865 3864//3864
f 3548//3548 3864//3864 3550//3550
f 3550//3550 3864//3864 3874//3874
f 3550//3550 3874//3874 3552//3552
f 3552//3552 3874//3874 3872//3872
f 3552//3552 3872//3872 3554//3554
f 3554//3554 3872//3872 3868//3868
f 3554//3554 3868//3868 3526//3526
f 3526//3526 3868//3868 3527//3527
f 3916//3916 3917//3917 3918//3918
f 3918//3918 3917//3917 3919//3919
f 3916//3916 3918//3918 3920//3920
f 3920//3920 3918//3918 3921//3921
f 3920//3920 3921//3921 3922//3922
f 3922//3922 3921//3921 3923//3923
f 3922//3922 3923//3923 3924//3924
f 3924//3924 3923//3923 3925//3925
f 3924//3924 3925//3925 3926//3926
f 3926//3926 3925//3925 3927//3927
f 3926//3926 3927//3927 3928//3928
f 3928//3928 3927//3927 3929//3929
f 3928//3928 3929//3929 3930//3930
f 3930//3930 3929//3929 3931//3931
f 3932//3932 3930//3930 3933//3933
f 3933//3933 3930//3930 3931//3931
f 3932//3932 3933//3933 3934//3934
f 3934//3934 3933//3933 3935//3935
f 3934//3934 3935//3935 3936//3936
f 3936//3936 3935//3935 3937//3937
f 3936//3936 3937//3937 3938//3938
f 3938//3938 3937//3937 3939//3939
f 3940//3940 3941//3941 3942//3942
f 3942//3942 3941//3941 3943//3943
f 3944//3944 3945//3945 3946//3946
f 3944//3944 3946//3946 3947//3947
f 3947//3947 3946//3946 3948//3948
f 3947//3947 3948//3948 3949//3949
f 3949//3949 3948//3948 3950//3950
f 3949//3949 3950//3950 3951//3951
f 3944//3944 3952//3952 3945//3945
f 3945//3945 3952//3952 3953//3953
f 3940//3940 3942//3942 3954//3954
f 3940//3940 3954//3954 3955//3955
f 3955//3955 3954//3954 3956//3956
f 3955//3955 3956//3956 3957//3957
f 3957//3957 3956//3956 3958//3958
f 3957//3957 3958//3958 3959//3959
f 3959//3959 3958//3958 3960//3960
f 3959//3959 3960//3960 3961//3961
f 3961//3961 3960//3960 3962//3962
f 3961//3961 3962//3962 3963//3963
f 3963//3963 3962//3962 3953//3953
f 3963//3963 3953//3953 3952//3952
f 3919//3919 3945//3945 3918//3918
f 3918//3918 3945//3945 3953//3953
f 3918//3918 3953//3953 3921//3921
f 3921//3921 3953//3953 3962//3962
f 3921//3921 3962//3962 3923//3923
f 3923//3923 3962//3962 3960//3960
f 3923//3923 3960//3960 3925//3925
f 3925//3925 3960//3960 3958//3958
f 3925//3925 3958//3958 3927//3927
f 3927//3927 3958//3958 3956//3956
f 3927//3927 3956//3956 3929//3929
f 3929//3929 3956//3956 3954//3954
f 3929//3929 3954//3954 3931//3931
f 3931//3931 3954//3954 3942//3942
f 3931//3931 3942//3942 3933//3933
f 3933//3933 3942//3942 3943//3943
f 3933//3933 3943//3943 3935//3935
f 3935//3935 3943//3943 3964//3964
f 3935//3935 3964//3964 3937//3937
f 3937//3937 3964//3964 3965//3965
f 3937//3937 3965//3965 3939//3939
f 3939//3939 3965//3965 3950//3950
f 3939//3939 3950//3950 3966//3966
f 3966//3966 3950//3950 3948//3948
f 3966//3966 3948//3948 3967//3967
f 3967//3967 3948//3948 3946//3946
f 3967//3967 3946//3946 3919//3919
f 3919//3919 3946//3946 3945//3945
f 3916//3916 3952//3952 3917//3917
f 3917//3917 3952//3952 3944//3944
f 3917//3917 3944//3944 3968//3968
f 3968//3968 3944//3944 3947//3947
f 3968//3968 3947//3947 3969//3969
f 3969//3969 3947//3947 3949//3949
f 3969//3969 3949//3949 3938//3938
f 3938//3938 3949//3949 3951//3951
f 3938//3938 3951//3951 3936//3936
f 3936//3936 3951//3951 3970//3970
f 3936//3936 3970//3970 3934//3934
f 3934//3934 3970//3970 3971//3971
f 3934//3934 3971//3971 3932//3932
f 3932//3932 3971//3971 3941//3941
f 3932//3932 3941//3941 3930//3930
f 3930//3930 3941//3941 3940//3940
f 3930//3930 3940//3940 3928//3928
f 3928//3928 3940//3940 3955//3955
f 3928//3928 3955//3955 3926//3926
f 3926//3926 3955//3955 3957//3957
f 3926//3926 3957//3957 3924//3924
f 3924//3924 3957//3957 3959//3959
f 3924//3924 3959//3959 3922//3922
f 3922//3922 3959//3959 3961//3961
f 3922//3922 3961//3961 3920//3920
f 3920//3920 3961//3961 3963//3963
f 3920//3920 3963//3963 3916//3916
f 3916//3916 3963//3963 3952//3952
f 3951//3951 3950//3950 3965//3965
f 3951//3951 3965//3965 3970//3970
f 3970//3970 3965//3965 3964//3964
f 3970//3970 3964//3964 3971//3971
f 3971//3971 3964//3964 3943//3943
f 3971//3971 3943//3943 3941//3941
f 3938//3938 3939//3939 3969//3969
f 3969//3969 3939//3939 3966//3966
f 3969//3969 3966//3966 3968//3968
f 3968//3968 3966//3966 3967//3967
f 3968//3968 3967//3967 3917//3917
f 3917//3917 3967//3967 3919//3919
f 3972//3972 3973//3973 3974//3974
f 3972//3972 3974//3974 3975//3975
f 3975//3975 3974//3974 3976//3976
f 3975//3975 3976//3976 3977//3977
f 3977//3977 3976//3976 3978//3978
f 3977//3977 3978//3978 3979//3979
f 3980//3980 3981//3981 3982//3982
f 3982//3982 3981//3981 3983//3983
f 3982//3982 3983//3983 3984//3984
f 3984//3984 3983//3983 3985//3985
f 3984//3984 3985//3985 3979//3979
f 3981//3981 3972//3972 3983//3983
f 3983//3983 3972//3972 3975//3975
f 3983//3983 3975//3975 3985//3985
f 3985//3985 3975//3975 3977//3977
f 3985//3985 3977//3977 3979//3979
f 3986//3986 3980//3980 3987//3987
f 3987//3987 3980//3980 3982//3982
f 3987//3987 3982//3982 3988//3988
f 3988//3988 3982//3982 3984//3984
f 3988//3988 3984//3984 3979//3979
f 3979//3979 3989//3989 3990//3990
f 3979//3979 3990//3990 3988//3988
f 3988//3988 3990//3990 3991//3991
f 3988//3988 3991//3991 3987//3987
f 3987//3987 3991//3991 3992//3992
f 3987//3987 3992//3992 3986//3986
f 3993//3993 3972//3972 3981//3981
f 3993//3993 3981//3981 3994//3994
f 3994//3994 3981//3981 3980//3980
f 3994//3994 3980//3980 3995//3995
f 3995//3995 3980//3980 3986//3986
f 3995//3995 3986//3986 3996//3996
f 3997//3997 3998//3998 3999//3999
f 3999//3999 3998//3998 4000//4000
f 3999//3999 4000//4000 4001//4001
f 4001//4001 4000//4000 4002//4002
f 4001//4001 4002//4002 3989//3989
f 3998//3998 3992//3992 4000//4000
f 4000//4000 3992//3992 3991//3991
f 4000//4000 3991//3991 4002//4002
f 4002//4002 3991//3991 3990//3990
f 4002//4002 3990//3990 3989//3989
f 4003//4003 3997//3997 4004//4004
f 4004//4004 3997//3997 3999//3999
f 4004//4004 3999//3999 4005//4005
f 4005//4005 3999//3999 4001//4001
f 4005//4005 4001//4001 3989//3989
f 4006//4006 4007//4007 4008//4008
f 4008//4008 4007//4007 4009//4009
f 4008//4008 4009//4009 4010//4010
f 4010//4010 4009//4009 4011//4011
f 4010//4010 4011//4011 3993//3993
f 4007//4007 4012//4012 4009//4009
f 4009//4009 4012//4012 4013//4013
f 4009//4009 4013//4013 4011//4011
f 4011//4011 4013//4013 4014//4014
f 4011//4011 4014//4014 3993//3993
f 3996//3996 4006//4006 3995//3995
f 3995//3995 4006//4006 4008//4008
f 3995//3995 4008//4008 3994//3994
f 3994//3994 4008//4008 4010//4010
f 3994//3994 4010//4010 3993//3993
f 3989//3989 4015//4015 4016//4016
f 3989//3989 4016//4016 4005//4005
f 4005//4005 4016//4016 4017//4017
f 4005//4005 4017//4017 4004//4004
f 4004//4004 4017//4017 4018//4018
f 4004//4004 4018//4018 4003//4003
f 4003//4003 4019//4019 4020//4020
f 4003//4003 4020//4020 3997//3997
f 3997//3997 4020//4020 4021//4021
f 3997//3997 4021//4021 3998//3998
f 3998//3998 4021//4021 4022//4022
f 3998//3998 4022//4022 3992//3992
f 4023//4023 4012//4012 4007//4007
f 4023//4023 4007//4007 4024//4024
f 4024//4024 4007//4007 4006//4006
f 4024//4024 4006//4006 4025//4025
f 4025//4025 4006//4006 3996//3996
f 4025//4025 3996//3996 4022//4022
f 4012//4012 4026//4026 4027//4027
f 4012//4012 4027//4027 4013//4013
f 4013//4013 4027//4027 4028//4028
f 4013//4013 4028//4028 4014//4014
f 4014//4014 4028//4028 4029//4029
f 4014//4014 4029//4029 3993//3993
f 4022//4022 4021//4021 4030//4030
f 4019//4019 4031//4031 4032//4032
f 4021//4021 4033//4033 4030//4030
f 4030//4030 4033//4033 4032//4032
f 4030//4030 4032//4032 4034//4034
f 4034//4034 4032//4032 4031//4031
f 4034//4034 4031//4031 4035//4035
f 4022//4022 4030//4030 4025//4025
f 4025//4025 4030//4030 4034//4034
f 4025//4025 4034//4034 4024//4024
f 4024//4024 4034//4034 4035//4035
f 4024//4024 4035//4035 4023//4023
f 4033//4033 4019//4019 4032//4032
f 4021//4021 4020//4020 4033//4033
f 4033//4033 4020//4020 4019//4019
f 4019//4019 4036//4036 4037//4037
f 4019//4019 4037//4037 4031//4031
f 4031//4031 4037//4037 4038//4038
f 4031//4031 4038//4038 4035//4035
f 4035//4035 4038//4038 4039//4039
f 4035//4035 4039//4039 4023//4023
f 4029//4029 4036//4036 3973//3973
f 3973//3973 4036//4036 4018//4018
f 4038//4038 4037//4037 4039//4039
f 4039//4039 4037//4037 4036//4036
f 4039//4039 4036//4036 4026//4026
f 4026//4026 4036//4036 4029//4029
f 4026//4026 4029//4029 4027//4027
f 4027//4027 4029//4029 4028//4028
f 3976//3976 3974//3974 3978//3978
f 3978//3978 3974//3974 3973//3973
f 3978//3978 3973//3973 4015//4015
f 4015//4015 3973//3973 4018//4018
f 4015//4015 4018//4018 4016//4016
f 4016//4016 4018//4018 4017//4017
f 3992//3992 4022//4022 3986//3986
f 3986//3986 4022//4022 3996//3996
f 3978//3978 4015//4015 3979//3979
f 3979//3979 4015//4015 3989//3989
f 3972//3972 3993//3993 3973//3973
f 3973//3973 3993//3993 4029//4029
f 4012//4012 4023//4023 4026//4026
f 4026//4026 4023//4023 4039//4039
f 4018//4018 4036//4036 4003//4003
f 4003//4003 4036//4036 4019//4019
f 4040//4040 4041//4041 4042//4042
f 4042//4042 4041//4041 4043//4043
f 4044//4044 4045//4045 4046//4046
f 4046//4046 4045//4045 4047//4047
f 4046//4046 4047//4047 4043//4043
f 4043//4043 4047//4047 4042//4042
f 4048//4048 4049//4049 4050//4050
f 4050//4050 4049//4049 4051//4051
f 4049//4049 4048//4048 4052//4052
f 4052//4052 4048//4048 4053//4053
f 4052//4052 4053//4053 4054//4054
f 4054//4054 4053//4053 4055//4055
f 4056//4056 4057//4057 4058//4058
f 4058//4058 4057//4057 4059//4059
f 4057//4057 4056//4056 4060//4060
f 4060//4060 4056//4056 4061//4061
f 4060//4060 4061//4061 4062//4062
f 4062//4062 4061//4061 4063//4063
f 4064//4064 4065//4065 4066//4066
f 4066//4066 4065//4065 4067//4067
f 4068//4068 4069//4069 4070//4070
f 4070//4070 4069//4069 4071//4071
f 4070//4070 4071//4071 4067//4067
f 4067//4067 4071//4071 4066//4066
f 4059//4059 4065//4065 4058//4058
f 4058//4058 4065//4065 4064//4064
f 4050//4050 4051//4051 4040//4040
f 4040//4040 4051//4051 4041//4041
f 4060//4060 4046//4046 4057//4057
f 4057//4057 4046//4046 4043//4043
f 4041//4041 4051//4051 4043//4043
f 4043//4043 4051//4051 4049//4049
f 4052//4052 4070//4070 4049//4049
f 4049//4049 4070//4070 4067//4067
f 4049//4049 4067//4067 4043//4043
f 4043//4043 4067//4067 4065//4065
f 4043//4043 4065//4065 4057//4057
f 4057//4057 4065//4065 4059//4059
f 4054//4054 4068//4068 4052//4052
f 4052//4052 4068//4068 4070//4070
f 4055//4055 4069//4069 4054//4054
f 4054//4054 4069//4069 4068//4068
f 4053//4053 4071//4071 4055//4055
f 4055//4055 4071//4071 4069//4069
f 4050//4050 4040//4040 4042//4042
f 4047//4047 4061//4061 4042//4042
f 4042//4042 4061//4061 4056//4056
f 4042//4042 4056//4056 4050//4050
f 4050//4050 4056//4056 4048//4048
f 4071//4071 4053//4053 4066//4066
f 4066//4066 4053//4053 4048//4048
f 4048//4048 4056//4056 4066//4066
f 4066//4066 4056//4056 4058//4058
f 4066//4066 4058//4058 4064//4064
f 4061//4061 4047//4047 4063//4063
f 4063//4063 4047//4047 4045//4045
f 4063//4063 4045//4045 4062//4062
f 4062//4062 4045//4045 4044//4044
f 4062//4062 4044//4044 4060//4060
f 4060//4060 4044//4044 4046//4046
f 4072//4072 4073//4073 4074//4074
f 4074//4074 4073//4073 4075//4075
f 4074//4074 4075//4075 4076//4076
f 4076//4076 4075//4075 4077//4077
f 4076//4076 4077//4077 4078//4078
f 4078//4078 4077//4077 4079//4079
f 4078//4078 4079//4079 4080//4080
f 4080//4080 4079//4079 4081//4081
f 4080//4080 4081//4081 4082//4082
f 4082//4082 4081//4081 4083//4083
f 4082//4082 4083//4083 4084//4084
f 4084//4084 4083//4083 4085//4085
f 4086//4086 4076//4076 4087//4087
f 4087//4087 4076//4076 4078//4078
f 4087//4087 4078//4078 4088//4088
f 4088//4088 4078//4078 4080//4080
f 4088//4088 4080//4080 4089//4089
f 4089//4089 4080//4080 4082//4082
f 4089//4089 4082//4082 4090//4090
f 4090//4090 4082//4082 4084//4084
f 4090//4090 4084//4084 4091//4091
f 4091//4091 4084//4084 4092//4092
f 4091//4091 4092//4092 4093//4093
f 4093//4093 4092//4092 4094//4094
f 4093//4093 4094//4094 4095//4095
f 4095//4095 4094//4094 4096//4096
f 4095//4095 4096//4096 4097//4097
f 4097//4097 4096//4096 4098//4098
f 4097//4097 4098//4098 4099//4099
f 4099//4099 4098//4098 4100//4100
f 4099//4099 4100//4100 4101//4101
f 4101//4101 4100//4100 4072//4072
f 4101//4101 4072//4072 4102//4102
f 4102//4102 4072//4072 4074//4074
f 4102//4102 4074//4074 4086//4086
f 4086//4086 4074//4074 4076//4076
f 4103//4103 4104//4104 4105//4105
f 4105//4105 4104//4104 4106//4106
f 4105//4105 4106//4106 4107//4107
f 4107//4107 4106//4106 4108//4108
f 4107//4107 4108//4108 4109//4109
f 4109//4109 4108//4108 4110//4110
f 4109//4109 4110//4110 4111//4111
f 4111//4111 4110//4110 4112//4112
f 4111//4111 4112//4112 4113//4113
f 4113//4113 4112//4112 4114//4114
f 4113//4113 4114//4114 4115//4115
f 4115//4115 4114//4114 4116//4116
f 4117//4117 4115//4115 4118//4118
f 4118//4118 4115//4115 4119//4119
f 4118//4118 4119//4119 4120//4120
f 4120//4120 4119//4119 4121//4121
f 4120//4120 4121//4121 4122//4122
f 4122//4122 4121//4121 4123//4123
f 4122//4122 4123//4123 4124//4124
f 4124//4124 4123//4123 4125//4125
f 4124//4124 4125//4125 4126//4126
f 4126//4126 4125//4125 4127//4127
f 4126//4126 4127//4127 4128//4128
f 4128//4128 4127//4127 4103//4103
f 4128//4128 4103//4103 4129//4129
f 4129//4129 4103//4103 4105//4105
f 4129//4129 4105//4105 4130//4130
f 4130//4130 4105//4105 4107//4107
f 4130//4130 4107//4107 4131//4131
f 4131//4131 4107//4107 4109//4109
f 4131//4131 4109//4109 4132//4132
f 4132//4132 4109//4109 4111//4111
f 4132//4132 4111//4111 4133//4133
f 4133//4133 4111//4111 4113//4113
f 4133//4133 4113//4113 4117//4117
f 4117//4117 4113//4113 4115//4115
f 4134//4134 4135//4135 4136//4136
f 4136//4136 4135//4135 4137//4137
f 4138//4138 4134//4134 4139//4139
f 4139//4139 4134//4134 4136//4136
f 4140//4140 4138//4138 4141//4141
f 4141//4141 4138//4138 4139//4139
f 4140//4140 4141//4141 4142//4142
f 4142//4142 4141//4141 4143//4143
f 4142//4142 4143//4143 4144//4144
f 4144//4144 4143//4143 4145//4145
f 4144//4144 4145//4145 4146//4146
f 4146//4146 4145//4145 4147//4147
f 4146//4146 4147//4147 4148//4148
f 4148//4148 4147//4147 4149//4149
f 4150//4150 4148//4148 4151//4151
f 4151//4151 4148//4148 4149//4149
f 4152//4152 4150//4150 4153//4153
f 4153//4153 4150//4150 4151//4151
f 4154//4154 4152//4152 4155//4155
f 4155//4155 4152//4152 4153//4153
f 4154//4154 4155//4155 4156//4156
f 4156//4156 4155//4155 4157//4157
f 4156//4156 4157//4157 4158//4158
f 4158//4158 4157//4157 4159//4159
f 4158//4158 4159//4159 4160//4160
f 4160//4160 4159//4159 4161//4161
f 4160//4160 4161//4161 4162//4162
f 4162//4162 4161//4161 4163//4163
f 4164//4164 4162//4162 4165//4165
f 4165//4165 4162//4162 4163//4163
f 4164//4164 4165//4165 4166//4166
f 4166//4166 4165//4165 4167//4167
f 4166//4166 4167//4167 4168//4168
f 4168//4168 4167//4167 4169//4169
f 4168//4168 4169//4169 4170//4170
f 4170//4170 4169//4169 4171//4171
f 4172//4172 4170//4170 4173//4173
f 4173//4173 4170//4170 4171//4171
f 4172//4172 4173//4173 4174//4174
f 4174//4174 4173//4173 4175//4175
f 4174//4174 4175//4175 4176//4176
f 4176//4176 4175//4175 4177//4177
f 4176//4176 4177//4177 4178//4178
f 4178//4178 4177//4177 4179//4179
f 4178//4178 4179//4179 4135//4135
f 4135//4135 4179//4179 4137//4137
f 4180//4180 4181//4181 4182//4182
f 4182//4182 4181//4181 4183//4183
f 4182//4182 4183//4183 4184//4184
f 4184//4184 4183//4183 4185//4185
f 4184//4184 4185//4185 4186//4186
f 4186//4186 4185//4185 4187//4187
f 4186//4186 4187//4187 4188//4188
f 4188//4188 4187//4187 4189//4189
f 4190//4190 4188//4188 4191//4191
f 4191//4191 4188//4188 4189//4189
f 4190//4190 4191//4191 4192//4192
f 4192//4192 4191//4191 4193//4193
f 4192//4192 4193//4193 4194//4194
f 4194//4194 4193//4193 4195//4195
f 4194//4194 4195//4195 4196//4196
f 4196//4196 4195//4195 4197//4197
f 4198//4198 4196//4196 4199//4199
f 4199//4199 4196//4196 4197//4197
f 4198//4198 4199//4199 4200//4200
f 4200//4200 4199//4199 4201//4201
f 4200//4200 4201//4201 4202//4202
f 4202//4202 4201//4201 4203//4203
f 4202//4202 4203//4203 4204//4204
f 4204//4204 4203//4203 4205//4205
f 4204//4204 4205//4205 4206//4206
f 4206//4206 4205//4205 4207//4207
f 4208//4208 4206//4206 4209//4209
f 4209//4209 4206//4206 4207//4207
f 4210//4210 4208//4208 4211//4211
f 4211//4211 4208//4208 4209//4209
f 4212//4212 4210//4210 4213//4213
f 4213//4213 4210//4210 4211//4211
f 4212//4212 4213//4213 4214//4214
f 4214//4214 4213//4213 4215//4215
f 4214//4214 4215//4215 4216//4216
f 4216//4216 4215//4215 4217//4217
f 4216//4216 4217//4217 4218//4218
f 4218//4218 4217//4217 4219//4219
f 4218//4218 4219//4219 4220//4220
f 4220//4220 4219//4219 4221//4221
f 4222//4222 4220//4220 4223//4223
f 4223//4223 4220//4220 4221//4221
f 4224//4224 4222//4222 4225//4225
f 4225//4225 4222//4222 4223//4223
f 4180//4180 4224//4224 4181//4181
f 4181//4181 4224//4224 4225//4225
f 4090//4090 4128//4128 4089//4089
f 4089//4089 4128//4128 4129//4129
f 4089//4089 4129//4129 4088//4088
f 4088//4088 4129//4129 4130//4130
f 4088//4088 4130//4130 4087//4087
f 4087//4087 4130//4130 4131//4131
f 4087//4087 4131//4131 4086//4086
f 4086//4086 4131//4131 4132//4132
f 4086//4086 4132//4132 4102//4102
f 4102//4102 4132//4132 4133//4133
f 4102//4102 4133//4133 4101//4101
f 4101//4101 4133//4133 4117//4117
f 4226//4226 4227//4227 4228//4228
f 4228//4228 4227//4227 4229//4229
f 4226//4226 4228//4228 4230//4230
f 4230//4230 4228//4228 4231//4231
f 4230//4230 4231//4231 4232//4232
f 4232//4232 4231//4231 4233//4233
f 4232//4232 4233//4233 4234//4234
f 4234//4234 4233//4233 4235//4235
f 4234//4234 4235//4235 4236//4236
f 4236//4236 4235//4235 4237//4237
f 4238//4238 4236//4236 4239//4239
f 4239//4239 4236//4236 4237//4237
f 4240//4240 4238//4238 4241//4241
f 4241//4241 4238//4238 4239//4239
f 4242//4242 4240//4240 4243//4243
f 4243//4243 4240//4240 4241//4241
f 4242//4242 4243//4243 4244//4244
f 4244//4244 4243//4243 4245//4245
f 4244//4244 4245//4245 4246//4246
f 4246//4246 4245//4245 4247//4247
f 4246//4246 4247//4247 4248//4248
f 4248//4248 4247//4247 4249//4249
f 4248//4248 4249//4249 4250//4250
f 4250//4250 4249//4249 4251//4251
f 4252//4252 4250//4250 4253//4253
f 4253//4253 4250//4250 4251//4251
f 4254//4254 4252//4252 4255//4255
f 4255//4255 4252//4252 4253//4253
f 4256//4256 4254//4254 4257//4257
f 4257//4257 4254//4254 4255//4255
f 4256//4256 4257//4257 4258//4258
f 4258//4258 4257//4257 4259//4259
f 4258//4258 4259//4259 4260//4260
f 4260//4260 4259//4259 4261//4261
f 4260//4260 4261//4261 4262//4262
f 4262//4262 4261//4261 4263//4263
f 4262//4262 4263//4263 4264//4264
f 4264//4264 4263//4263 4265//4265
f 4266//4266 4264//4264 4267//4267
f 4267//4267 4264//4264 4265//4265
f 4266//4266 4267//4267 4268//4268
f 4268//4268 4267//4267 4269//4269
f 4268//4268 4269//4269 4270//4270
f 4270//4270 4269//4269 4271//4271
f 4270//4270 4271//4271 4227//4227
f 4227//4227 4271//4271 4229//4229
f 4272//4272 4273//4273 4274//4274
f 4274//4274 4273//4273 4275//4275
f 4272//4272 4274//4274 4276//4276
f 4276//4276 4274//4274 4277//4277
f 4276//4276 4277//4277 4278//4278
f 4278//4278 4277//4277 4279//4279
f 4278//4278 4279//4279 4280//4280
f 4280//4280 4279//4279 4281//4281
f 4280//4280 4281//4281 4282//4282
f 4282//4282 4281//4281 4283//4283
f 4284//4284 4282//4282 4285//4285
f 4285//4285 4282//4282 4283//4283
f 4286//4286 4284//4284 4287//4287
f 4287//4287 4284//4284 4285//4285
f 4288//4288 4286//4286 4289//4289
f 4289//4289 4286//4286 4287//4287
f 4288//4288 4289//4289 4290//4290
f 4290//4290 4289//4289 4291//4291
f 4290//4290 4291//4291 4292//4292
f 4292//4292 4291//4291 4293//4293
f 4292//4292 4293//4293 4294//4294
f 4294//4294 4293//4293 4295//4295
f 4294//4294 4295//4295 4296//4296
f 4296//4296 4295//4295 4297//4297
f 4298//4298 4296//4296 4299//4299
f 4299//4299 4296//4296 4297//4297
f 4300//4300 4298//4298 4301//4301
f 4301//4301 4298//4298 4299//4299
f 4302//4302 4300//4300 4303//4303
f 4303//4303 4300//4300 4301//4301
f 4302//4302 4303//4303 4304//4304
f 4304//4304 4303//4303 4305//4305
f 4304//4304 4305//4305 4306//4306
f 4306//4306 4305//4305 4307//4307
f 4306//4306 4307//4307 4308//4308
f 4308//4308 4307//4307 4309//4309
f 4308//4308 4309//4309 4310//4310
f 4310//4310 4309//4309 4311//4311
f 4312//4312 4310//4310 4313//4313
f 4313//4313 4310//4310 4311//4311
f 4312//4312 4313//4313 4314//4314
f 4314//4314 4313//4313 4315//4315
f 4314//4314 4315//4315 4316//4316
f 4316//4316 4315//4315 4317//4317
f 4316//4316 4317//4317 4273//4273
f 4273//4273 4317//4317 4275//4275
f 4318//4318 4319//4319 4320//4320
f 4321//4321 4317//4317 4315//4315
f 4307//4307 4305//4305 4322//4322
f 4323//4323 4324//4324 4301//4301
f 4301//4301 4324//4324 4322//4322
f 4301//4301 4322//4322 4303//4303
f 4303//4303 4322//4322 4305//4305
f 4283//4283 4281//4281 4325//4325
f 4325//4325 4281//4281 4279//4279
f 4326//4326 4327//4327 4328//4328
f 4283//4283 4325//4325 4285//4285
f 4285//4285 4325//4325 4329//4329
f 4285//4285 4329//4329 4330//4330
f 4279//4279 4277//4277 4325//4325
f 4325//4325 4277//4277 4274//4274
f 4325//4325 4274//4274 4321//4321
f 4321//4321 4274//4274 4275//4275
f 4321//4321 4275//4275 4317//4317
f 4301//4301 4299//4299 4297//4297
f 4328//4328 4295//4295 4293//4293
f 4327//4327 4323//4323 4328//4328
f 4328//4328 4323//4323 4301//4301
f 4328//4328 4301//4301 4295//4295
f 4295//4295 4301//4301 4297//4297
f 4293//4293 4291//4291 4328//4328
f 4328//4328 4291//4291 4289//4289
f 4328//4328 4289//4289 4330//4330
f 4330//4330 4289//4289 4287//4287
f 4330//4330 4287//4287 4285//4285
f 4331//4331 4332//4332 4333//4333
f 4315//4315 4313//4313 4321//4321
f 4321//4321 4313//4313 4311//4311
f 4321//4321 4311//4311 4322//4322
f 4322//4322 4311//4311 4309//4309
f 4322//4322 4309//4309 4307//4307
f 4112//4112 4110//4110 4334//4334
f 4334//4334 4110//4110 4335//4335
f 4336//4336 4116//4116 4114//4114
f 4331//4331 4333//4333 4337//4337
f 4337//4337 4333//4333 4338//4338
f 4337//4337 4338//4338 4339//4339
f 4108//4108 4106//4106 4340//4340
f 4340//4340 4106//4106 4104//4104
f 4340//4340 4104//4104 4341//4341
f 4341//4341 4104//4104 4332//4332
f 4341//4341 4332//4332 4342//4342
f 4342//4342 4332//4332 4331//4331
f 4342//4342 4331//4331 4343//4343
f 4328//4328 4344//4344 4326//4326
f 4326//4326 4344//4344 4336//4336
f 4326//4326 4336//4336 4334//4334
f 4334//4334 4336//4336 4114//4114
f 4334//4334 4114//4114 4112//4112
f 4116//4116 4336//4336 4345//4345
f 4345//4345 4336//4336 4346//4346
f 4345//4345 4346//4346 4339//4339
f 4339//4339 4346//4346 4347//4347
f 4339//4339 4347//4347 4337//4337
f 3516//3516 4169//4169 4167//4167
f 4167//4167 4165//4165 3516//3516
f 3516//3516 4165//4165 4163//4163
f 3516//3516 4163//4163 4348//4348
f 4348//4348 4163//4163 4161//4161
f 4161//4161 4159//4159 4348//4348
f 4348//4348 4159//4159 4157//4157
f 4348//4348 4157//4157 4155//4155
f 4136//4136 4137//4137 4349//4349
f 4349//4349 4137//4137 4179//4179
f 4349//4349 4179//4179 4177//4177
f 4350//4350 4351//4351 4141//4141
f 4141//4141 4351//4351 4143//4143
f 4110//4110 4108//4108 4335//4335
f 4335//4335 4108//4108 4340//4340
f 4335//4335 4340//4340 4352//4352
f 4352//4352 4340//4340 4353//4353
f 4352//4352 4353//4353 4354//4354
f 4354//4354 4353//4353 4355//4355
f 4354//4354 4355//4355 4351//4351
f 4351//4351 4355//4355 4356//4356
f 4351//4351 4356//4356 4153//4153
f 4153//4153 4356//4356 4357//4357
f 4153//4153 4357//4357 4155//4155
f 4155//4155 4357//4357 4358//4358
f 4155//4155 4358//4358 4348//4348
f 4177//4177 4175//4175 4349//4349
f 4349//4349 4175//4175 4173//4173
f 4349//4349 4173//4173 3516//3516
f 3516//3516 4173//4173 4171//4171
f 3516//3516 4171//4171 4169//4169
f 4151//4151 4149//4149 4153//4153
f 4153//4153 4149//4149 4147//4147
f 4153//4153 4147//4147 4351//4351
f 4351//4351 4147//4147 4145//4145
f 4351//4351 4145//4145 4143//4143
f 4359//4359 4360//4360 4349//4349
f 4349//4349 4360//4360 4361//4361
f 4349//4349 4361//4361 4136//4136
f 4136//4136 4361//4361 4350//4350
f 4136//4136 4350//4350 4139//4139
f 4139//4139 4350//4350 4141//4141
f 4362//4362 4195//4195 4193//4193
f 4203//4203 4201//4201 4363//4363
f 4363//4363 4201//4201 4199//4199
f 4363//4363 4199//4199 4362//4362
f 4362//4362 4199//4199 4197//4197
f 4362//4362 4197//4197 4195//4195
f 4331//4331 4364//4364 4343//4343
f 4343//4343 4364//4364 4365//4365
f 4343//4343 4365//4365 4366//4366
f 4209//4209 4207//4207 4363//4363
f 4363//4363 4207//4207 4205//4205
f 4363//4363 4205//4205 4203//4203
f 4185//4185 4183//4183 4367//4367
f 4367//4367 4183//4183 4181//4181
f 4193//4193 4191//4191 4362//4362
f 4362//4362 4191//4191 4189//4189
f 4362//4362 4189//4189 4367//4367
f 4367//4367 4189//4189 4187//4187
f 4367//4367 4187//4187 4185//4185
f 4223//4223 4221//4221 4225//4225
f 4225//4225 4221//4221 4219//4219
f 4225//4225 4219//4219 4368//4368
f 4368//4368 4219//4219 4217//4217
f 4217//4217 4215//4215 4368//4368
f 4368//4368 4215//4215 4213//4213
f 4368//4368 4213//4213 4369//4369
f 4369//4369 4213//4213 4211//4211
f 4211//4211 4209//4209 4369//4369
f 4369//4369 4209//4209 4363//4363
f 4369//4369 4363//4363 4370//4370
f 4370//4370 4363//4363 4371//4371
f 4370//4370 4371//4371 4372//4372
f 4320//4320 4367//4367 4318//4318
f 4318//4318 4367//4367 4181//4181
f 4318//4318 4181//4181 4373//4373
f 4373//4373 4181//4181 4225//4225
f 4373//4373 4225//4225 4366//4366
f 4366//4366 4225//4225 4368//4368
f 4366//4366 4368//4368 4343//4343
f 4343//4343 4368//4368 4374//4374
f 4343//4343 4374//4374 4342//4342
f 4239//4239 4375//4375 4376//4376
f 4271//4271 4269//4269 4377//4377
f 4346//4346 4378//4378 4347//4347
f 4347//4347 4378//4378 4379//4379
f 4347//4347 4379//4379 4380//4380
f 4261//4261 4259//4259 4381//4381
f 4381//4381 4259//4259 4257//4257
f 4382//4382 4245//4245 4243//4243
f 4383//4383 4235//4235 4233//4233
f 4269//4269 4267//4267 4377//4377
f 4377//4377 4267//4267 4265//4265
f 4377//4377 4265//4265 4381//4381
f 4381//4381 4265//4265 4263//4263
f 4381//4381 4263//4263 4261//4261
f 4375//4375 4239//4239 4383//4383
f 4383//4383 4239//4239 4237//4237
f 4383//4383 4237//4237 4235//4235
f 4233//4233 4231//4231 4383//4383
f 4383//4383 4231//4231 4228//4228
f 4383//4383 4228//4228 4377//4377
f 4377//4377 4228//4228 4229//4229
f 4377//4377 4229//4229 4271//4271
f 4382//4382 4243//4243 4376//4376
f 4376//4376 4243//4243 4241//4241
f 4376//4376 4241//4241 4239//4239
f 4253//4253 4251//4251 4255//4255
f 4255//4255 4251//4251 4249//4249
f 4255//4255 4249//4249 4382//4382
f 4382//4382 4249//4249 4247//4247
f 4382//4382 4247//4247 4245//4245
f 4380//4380 4379//4379 4382//4382
f 4382//4382 4379//4379 4384//4384
f 4382//4382 4384//4384 4255//4255
f 4255//4255 4384//4384 4385//4385
f 4255//4255 4385//4385 4257//4257
f 4257//4257 4385//4385 4386//4386
f 4257//4257 4386//4386 4381//4381
f 4381//4381 4386//4386 4387//4387
f 4381//4381 4387//4387 4388//4388
f 4389//4389 4390//4390 4322//4322
f 4322//4322 4390//4390 4321//4321
f 4390//4390 4391//4391 4321//4321
f 4321//4321 4391//4391 4325//4325
f 4391//4391 4392//4392 4325//4325
f 4325//4325 4392//4392 4329//4329
f 4392//4392 4393//4393 4329//4329
f 4329//4329 4393//4393 4330//4330
f 4393//4393 4394//4394 4330//4330
f 4330//4330 4394//4394 4328//4328
f 4394//4394 4395//4395 4328//4328
f 4328//4328 4395//4395 4344//4344
f 4395//4395 4396//4396 4344//4344
f 4344//4344 4396//4396 4336//4336
f 4396//4396 4397//4397 4336//4336
f 4336//4336 4397//4397 4346//4346
f 4397//4397 4398//4398 4346//4346
f 4346//4346 4398//4398 4378//4378
f 4399//4399 4384//4384 4400//4400
f 4400//4400 4384//4384 4379//4379
f 4400//4400 4379//4379 4398//4398
f 4398//4398 4379//4379 4378//4378
f 4399//4399 4401//4401 4384//4384
f 4384//4384 4401//4401 4385//4385
f 4385//4385 4401//4401 4386//4386
f 4386//4386 4401//4401 4402//4402
f 4386//4386 4402//4402 4387//4387
f 4387//4387 4402//4402 4403//4403
f 4403//4403 4404//4404 4387//4387
f 4387//4387 4404//4404 4388//4388
f 4388//4388 4404//4404 4381//4381
f 4381//4381 4404//4404 4405//4405
f 4381//4381 4405//4405 4377//4377
f 4377//4377 4405//4405 4406//4406
f 4406//4406 4407//4407 4377//4377
f 4377//4377 4407//4407 4383//4383
f 4407//4407 4408//4408 4383//4383
f 4383//4383 4408//4408 4375//4375
f 4408//4408 4409//4409 4375//4375
f 4375//4375 4409//4409 4376//4376
f 4409//4409 4410//4410 4376//4376
f 4376//4376 4410//4410 4382//4382
f 4410//4410 4411//4411 4382//4382
f 4382//4382 4411//4411 4380//4380
f 4412//4412 4337//4337 4413//4413
f 4413//4413 4337//4337 4347//4347
f 4413//4413 4347//4347 4411//4411
f 4411//4411 4347//4347 4380//4380
f 4412//4412 4414//4414 4337//4337
f 4337//4337 4414//4414 4331//4331
f 4415//4415 4364//4364 4416//4416
f 4416//4416 4364//4364 4331//4331
f 4416//4416 4331//4331 4414//4414
f 4364//4364 4415//4415 4365//4365
f 4365//4365 4415//4415 4417//4417
f 4365//4365 4417//4417 4366//4366
f 4417//4417 4418//4418 4366//4366
f 4366//4366 4418//4418 4373//4373
f 4373//4373 4418//4418 4318//4318
f 4318//4318 4418//4418 4419//4419
f 4318//4318 4419//4419 4319//4319
f 4319//4319 4419//4419 4420//4420
f 4420//4420 4421//4421 4319//4319
f 4319//4319 4421//4421 4320//4320
f 4320//4320 4421//4421 4367//4367
f 4367//4367 4421//4421 4422//4422
f 4367//4367 4422//4422 4362//4362
f 4362//4362 4422//4422 4423//4423
f 4362//4362 4423//4423 4363//4363
f 4363//4363 4423//4423 4424//4424
f 4363//4363 4424//4424 4371//4371
f 4371//4371 4424//4424 4425//4425
f 4425//4425 4426//4426 4371//4371
f 4371//4371 4426//4426 4372//4372
f 4372//4372 4426//4426 4370//4370
f 4370//4370 4426//4426 4427//4427
f 4370//4370 4427//4427 4369//4369
f 4369//4369 4427//4427 4428//4428
f 4428//4428 4429//4429 4369//4369
f 4369//4369 4429//4429 4368//4368
f 4430//4430 4374//4374 4431//4431
f 4431//4431 4374//4374 4368//4368
f 4431//4431 4368//4368 4429//4429
f 4374//4374 4430//4430 4342//4342
f 4342//4342 4430//4430 4432//4432
f 4342//4342 4432//4432 4341//4341
f 4432//4432 4433//4433 4341//4341
f 4341//4341 4433//4433 4340//4340
f 4434//4434 4355//4355 4435//4435
f 4435//4435 4355//4355 4353//4353
f 4435//4435 4353//4353 4433//4433
f 4433//4433 4353//4353 4340//4340
f 4434//4434 4436//4436 4355//4355
f 4355//4355 4436//4436 4356//4356
f 4436//4436 4437//4437 4356//4356
f 4356//4356 4437//4437 4357//4357
f 4437//4437 4438//4438 4357//4357
f 4357//4357 4438//4438 4358//4358
f 4438//4438 4439//4439 4358//4358
f 4358//4358 4439//4439 4348//4348
f 4439//4439 4440//4440 4348//4348
f 4348//4348 4440//4440 3516//3516
f 3516//3516 4440//4440 4349//4349
f 4349//4349 4440//4440 4441//4441
f 4349//4349 4441//4441 4359//4359
f 4359//4359 4441//4441 4442//4442
f 4442//4442 4443//4443 4359//4359
f 4359//4359 4443//4443 4360//4360
f 4360//4360 4443//4443 4361//4361
f 4361//4361 4443//4443 4444//4444
f 4361//4361 4444//4444 4350//4350
f 4350//4350 4444//4444 4445//4445
f 4445//4445 4446//4446 4350//4350
f 4350//4350 4446//4446 4351//4351
f 4447//4447 4352//4352 4448//4448
f 4448//4448 4352//4352 4354//4354
f 4448//4448 4354//4354 4446//4446
f 4446//4446 4354//4354 4351//4351
f 4447//4447 4449//4449 4352//4352
f 4352//4352 4449//4449 4335//4335
f 4449//4449 4450//4450 4335//4335
f 4335//4335 4450//4450 4334//4334
f 4450//4450 4451//4451 4334//4334
f 4334//4334 4451//4451 4326//4326
f 4451//4451 4452//4452 4326//4326
f 4326//4326 4452//4452 4327//4327
f 4452//4452 4453//4453 4327//4327
f 4327//4327 4453//4453 4323//4323
f 4453//4453 4454//4454 4323//4323
f 4323//4323 4454//4454 4324//4324
f 4454//4454 4389//4389 4324//4324
f 4324//4324 4389//4389 4322//4322
f 4296//4296 4298//4298 4300//4300
f 4284//4284 4286//4286 4288//4288
f 4390//4390 4314//4314 4316//4316
f 4393//4393 4392//4392 4282//4282
f 4282//4282 4392//4392 4391//4391
f 4282//4282 4391//4391 4280//4280
f 4280//4280 4391//4391 4278//4278
f 4294//4294 4296//4296 4453//4453
f 4453//4453 4296//4296 4300//4300
f 4453//4453 4300//4300 4454//4454
f 4454//4454 4300//4300 4389//4389
f 4300//4300 4302//4302 4389//4389
f 4389//4389 4302//4302 4304//4304
f 4389//4389 4304//4304 4306//4306
f 4447//4447 4448//4448 4435//4435
f 4316//4316 4273//4273 4390//4390
f 4390//4390 4273//4273 4272//4272
f 4390//4390 4272//4272 4391//4391
f 4391//4391 4272//4272 4276//4276
f 4391//4391 4276//4276 4278//4278
f 4083//4083 4081//4081 4433//4433
f 4306//4306 4308//4308 4389//4389
f 4389//4389 4308//4308 4310//4310
f 4389//4389 4310//4310 4390//4390
f 4390//4390 4310//4310 4312//4312
f 4390//4390 4312//4312 4314//4314
f 4282//4282 4284//4284 4393//4393
f 4393//4393 4284//4284 4288//4288
f 4393//4393 4288//4288 4394//4394
f 4394//4394 4288//4288 4290//4290
f 4394//4394 4290//4290 4292//4292
f 4450//4450 4449//4449 4081//4081
f 4450//4450 4396//4396 4451//4451
f 4451//4451 4396//4396 4395//4395
f 4451//4451 4395//4395 4452//4452
f 4452//4452 4395//4395 4394//4394
f 4452//4452 4394//4394 4453//4453
f 4453//4453 4394//4394 4292//4292
f 4453//4453 4292//4292 4294//4294
f 4433//4433 4081//4081 4435//4435
f 4435//4435 4081//4081 4449//4449
f 4435//4435 4449//4449 4447//4447
f 4396//4396 4073//4073 4397//4397
f 4397//4397 4073//4073 4455//4455
f 4397//4397 4455//4455 4398//4398
f 4432//4432 4456//4456 4433//4433
f 4433//4433 4456//4456 4085//4085
f 4433//4433 4085//4085 4083//4083
f 4081//4081 4079//4079 4450//4450
f 4450//4450 4079//4079 4077//4077
f 4450//4450 4077//4077 4396//4396
f 4396//4396 4077//4077 4075//4075
f 4396//4396 4075//4075 4073//4073
f 4432//4432 4430//4430 4457//4457
f 4413//4413 4458//4458 4412//4412
f 4412//4412 4458//4458 4459//4459
f 4412//4412 4459//4459 4414//4414
f 4414//4414 4459//4459 4460//4460
f 4414//4414 4460//4460 4416//4416
f 4268//4268 4270//4270 4406//4406
f 4410//4410 4409//4409 4238//4238
f 4238//4238 4409//4409 4236//4236
f 4405//4405 4264//4264 4406//4406
f 4406//4406 4264//4264 4266//4266
f 4406//4406 4266//4266 4268//4268
f 4258//4258 4260//4260 4405//4405
f 4405//4405 4260//4260 4262//4262
f 4405//4405 4262//4262 4264//4264
f 4270//4270 4227//4227 4406//4406
f 4406//4406 4227//4227 4226//4226
f 4406//4406 4226//4226 4407//4407
f 4407//4407 4226//4226 4230//4230
f 4407//4407 4230//4230 4232//4232
f 4409//4409 4408//4408 4236//4236
f 4236//4236 4408//4408 4407//4407
f 4236//4236 4407//4407 4234//4234
f 4234//4234 4407//4407 4232//4232
f 4401//4401 4254//4254 4405//4405
f 4405//4405 4254//4254 4256//4256
f 4405//4405 4256//4256 4258//4258
f 4238//4238 4240//4240 4242//4242
f 4399//4399 4244//4244 4246//4246
f 4455//4455 4458//4458 4398//4398
f 4398//4398 4458//4458 4413//4413
f 4398//4398 4413//4413 4400//4400
f 4400//4400 4413//4413 4411//4411
f 4400//4400 4411//4411 4399//4399
f 4411//4411 4410//4410 4399//4399
f 4399//4399 4410//4410 4238//4238
f 4399//4399 4238//4238 4244//4244
f 4244//4244 4238//4238 4242//4242
f 4246//4246 4248//4248 4399//4399
f 4399//4399 4248//4248 4250//4250
f 4399//4399 4250//4250 4401//4401
f 4401//4401 4250//4250 4252//4252
f 4401//4401 4252//4252 4254//4254
f 4404//4404 4403//4403 4405//4405
f 4405//4405 4403//4403 4402//4402
f 4405//4405 4402//4402 4401//4401
f 4224//4224 4419//4419 4418//4418
f 4423//4423 4192//4192 4194//4194
f 4427//4427 4206//4206 4428//4428
f 4428//4428 4206//4206 4208//4208
f 4428//4428 4208//4208 4429//4429
f 4202//4202 4204//4204 4424//4424
f 4224//4224 4180//4180 4422//4422
f 4422//4422 4180//4180 4182//4182
f 4422//4422 4182//4182 4184//4184
f 4417//4417 4415//4415 4457//4457
f 4457//4457 4415//4415 4416//4416
f 4457//4457 4416//4416 4432//4432
f 4432//4432 4416//4416 4460//4460
f 4432//4432 4460//4460 4456//4456
f 4208//4208 4210//4210 4212//4212
f 4417//4417 4214//4214 4216//4216
f 4430//4430 4431//4431 4457//4457
f 4457//4457 4431//4431 4429//4429
f 4457//4457 4429//4429 4417//4417
f 4417//4417 4429//4429 4208//4208
f 4417//4417 4208//4208 4214//4214
f 4214//4214 4208//4208 4212//4212
f 4216//4216 4218//4218 4417//4417
f 4417//4417 4218//4218 4220//4220
f 4417//4417 4220//4220 4418//4418
f 4418//4418 4220//4220 4222//4222
f 4418//4418 4222//4222 4224//4224
f 4184//4184 4186//4186 4422//4422
f 4422//4422 4186//4186 4188//4188
f 4422//4422 4188//4188 4423//4423
f 4423//4423 4188//4188 4190//4190
f 4423//4423 4190//4190 4192//4192
f 4194//4194 4196//4196 4423//4423
f 4423//4423 4196//4196 4198//4198
f 4423//4423 4198//4198 4424//4424
f 4424//4424 4198//4198 4200//4200
f 4424//4424 4200//4200 4202//4202
f 4224//4224 4422//4422 4419//4419
f 4419//4419 4422//4422 4421//4421
f 4419//4419 4421//4421 4420//4420
f 4204//4204 4206//4206 4424//4424
f 4424//4424 4206//4206 4427//4427
f 4424//4424 4427//4427 4425//4425
f 4425//4425 4427//4427 4426//4426
f 4446//4446 4445//4445 4436//4436
f 4138//4138 4445//4445 4134//4134
f 4134//4134 4445//4445 4444//4444
f 4134//4134 4444//4444 4135//4135
f 4440//4440 4166//4166 4168//4168
f 4154//4154 4156//4156 4439//4439
f 4439//4439 4156//4156 4158//4158
f 4135//4135 4441//4441 4178//4178
f 4178//4178 4441//4441 4176//4176
f 4446//4446 4436//4436 4448//4448
f 4448//4448 4436//4436 4434//4434
f 4448//4448 4434//4434 4435//4435
f 4154//4154 4439//4439 4152//4152
f 4152//4152 4439//4439 4438//4438
f 4152//4152 4438//4438 4437//4437
f 4158//4158 4160//4160 4439//4439
f 4439//4439 4160//4160 4162//4162
f 4439//4439 4162//4162 4440//4440
f 4440//4440 4162//4162 4164//4164
f 4440//4440 4164//4164 4166//4166
f 4144//4144 4436//4436 4142//4142
f 4142//4142 4436//4436 4445//4445
f 4142//4142 4445//4445 4140//4140
f 4140//4140 4445//4445 4138//4138
f 4144//4144 4146//4146 4436//4436
f 4436//4436 4146//4146 4148//4148
f 4436//4436 4148//4148 4437//4437
f 4437//4437 4148//4148 4150//4150
f 4437//4437 4150//4150 4152//4152
f 4168//4168 4170//4170 4440//4440
f 4440//4440 4170//4170 4172//4172
f 4440//4440 4172//4172 4441//4441
f 4441//4441 4172//4172 4174//4174
f 4441//4441 4174//4174 4176//4176
f 4135//4135 4444//4444 4441//4441
f 4441//4441 4444//4444 4443//4443
f 4441//4441 4443//4443 4442//4442
f 4101//4101 4117//4117 4099//4099
f 4099//4099 4117//4117 4118//4118
f 4099//4099 4118//4118 4097//4097
f 4097//4097 4118//4118 4120//4120
f 4097//4097 4120//4120 4095//4095
f 4095//4095 4120//4120 4122//4122
f 4095//4095 4122//4122 4093//4093
f 4093//4093 4122//4122 4124//4124
f 4093//4093 4124//4124 4091//4091
f 4091//4091 4124//4124 4126//4126
f 4091//4091 4126//4126 4090//4090
f 4090//4090 4126//4126 4128//4128
f 4115//4115 4116//4116 4119//4119
f 4119//4119 4116//4116 4345//4345
f 4119//4119 4345//4345 4121//4121
f 4121//4121 4345//4345 4339//4339
f 4121//4121 4339//4339 4123//4123
f 4123//4123 4339//4339 4338//4338
f 4123//4123 4338//4338 4125//4125
f 4125//4125 4338//4338 4333//4333
f 4125//4125 4333//4333 4127//4127
f 4127//4127 4333//4333 4332//4332
f 4127//4127 4332//4332 4103//4103
f 4103//4103 4332//4332 4104//4104
f 4084//4084 4085//4085 4092//4092
f 4092//4092 4085//4085 4456//4456
f 4092//4092 4456//4456 4094//4094
f 4094//4094 4456//4456 4460//4460
f 4094//4094 4460//4460 4096//4096
f 4096//4096 4460//4460 4459//4459
f 4096//4096 4459//4459 4098//4098
f 4098//4098 4459//4459 4458//4458
f 4098//4098 4458//4458 4100//4100
f 4100//4100 4458//4458 4455//4455
f 4100//4100 4455//4455 4072//4072
f 4072//4072 4455//4455 4073//4073
f 4461//4461 4462//4462 4463//4463
f 4463//4463 4462//4462 4464//4464
f 4465//4465 4466//4466 4467//4467
f 4467//4467 4466//4466 4440//4440
f 4440//4440 4466//4466 4463//4463
f 4463//4463 4466//4466 4461//4461
f 4466//4466 4465//4465 4461//4461
f 4461//4461 4465//4465 4462//4462
f 4465//4465 4467//4467 4462//4462
f 4462//4462 4467//4467 4464//4464
f 4467//4467 4440//4440 4464//4464
f 4464//4464 4440//4440 4463//4463
f 4468//4468 4469//4469 4470//4470
f 4470//4470 4469//4469 4471//4471
f 4470//4470 4471//4471 4472//4472
f 4472//4472 4471//4471 4473//4473
f 4472//4472 4473//4473 4474//4474
f 4474//4474 4473//4473 4475//4475
f 4474//4474 4475//4475 4476//4476
f 4476//4476 4475//4475 4477//4477
f 4476//4476 4477//4477 4478//4478
f 4478//4478 4477//4477 4479//4479
f 4478//4478 4479//4479 4480//4480
f 4480//4480 4479//4479 4481//4481
f 4482//4482 4472//4472 4483//4483
f 4483//4483 4472//4472 4474//4474
f 4483//4483 4474//4474 4484//4484
f 4484//4484 4474//4474 4476//4476
f 4484//4484 4476//4476 4485//4485
f 4485//4485 4476//4476 4478//4478
f 4485//4485 4478//4478 4486//4486
f 4486//4486 4478//4478 4480//4480
f 4486//4486 4480//4480 4487//4487
f 4487//4487 4480//4480 4488//4488
f 4487//4487 4488//4488 4489//4489
f 4489//4489 4488//4488 4490//4490
f 4489//4489 4490//4490 4491//4491
f 4491//4491 4490//4490 4492//4492
f 4491//4491 4492//4492 4493//4493
f 4493//4493 4492//4492 4494//4494
f 4493//4493 4494//4494 4495//4495
f 4495//4495 4494//4494 4496//4496
f 4495//4495 4496//4496 4497//4497
f 4497//4497 4496//4496 4468//4468
f 4497//4497 4468//4468 4498//4498
f 4498//4498 4468//4468 4470//4470
f 4498//4498 4470//4470 4482//4482
f 4482//4482 4470//4470 4472//4472
f 4499//4499 4500//4500 4501//4501
f 4501//4501 4500//4500 4502//4502
f 4501//4501 4502//4502 4503//4503
f 4503//4503 4502//4502 4504//4504
f 4503//4503 4504//4504 4505//4505
f 4505//4505 4504//4504 4506//4506
f 4505//4505 4506//4506 4507//4507
f 4507//4507 4506//4506 4508//4508
f 4507//4507 4508//4508 4509//4509
f 4509//4509 4508//4508 4510//4510
f 4509//4509 4510//4510 4511//4511
f 4511//4511 4510//4510 4512//4512
f 4513//4513 4511//4511 4514//4514
f 4514//4514 4511//4511 4515//4515
f 4514//4514 4515//4515 4516//4516
f 4516//4516 4515//4515 4517//4517
f 4516//4516 4517//4517 4518//4518
f 4518//4518 4517//4517 4519//4519
f 4518//4518 4519//4519 4520//4520
f 4520//4520 4519//4519 4521//4521
f 4520//4520 4521//4521 4522//4522
f 4522//4522 4521//4521 4523//4523
f 4522//4522 4523//4523 4524//4524
f 4524//4524 4523//4523 4499//4499
f 4524//4524 4499//4499 4525//4525
f 4525//4525 4499//4499 4501//4501
f 4525//4525 4501//4501 4526//4526
f 4526//4526 4501//4501 4503//4503
f 4526//4526 4503//4503 4527//4527
f 4527//4527 4503//4503 4505//4505
f 4527//4527 4505//4505 4528//4528
f 4528//4528 4505//4505 4507//4507
f 4528//4528 4507//4507 4529//4529
f 4529//4529 4507//4507 4509//4509
f 4529//4529 4509//4509 4513//4513
f 4513//4513 4509//4509 4511//4511
f 4530//4530 4531//4531 4532//4532
f 4532//4532 4531//4531 4533//4533
f 4534//4534 4530//4530 4535//4535
f 4535//4535 4530//4530 4532//4532
f 4536//4536 4534//4534 4537//4537
f 4537//4537 4534//4534 4535//4535
f 4536//4536 4537//4537 4538//4538
f 4538//4538 4537//4537 4539//4539
f 4538//4538 4539//4539 4540//4540
f 4540//4540 4539//4539 4541//4541
f 4540//4540 4541//4541 4542//4542
f 4542//4542 4541//4541 4543//4543
f 4542//4542 4543//4543 4544//4544
f 4544//4544 4543//4543 4545//4545
f 4546//4546 4544//4544 4547//4547
f 4547//4547 4544//4544 4545//4545
f 4548//4548 4546//4546 4549//4549
f 4549//4549 4546//4546 4547//4547
f 4550//4550 4548//4548 4551//4551
f 4551//4551 4548//4548 4549//4549
f 4550//4550 4551//4551 4552//4552
f 4552//4552 4551//4551 4553//4553
f 4552//4552 4553//4553 4554//4554
f 4554//4554 4553//4553 4555//4555
f 4554//4554 4555//4555 4556//4556
f 4556//4556 4555//4555 4557//4557
f 4556//4556 4557//4557 4558//4558
f 4558//4558 4557//4557 4559//4559
f 4560//4560 4558//4558 4561//4561
f 4561//4561 4558//4558 4559//4559
f 4560//4560 4561//4561 4562//4562
f 4562//4562 4561//4561 4563//4563
f 4562//4562 4563//4563 4564//4564
f 4564//4564 4563//4563 4565//4565
f 4564//4564 4565//4565 4566//4566
f 4566//4566 4565//4565 4567//4567
f 4568//4568 4566//4566 4569//4569
f 4569//4569 4566//4566 4567//4567
f 4568//4568 4569//4569 4570//4570
f 4570//4570 4569//4569 4571//4571
f 4570//4570 4571//4571 4572//4572
f 4572//4572 4571//4571 4573//4573
f 4572//4572 4573//4573 4574//4574
f 4574//4574 4573//4573 4575//4575
f 4574//4574 4575//4575 4531//4531
f 4531//4531 4575//4575 4533//4533
f 4576//4576 4577//4577 4578//4578
f 4578//4578 4577//4577 4579//4579
f 4578//4578 4579//4579 4580//4580
f 4580//4580 4579//4579 4581//4581
f 4580//4580 4581//4581 4582//4582
f 4582//4582 4581//4581 4583//4583
f 4582//4582 4583//4583 4584//4584
f 4584//4584 4583//4583 4585//4585
f 4586//4586 4584//4584 4587//4587
f 4587//4587 4584//4584 4585//4585
f 4586//4586 4587//4587 4588//4588
f 4588//4588 4587//4587 4589//4589
f 4588//4588 4589//4589 4590//4590
f 4590//4590 4589//4589 4591//4591
f 4590//4590 4591//4591 4592//4592
f 4592//4592 4591//4591 4593//4593
f 4594//4594 4592//4592 4595//4595
f 4595//4595 4592//4592 4593//4593
f 4594//4594 4595//4595 4596//4596
f 4596//4596 4595//4595 4597//4597
f 4596//4596 4597//4597 4598//4598
f 4598//4598 4597//4597 4599//4599
f 4598//4598 4599//4599 4600//4600
f 4600//4600 4599//4599 4601//4601
f 4600//4600 4601//4601 4602//4602
f 4602//4602 4601//4601 4603//4603
f 4604//4604 4602//4602 4605//4605
f 4605//4605 4602//4602 4603//4603
f 4606//4606 4604//4604 4607//4607
f 4607//4607 4604//4604 4605//4605
f 4608//4608 4606//4606 4609//4609
f 4609//4609 4606//4606 4607//4607
f 4608//4608 4609//4609 4610//4610
f 4610//4610 4609//4609 4611//4611
f 4610//4610 4611//4611 4612//4612
f 4612//4612 4611//4611 4613//4613
f 4612//4612 4613//4613 4614//4614
f 4614//4614 4613//4613 4615//4615
f 4614//4614 4615//4615 4616//4616
f 4616//4616 4615//4615 4617//4617
f 4618//4618 4616//4616 4619//4619
f 4619//4619 4616//4616 4617//4617
f 4620//4620 4618//4618 4621//4621
f 4621//4621 4618//4618 4619//4619
f 4576//4576 4620//4620 4577//4577
f 4577//4577 4620//4620 4621//4621
f 4486//4486 4524//4524 4485//4485
f 4485//4485 4524//4524 4525//4525
f 4485//4485 4525//4525 4484//4484
f 4484//4484 4525//4525 4526//4526
f 4484//4484 4526//4526 4483//4483
f 4483//4483 4526//4526 4527//4527
f 4483//4483 4527//4527 4482//4482
f 4482//4482 4527//4527 4528//4528
f 4482//4482 4528//4528 4498//4498
f 4498//4498 4528//4528 4529//4529
f 4498//4498 4529//4529 4497//4497
f 4497//4497 4529//4529 4513//4513
f 4622//4622 4623//4623 4624//4624
f 4624//4624 4623//4623 4625//4625
f 4622//4622 4624//4624 4626//4626
f 4626//4626 4624//4624 4627//4627
f 4626//4626 4627//4627 4628//4628
f 4628//4628 4627//4627 4629//4629
f 4628//4628 4629//4629 4630//4630
f 4630//4630 4629//4629 4631//4631
f 4630//4630 4631//4631 4632//4632
f 4632//4632 4631//4631 4633//4633
f 4634//4634 4632//4632 4635//4635
f 4635//4635 4632//4632 4633//4633
f 4636//4636 4634//4634 4637//4637
f 4637//4637 4634//4634 4635//4635
f 4638//4638 4636//4636 4639//4639
f 4639//4639 4636//4636 4637//4637
f 4638//4638 4639//4639 4640//4640
f 4640//4640 4639//4639 4641//4641
f 4640//4640 4641//4641 4642//4642
f 4642//4642 4641//4641 4643//4643
f 4642//4642 4643//4643 4644//4644
f 4644//4644 4643//4643 4645//4645
f 4644//4644 4645//4645 4646//4646
f 4646//4646 4645//4645 4647//4647
f 4648//4648 4646//4646 4649//4649
f 4649//4649 4646//4646 4647//4647
f 4650//4650 4648//4648 4651//4651
f 4651//4651 4648//4648 4649//4649
f 4652//4652 4650//4650 4653//4653
f 4653//4653 4650//4650 4651//4651
f 4652//4652 4653//4653 4654//4654
f 4654//4654 4653//4653 4655//4655
f 4654//4654 4655//4655 4656//4656
f 4656//4656 4655//4655 4657//4657
f 4656//4656 4657//4657 4658//4658
f 4658//4658 4657//4657 4659//4659
f 4658//4658 4659//4659 4660//4660
f 4660//4660 4659//4659 4661//4661
f 4662//4662 4660//4660 4663//4663
f 4663//4663 4660//4660 4661//4661
f 4662//4662 4663//4663 4664//4664
f 4664//4664 4663//4663 4665//4665
f 4664//4664 4665//4665 4666//4666
f 4666//4666 4665//4665 4667//4667
f 4666//4666 4667//4667 4623//4623
f 4623//4623 4667//4667 4625//4625
f 4668//4668 4669//4669 4670//4670
f 4670//4670 4669//4669 4671//4671
f 4668//4668 4670//4670 4672//4672
f 4672//4672 4670//4670 4673//4673
f 4672//4672 4673//4673 4674//4674
f 4674//4674 4673//4673 4675//4675
f 4674//4674 4675//4675 4676//4676
f 4676//4676 4675//4675 4677//4677
f 4676//4676 4677//4677 4678//4678
f 4678//4678 4677//4677 4679//4679
f 4680//4680 4678//4678 4681//4681
f 4681//4681 4678//4678 4679//4679
f 4682//4682 4680//4680 4683//4683
f 4683//4683 4680//4680 4681//4681
f 4684//4684 4682//4682 4685//4685
f 4685//4685 4682//4682 4683//4683
f 4684//4684 4685//4685 4686//4686
f 4686//4686 4685//4685 4687//4687
f 4686//4686 4687//4687 4688//4688
f 4688//4688 4687//4687 4689//4689
f 4688//4688 4689//4689 4690//4690
f 4690//4690 4689//4689 4691//4691
f 4690//4690 4691//4691 4692//4692
f 4692//4692 4691//4691 4693//4693
f 4694//4694 4692//4692 4695//4695
f 4695//4695 4692//4692 4693//4693
f 4696//4696 4694//4694 4697//4697
f 4697//4697 4694//4694 4695//4695
f 4698//4698 4696//4696 4699//4699
f 4699//4699 4696//4696 4697//4697
f 4698//4698 4699//4699 4700//4700
f 4700//4700 4699//4699 4701//4701
f 4700//4700 4701//4701 4702//4702
f 4702//4702 4701//4701 4703//4703
f 4702//4702 4703//4703 4704//4704
f 4704//4704 4703//4703 4705//4705
f 4704//4704 4705//4705 4706//4706
f 4706//4706 4705//4705 4707//4707
f 4708//4708 4706//4706 4709//4709
f 4709//4709 4706//4706 4707//4707
f 4708//4708 4709//4709 4710//4710
f 4710//4710 4709//4709 4711//4711
f 4710//4710 4711//4711 4712//4712
f 4712//4712 4711//4711 4713//4713
f 4712//4712 4713//4713 4669//4669
f 4669//4669 4713//4713 4671//4671
f 4714//4714 4715//4715 4716//4716
f 4685//4685 4683//4683 4681//4681
f 4717//4717 4713//4713 4711//4711
f 4718//4718 4719//4719 4697//4697
f 4697//4697 4719//4719 4720//4720
f 4681//4681 4679//4679 4721//4721
f 4721//4721 4679//4679 4677//4677
f 4721//4721 4677//4677 4675//4675
f 4675//4675 4673//4673 4721//4721
f 4721//4721 4673//4673 4670//4670
f 4721//4721 4670//4670 4717//4717
f 4717//4717 4670//4670 4671//4671
f 4717//4717 4671//4671 4713//4713
f 4703//4703 4701//4701 4720//4720
f 4720//4720 4701//4701 4699//4699
f 4720//4720 4699//4699 4697//4697
f 4508//4508 4722//4722 4723//4723
f 4685//4685 4681//4681 4687//4687
f 4687//4687 4681//4681 4724//4724
f 4687//4687 4724//4724 4689//4689
f 4711//4711 4709//4709 4717//4717
f 4717//4717 4709//4709 4707//4707
f 4717//4717 4707//4707 4720//4720
f 4720//4720 4707//4707 4705//4705
f 4720//4720 4705//4705 4703//4703
f 4512//4512 4510//4510 4725//4725
f 4508//4508 4506//4506 4722//4722
f 4722//4722 4506//4506 4504//4504
f 4722//4722 4504//4504 4726//4726
f 4697//4697 4695//4695 4718//4718
f 4718//4718 4695//4695 4693//4693
f 4718//4718 4693//4693 4724//4724
f 4724//4724 4693//4693 4691//4691
f 4724//4724 4691//4691 4689//4689
f 4721//4721 4727//4727 4681//4681
f 4681//4681 4727//4727 4728//4728
f 4681//4681 4728//4728 4724//4724
f 4724//4724 4728//4728 4729//4729
f 4724//4724 4729//4729 4730//4730
f 4731//4731 4502//4502 4732//4732
f 4732//4732 4502//4502 4500//4500
f 4732//4732 4500//4500 4733//4733
f 4733//4733 4500//4500 4734//4734
f 4733//4733 4734//4734 4735//4735
f 4729//4729 4736//4736 4730//4730
f 4730//4730 4736//4736 4725//4725
f 4730//4730 4725//4725 4723//4723
f 4723//4723 4725//4725 4510//4510
f 4723//4723 4510//4510 4508//4508
f 4737//4737 4735//4735 4738//4738
f 4735//4735 4734//4734 4738//4738
f 4738//4738 4734//4734 4739//4739
f 4738//4738 4739//4739 4740//4740
f 4739//4739 4741//4741 4740//4740
f 4740//4740 4741//4741 4742//4742
f 4740//4740 4742//4742 4743//4743
f 4742//4742 4744//4744 4745//4745
f 4512//4512 4725//4725 4744//4744
f 4744//4744 4725//4725 4746//4746
f 4744//4744 4746//4746 4745//4745
f 4565//4565 4563//4563 4747//4747
f 4748//4748 4551//4551 4549//4549
f 4748//4748 4749//4749 4551//4551
f 4551//4551 4749//4749 4750//4750
f 4551//4551 4750//4750 4553//4553
f 4553//4553 4750//4750 4555//4555
f 4563//4563 4561//4561 4747//4747
f 4747//4747 4561//4561 4559//4559
f 4747//4747 4559//4559 4750//4750
f 4750//4750 4559//4559 4557//4557
f 4750//4750 4557//4557 4555//4555
f 4532//4532 4533//4533 4751//4751
f 4751//4751 4533//4533 4575//4575
f 4751//4751 4575//4575 4573//4573
f 4573//4573 4571//4571 4751//4751
f 4751//4751 4571//4571 4569//4569
f 4751//4751 4569//4569 4747//4747
f 4747//4747 4569//4569 4567//4567
f 4747//4747 4567//4567 4565//4565
f 4549//4549 4547//4547 4748//4748
f 4748//4748 4547//4547 4545//4545
f 4748//4748 4545//4545 4752//4752
f 4752//4752 4545//4545 4543//4543
f 4543//4543 4541//4541 4752//4752
f 4752//4752 4541//4541 4539//4539
f 4752//4752 4539//4539 4532//4532
f 4532//4532 4539//4539 4537//4537
f 4532//4532 4537//4537 4535//4535
f 4753//4753 4754//4754 4751//4751
f 4751//4751 4754//4754 4755//4755
f 4751//4751 4755//4755 4532//4532
f 4532//4532 4755//4755 4756//4756
f 4532//4532 4756//4756 4752//4752
f 4752//4752 4756//4756 4757//4757
f 4752//4752 4757//4757 4758//4758
f 4758//4758 4757//4757 4759//4759
f 4758//4758 4759//4759 4731//4731
f 4731//4731 4759//4759 4726//4726
f 4731//4731 4726//4726 4502//4502
f 4502//4502 4726//4726 4504//4504
f 4760//4760 4591//4591 4589//4589
f 4761//4761 4595//4595 4760//4760
f 4760//4760 4595//4595 4593//4593
f 4760//4760 4593//4593 4591//4591
f 4738//4738 4762//4762 4737//4737
f 4737//4737 4762//4762 4763//4763
f 4737//4737 4763//4763 4764//4764
f 4603//4603 4601//4601 4761//4761
f 4581//4581 4579//4579 4765//4765
f 4765//4765 4579//4579 4577//4577
f 4603//4603 4761//4761 4605//4605
f 4601//4601 4599//4599 4761//4761
f 4761//4761 4599//4599 4597//4597
f 4761//4761 4597//4597 4595//4595
f 4589//4589 4587//4587 4760//4760
f 4760//4760 4587//4587 4585//4585
f 4760//4760 4585//4585 4765//4765
f 4765//4765 4585//4585 4583//4583
f 4765//4765 4583//4583 4581//4581
f 4607//4607 4766//4766 4609//4609
f 4609//4609 4766//4766 4767//4767
f 4609//4609 4767//4767 4611//4611
f 4619//4619 4617//4617 4621//4621
f 4621//4621 4617//4617 4615//4615
f 4621//4621 4615//4615 4767//4767
f 4767//4767 4615//4615 4613//4613
f 4767//4767 4613//4613 4611//4611
f 4607//4607 4605//4605 4766//4766
f 4766//4766 4605//4605 4761//4761
f 4766//4766 4761//4761 4768//4768
f 4768//4768 4761//4761 4769//4769
f 4768//4768 4769//4769 4770//4770
f 4716//4716 4765//4765 4714//4714
f 4714//4714 4765//4765 4577//4577
f 4714//4714 4577//4577 4771//4771
f 4771//4771 4577//4577 4621//4621
f 4771//4771 4621//4621 4764//4764
f 4764//4764 4621//4621 4767//4767
f 4764//4764 4767//4767 4737//4737
f 4737//4737 4767//4767 4772//4772
f 4737//4737 4772//4772 4735//4735
f 4635//4635 4773//4773 4774//4774
f 4667//4667 4665//4665 4775//4775
f 4645//4645 4643//4643 4776//4776
f 4742//4742 4745//4745 4743//4743
f 4743//4743 4745//4745 4777//4777
f 4743//4743 4777//4777 4778//4778
f 4631//4631 4629//4629 4779//4779
f 4657//4657 4655//4655 4780//4780
f 4780//4780 4655//4655 4653//4653
f 4778//4778 4777//4777 4776//4776
f 4776//4776 4777//4777 4781//4781
f 4776//4776 4781//4781 4782//4782
f 4649//4649 4647//4647 4651//4651
f 4651//4651 4647//4647 4645//4645
f 4773//4773 4635//4635 4779//4779
f 4779//4779 4635//4635 4633//4633
f 4779//4779 4633//4633 4631//4631
f 4643//4643 4641//4641 4776//4776
f 4776//4776 4641//4641 4639//4639
f 4776//4776 4639//4639 4774//4774
f 4774//4774 4639//4639 4637//4637
f 4774//4774 4637//4637 4635//4635
f 4629//4629 4627//4627 4779//4779
f 4779//4779 4627//4627 4624//4624
f 4779//4779 4624//4624 4775//4775
f 4775//4775 4624//4624 4625//4625
f 4775//4775 4625//4625 4667//4667
f 4665//4665 4663//4663 4775//4775
f 4775//4775 4663//4663 4661//4661
f 4775//4775 4661//4661 4780//4780
f 4780//4780 4661//4661 4659//4659
f 4780//4780 4659//4659 4657//4657
f 4645//4645 4776//4776 4651//4651
f 4651//4651 4776//4776 4782//4782
f 4651//4651 4782//4782 4653//4653
f 4653//4653 4782//4782 4783//4783
f 4653//4653 4783//4783 4780//4780
f 4780//4780 4783//4783 4784//4784
f 4780//4780 4784//4784 4785//4785
f 4786//4786 4787//4787 4788//4788
f 4696//4696 4789//4789 4790//4790
f 4710//4710 4712//4712 4791//4791
f 4792//4792 4793//4793 4469//4469
f 4680//4680 4682//4682 4684//4684
f 4790//4790 4794//4794 4688//4688
f 4688//4688 4794//4794 4686//4686
f 4795//4795 4796//4796 4797//4797
f 4798//4798 4678//4678 4680//4680
f 4798//4798 4799//4799 4678//4678
f 4678//4678 4799//4799 4800//4800
f 4678//4678 4800//4800 4676//4676
f 4676//4676 4800//4800 4674//4674
f 4694//4694 4696//4696 4692//4692
f 4692//4692 4696//4696 4790//4790
f 4692//4692 4790//4790 4690//4690
f 4690//4690 4790//4790 4688//4688
f 4684//4684 4686//4686 4680//4680
f 4680//4680 4686//4686 4794//4794
f 4680//4680 4794//4794 4798//4798
f 4798//4798 4794//4794 4801//4801
f 4712//4712 4669//4669 4791//4791
f 4791//4791 4669//4669 4668//4668
f 4791//4791 4668//4668 4800//4800
f 4800//4800 4668//4668 4672//4672
f 4800//4800 4672//4672 4674//4674
f 4802//4802 4700//4700 4702//4702
f 4789//4789 4696//4696 4802//4802
f 4802//4802 4696//4696 4698//4698
f 4802//4802 4698//4698 4700//4700
f 4702//4702 4704//4704 4802//4802
f 4802//4802 4704//4704 4706//4706
f 4802//4802 4706//4706 4791//4791
f 4791//4791 4706//4706 4708//4708
f 4791//4791 4708//4708 4710//4710
f 4801//4801 4794//4794 4793//4793
f 4793//4793 4794//4794 4803//4803
f 4793//4793 4803//4803 4804//4804
f 4805//4805 4806//4806 4807//4807
f 4804//4804 4475//4475 4473//4473
f 4805//4805 4807//4807 4808//4808
f 4808//4808 4807//4807 4481//4481
f 4808//4808 4481//4481 4479//4479
f 4792//4792 4469//4469 4809//4809
f 4809//4809 4469//4469 4810//4810
f 4809//4809 4810//4810 4811//4811
f 4804//4804 4473//4473 4793//4793
f 4793//4793 4473//4473 4471//4471
f 4793//4793 4471//4471 4469//4469
f 4795//4795 4797//4797 4812//4812
f 4475//4475 4804//4804 4477//4477
f 4477//4477 4804//4804 4812//4812
f 4477//4477 4812//4812 4479//4479
f 4479//4479 4812//4812 4797//4797
f 4479//4479 4797//4797 4808//4808
f 4813//4813 4814//4814 4815//4815
f 4815//4815 4814//4814 4816//4816
f 4815//4815 4816//4816 4817//4817
f 4817//4817 4816//4816 4806//4806
f 4817//4817 4806//4806 4786//4786
f 4786//4786 4806//4806 4805//4805
f 4786//4786 4805//4805 4787//4787
f 4787//4787 4805//4805 4818//4818
f 4787//4787 4818//4818 4819//4819
f 4646//4646 4648//4648 4650//4650
f 4664//4664 4666//4666 4820//4820
f 4821//4821 4632//4632 4634//4634
f 4821//4821 4822//4822 4632//4632
f 4632//4632 4822//4822 4823//4823
f 4632//4632 4823//4823 4630//4630
f 4630//4630 4823//4823 4628//4628
f 4824//4824 4654//4654 4656//4656
f 4646//4646 4650//4650 4644//4644
f 4644//4644 4650//4650 4825//4825
f 4644//4644 4825//4825 4642//4642
f 4666//4666 4623//4623 4820//4820
f 4820//4820 4623//4623 4622//4622
f 4820//4820 4622//4622 4823//4823
f 4823//4823 4622//4622 4626//4626
f 4823//4823 4626//4626 4628//4628
f 4810//4810 4814//4814 4811//4811
f 4811//4811 4814//4814 4813//4813
f 4811//4811 4813//4813 4826//4826
f 4826//4826 4813//4813 4827//4827
f 4826//4826 4827//4827 4828//4828
f 4828//4828 4827//4827 4825//4825
f 4828//4828 4825//4825 4829//4829
f 4829//4829 4825//4825 4650//4650
f 4829//4829 4650//4650 4824//4824
f 4824//4824 4650//4650 4652//4652
f 4824//4824 4652//4652 4654//4654
f 4656//4656 4658//4658 4824//4824
f 4824//4824 4658//4658 4660//4660
f 4824//4824 4660//4660 4820//4820
f 4820//4820 4660//4660 4662//4662
f 4820//4820 4662//4662 4664//4664
f 4634//4634 4636//4636 4821//4821
f 4821//4821 4636//4636 4638//4638
f 4821//4821 4638//4638 4825//4825
f 4825//4825 4638//4638 4640//4640
f 4825//4825 4640//4640 4642//4642
f 4830//4830 4831//4831 4824//4824
f 4824//4824 4831//4831 4832//4832
f 4824//4824 4832//4832 4829//4829
f 4620//4620 4833//4833 4834//4834
f 4588//4588 4590//4590 4835//4835
f 4598//4598 4600//4600 4836//4836
f 4610//4610 4612//4612 4837//4837
f 4838//4838 4602//4602 4839//4839
f 4839//4839 4602//4602 4604//4604
f 4604//4604 4606//4606 4608//4608
f 4819//4819 4840//4840 4787//4787
f 4787//4787 4840//4840 4837//4837
f 4787//4787 4837//4837 4788//4788
f 4840//4840 4839//4839 4837//4837
f 4837//4837 4839//4839 4604//4604
f 4837//4837 4604//4604 4610//4610
f 4610//4610 4604//4604 4608//4608
f 4620//4620 4576//4576 4841//4841
f 4841//4841 4576//4576 4578//4578
f 4841//4841 4578//4578 4580//4580
f 4612//4612 4614//4614 4837//4837
f 4837//4837 4614//4614 4616//4616
f 4837//4837 4616//4616 4834//4834
f 4834//4834 4616//4616 4618//4618
f 4834//4834 4618//4618 4620//4620
f 4580//4580 4582//4582 4841//4841
f 4841//4841 4582//4582 4584//4584
f 4841//4841 4584//4584 4835//4835
f 4835//4835 4584//4584 4586//4586
f 4835//4835 4586//4586 4588//4588
f 4590//4590 4592//4592 4835//4835
f 4835//4835 4592//4592 4594//4594
f 4835//4835 4594//4594 4836//4836
f 4836//4836 4594//4594 4596//4596
f 4836//4836 4596//4596 4598//4598
f 4620//4620 4841//4841 4833//4833
f 4833//4833 4841//4841 4842//4842
f 4833//4833 4842//4842 4843//4843
f 4600//4600 4602//4602 4836//4836
f 4836//4836 4602//4602 4838//4838
f 4836//4836 4838//4838 4844//4844
f 4844//4844 4838//4838 4845//4845
f 4846//4846 4847//4847 4848//4848
f 4534//4534 4847//4847 4530//4530
f 4530//4530 4847//4847 4849//4849
f 4530//4530 4849//4849 4531//4531
f 4850//4850 4562//4562 4564//4564
f 4550//4550 4552//4552 4851//4851
f 4851//4851 4552//4552 4554//4554
f 4846//4846 4848//4848 4796//4796
f 4796//4796 4848//4848 4852//4852
f 4796//4796 4852//4852 4797//4797
f 4550//4550 4851//4851 4548//4548
f 4548//4548 4851//4851 4853//4853
f 4548//4548 4853//4853 4854//4854
f 4554//4554 4556//4556 4851//4851
f 4851//4851 4556//4556 4558//4558
f 4851//4851 4558//4558 4850//4850
f 4850//4850 4558//4558 4560//4560
f 4850//4850 4560//4560 4562//4562
f 4531//4531 4855//4855 4574//4574
f 4574//4574 4855//4855 4572//4572
f 4540//4540 4848//4848 4538//4538
f 4538//4538 4848//4848 4847//4847
f 4538//4538 4847//4847 4536//4536
f 4536//4536 4847//4847 4534//4534
f 4540//4540 4542//4542 4848//4848
f 4848//4848 4542//4542 4544//4544
f 4848//4848 4544//4544 4854//4854
f 4854//4854 4544//4544 4546//4546
f 4854//4854 4546//4546 4548//4548
f 4564//4564 4566//4566 4850//4850
f 4850//4850 4566//4566 4568//4568
f 4850//4850 4568//4568 4855//4855
f 4855//4855 4568//4568 4570//4570
f 4855//4855 4570//4570 4572//4572
f 4531//4531 4849//4849 4855//4855
f 4855//4855 4849//4849 4856//4856
f 4855//4855 4856//4856 4857//4857
f 4802//4802 4791//4791 4720//4720
f 4720//4720 4791//4791 4717//4717
f 4791//4791 4800//4800 4717//4717
f 4717//4717 4800//4800 4721//4721
f 4800//4800 4799//4799 4721//4721
f 4721//4721 4799//4799 4727//4727
f 4799//4799 4798//4798 4727//4727
f 4727//4727 4798//4798 4728//4728
f 4798//4798 4801//4801 4728//4728
f 4728//4728 4801//4801 4729//4729
f 4801//4801 4793//4793 4729//4729
f 4729//4729 4793//4793 4736//4736
f 4793//4793 4792//4792 4736//4736
f 4736//4736 4792//4792 4725//4725
f 4792//4792 4809//4809 4725//4725
f 4725//4725 4809//4809 4746//4746
f 4809//4809 4811//4811 4746//4746
f 4746//4746 4811//4811 4745//4745
f 4828//4828 4781//4781 4826//4826
f 4826//4826 4781//4781 4777//4777
f 4826//4826 4777//4777 4811//4811
f 4811//4811 4777//4777 4745//4745
f 4828//4828 4829//4829 4781//4781
f 4781//4781 4829//4829 4782//4782
f 4782//4782 4829//4829 4783//4783
f 4783//4783 4829//4829 4832//4832
f 4783//4783 4832//4832 4784//4784
f 4784//4784 4832//4832 4831//4831
f 4831//4831 4830//4830 4784//4784
f 4784//4784 4830//4830 4785//4785
f 4785//4785 4830//4830 4780//4780
f 4780//4780 4830//4830 4824//4824
f 4780//4780 4824//4824 4775//4775
f 4775//4775 4824//4824 4820//4820
f 4820//4820 4823//4823 4775//4775
f 4775//4775 4823//4823 4779//4779
f 4823//4823 4822//4822 4779//4779
f 4779//4779 4822//4822 4773//4773
f 4822//4822 4821//4821 4773//4773
f 4773//4773 4821//4821 4774//4774
f 4821//4821 4825//4825 4774//4774
f 4774//4774 4825//4825 4776//4776
f 4825//4825 4827//4827 4776//4776
f 4776//4776 4827//4827 4778//4778
f 4815//4815 4740//4740 4813//4813
f 4813//4813 4740//4740 4743//4743
f 4813//4813 4743//4743 4827//4827
f 4827//4827 4743//4743 4778//4778
f 4815//4815 4817//4817 4740//4740
f 4740//4740 4817//4817 4738//4738
f 4788//4788 4762//4762 4786//4786
f 4786//4786 4762//4762 4738//4738
f 4786//4786 4738//4738 4817//4817
f 4762//4762 4788//4788 4763//4763
f 4763//4763 4788//4788 4837//4837
f 4763//4763 4837//4837 4764//4764
f 4837//4837 4834//4834 4764//4764
f 4764//4764 4834//4834 4771//4771
f 4771//4771 4834//4834 4714//4714
f 4714//4714 4834//4834 4833//4833
f 4714//4714 4833//4833 4715//4715
f 4715//4715 4833//4833 4843//4843
f 4843//4843 4842//4842 4715//4715
f 4715//4715 4842//4842 4716//4716
f 4716//4716 4842//4842 4765//4765
f 4765//4765 4842//4842 4841//4841
f 4765//4765 4841//4841 4760//4760
f 4760//4760 4841//4841 4835//4835
f 4760//4760 4835//4835 4761//4761
f 4761//4761 4835//4835 4836//4836
f 4761//4761 4836//4836 4769//4769
f 4769//4769 4836//4836 4844//4844
f 4844//4844 4845//4845 4769//4769
f 4769//4769 4845//4845 4770//4770
f 4770//4770 4845//4845 4768//4768
f 4768//4768 4845//4845 4838//4838
f 4768//4768 4838//4838 4766//4766
f 4766//4766 4838//4838 4839//4839
f 4839//4839 4840//4840 4766//4766
f 4766//4766 4840//4840 4767//4767
f 4818//4818 4772//4772 4819//4819
f 4819//4819 4772//4772 4767//4767
f 4819//4819 4767//4767 4840//4840
f 4772//4772 4818//4818 4735//4735
f 4735//4735 4818//4818 4805//4805
f 4735//4735 4805//4805 4733//4733
f 4805//4805 4808//4808 4733//4733
f 4733//4733 4808//4808 4732//4732
f 4852//4852 4758//4758 4797//4797
f 4797//4797 4758//4758 4731//4731
f 4797//4797 4731//4731 4808//4808
f 4808//4808 4731//4731 4732//4732
f 4852//4852 4848//4848 4758//4758
f 4758//4758 4848//4848 4752//4752
f 4848//4848 4854//4854 4752//4752
f 4752//4752 4854//4854 4748//4748
f 4854//4854 4853//4853 4748//4748
f 4748//4748 4853//4853 4749//4749
f 4853//4853 4851//4851 4749//4749
f 4749//4749 4851//4851 4750//4750
f 4851//4851 4850//4850 4750//4750
f 4750//4750 4850//4850 4747//4747
f 4747//4747 4850//4850 4751//4751
f 4751//4751 4850//4850 4855//4855
f 4751//4751 4855//4855 4753//4753
f 4753//4753 4855//4855 4857//4857
f 4857//4857 4856//4856 4753//4753
f 4753//4753 4856//4856 4754//4754
f 4754//4754 4856//4856 4755//4755
f 4755//4755 4856//4856 4849//4849
f 4755//4755 4849//4849 4756//4756
f 4756//4756 4849//4849 4847//4847
f 4847//4847 4846//4846 4756//4756
f 4756//4756 4846//4846 4757//4757
f 4795//4795 4726//4726 4796//4796
f 4796//4796 4726//4726 4759//4759
f 4796//4796 4759//4759 4846//4846
f 4846//4846 4759//4759 4757//4757
f 4795//4795 4812//4812 4726//4726
f 4726//4726 4812//4812 4722//4722
f 4812//4812 4804//4804 4722//4722
f 4722//4722 4804//4804 4723//4723
f 4804//4804 4803//4803 4723//4723
f 4723//4723 4803//4803 4730//4730
f 4803//4803 4794//4794 4730//4730
f 4730//4730 4794//4794 4724//4724
f 4794//4794 4790//4790 4724//4724
f 4724//4724 4790//4790 4718//4718
f 4790//4790 4789//4789 4718//4718
f 4718//4718 4789//4789 4719//4719
f 4789//4789 4802//4802 4719//4719
f 4719//4719 4802//4802 4720//4720
f 4497//4497 4513//4513 4495//4495
f 4495//4495 4513//4513 4514//4514
f 4495//4495 4514//4514 4493//4493
f 4493//4493 4514//4514 4516//4516
f 4493//4493 4516//4516 4491//4491
f 4491//4491 4516//4516 4518//4518
f 4491//4491 4518//4518 4489//4489
f 4489//4489 4518//4518 4520//4520
f 4489//4489 4520//4520 4487//4487
f 4487//4487 4520//4520 4522//4522
f 4487//4487 4522//4522 4486//4486
f 4486//4486 4522//4522 4524//4524
f 4511//4511 4512//4512 4515//4515
f 4515//4515 4512//4512 4744//4744
f 4515//4515 4744//4744 4517//4517
f 4517//4517 4744//4744 4742//4742
f 4517//4517 4742//4742 4519//4519
f 4519//4519 4742//4742 4741//4741
f 4519//4519 4741//4741 4521//4521
f 4521//4521 4741//4741 4739//4739
f 4521//4521 4739//4739 4523//4523
f 4523//4523 4739//4739 4734//4734
f 4523//4523 4734//4734 4499//4499
f 4499//4499 4734//4734 4500//4500
f 4480//4480 4481//4481 4488//4488
f 4488//4488 4481//4481 4807//4807
f 4488//4488 4807//4807 4490//4490
f 4490//4490 4807//4807 4806//4806
f 4490//4490 4806//4806 4492//4492
f 4492//4492 4806//4806 4816//4816
f 4492//4492 4816//4816 4494//4494
f 4494//4494 4816//4816 4814//4814
f 4494//4494 4814//4814 4496//4496
f 4496//4496 4814//4814 4810//4810
f 4496//4496 4810//4810 4468//4468
f 4468//4468 4810//4810 4469//4469
f 4858//4858 4859//4859 4860//4860
f 4860//4860 4859//4859 4861//4861
f 4862//4862 4863//4863 4864//4864
f 4864//4864 4863//4863 4865//4865
f 4865//4865 4863//4863 4860//4860
f 4860//4860 4863//4863 4858//4858
f 4863//4863 4862//4862 4858//4858
f 4858//4858 4862//4862 4859//4859
f 4862//4862 4864//4864 4859//4859
f 4859//4859 4864//4864 4861//4861
f 4864//4864 4865//4865 4861//4861
f 4861//4861 4865//4865 4860//4860
f 4866//4866 4867//4867 4868//4868
f 4868//4868 4867//4867 4869//4869
f 4870//4870 4871//4871 4872//4872
f 4872//4872 4871//4871 4873//4873
f 4873//4873 4871//4871 4868//4868
f 4868//4868 4871//4871 4866//4866
f 4871//4871 4870//4870 4866//4866
f 4866//4866 4870//4870 4867//4867
f 4870//4870 4872//4872 4867//4867
f 4867//4867 4872//4872 4869//4869
f 4872//4872 4873//4873 4869//4869
f 4869//4869 4873//4873 4868//4868
# 9916 faces, 0 coords texture

# End of File
